
C:/Yaaqoob/Projects_WD/pcVitals/src_pico/build/src_pico.elf:     file format elf32-littlearm

Sections:
Idx Name          Size      VMA       LMA       File off  Algn
  0 .boot2        00000100  10000000  10000000  00001000  2**0
                  CONTENTS, ALLOC, LOAD, READONLY, CODE
  1 .text         000066e8  10000100  10000100  00001100  2**3
                  CONTENTS, ALLOC, LOAD, READONLY, CODE
  2 .rodata       0000120c  100067e8  100067e8  000077e8  2**3
                  CONTENTS, ALLOC, LOAD, READONLY, DATA
  3 .binary_info  00000024  100079f4  100079f4  000089f4  2**2
                  CONTENTS, ALLOC, LOAD, READONLY, DATA
  4 .xip_ram      00000000  15000000  15000000  00009cc0  2**0
                  CONTENTS
  5 .ram_vector_table 000000c0  20000000  20000000  0000a000  2**2
                  ALLOC
  6 .uninitialized_data 00000000  200000c0  200000c0  00009cc0  2**0
                  CONTENTS
  7 .data         00000c00  200000c0  10007a18  000090c0  2**4
                  CONTENTS, ALLOC, LOAD, READONLY, CODE
  8 .tdata        00000000  20000cc0  20000cc0  00009cc0  2**0
                  CONTENTS, ALLOC, LOAD, DATA, THREAD_LOCAL
  9 .tbss         00000000  20000cc0  20000cc0  00000000  2**0
                  ALLOC, THREAD_LOCAL
 10 .tbss_space   00000000  20000cc0  20000cc0  00009cc0  2**0
                  CONTENTS
 11 .bss          00000c14  20000cc0  10008618  00009cc0  2**3
                  ALLOC
 12 .tls0         00000000  200018d4  200018d4  00009cc0  2**0
                  CONTENTS
 13 .tls1         00000000  200018d4  200018d4  00009cc0  2**0
                  CONTENTS
 14 .persistent_data 00000000  200018d4  200018d4  00009cc0  2**0
                  CONTENTS
 15 .dummy_pre_heap 00000000  200018d4  200018d4  00009cc0  2**0
                  CONTENTS
 16 .heap         00000800  200018d4  200018d4  0000a000  2**2
                  ALLOC, READONLY
 17 .scratch_x    00000000  20040000  20040000  00009cc0  2**0
                  CONTENTS
 18 .scratch_y    00000000  20041000  20041000  00009cc0  2**0
                  CONTENTS
 19 .stack_dummy  00000800  20041000  20041000  0000a000  2**5
                  ALLOC, READONLY
 20 .debug_info   00029ed2  00000000  00000000  00009cc0  2**0
                  CONTENTS, READONLY, DEBUGGING, OCTETS
 21 .debug_abbrev 00007ef8  00000000  00000000  00033b92  2**0
                  CONTENTS, READONLY, DEBUGGING, OCTETS
 22 .debug_aranges 000017e8  00000000  00000000  0003ba90  2**3
                  CONTENTS, READONLY, DEBUGGING, OCTETS
 23 .debug_rnglists 00001a89  00000000  00000000  0003d278  2**0
                  CONTENTS, READONLY, DEBUGGING, OCTETS
 24 .debug_line   0001ad6c  00000000  00000000  0003ed01  2**0
                  CONTENTS, READONLY, DEBUGGING, OCTETS
 25 .debug_str    000089fc  00000000  00000000  00059a6d  2**0
                  CONTENTS, READONLY, DEBUGGING, OCTETS
 26 .comment      00000045  00000000  00000000  00062469  2**0
                  CONTENTS, READONLY
 27 .ARM.attributes 0000002a  00000000  00000000  000624ae  2**0
                  CONTENTS, READONLY
 28 .debug_frame  000031d0  00000000  00000000  000624d8  2**2
                  CONTENTS, READONLY, DEBUGGING, OCTETS
 29 .debug_loclists 000114ec  00000000  00000000  000656a8  2**0
                  CONTENTS, READONLY, DEBUGGING, OCTETS
 30 .debug_line_str 00000364  00000000  00000000  00076b94  2**0
                  CONTENTS, READONLY, DEBUGGING, OCTETS

C:/Yaaqoob/Projects_WD/pcVitals/src_pico/build/src_pico.elf:     file format elf32-littlearm


Disassembly of section .boot2:

10000000 <__boot2_start__>:
10000000:	4b32b500 	.word	0x4b32b500
10000004:	60582021 	.word	0x60582021
10000008:	21026898 	.word	0x21026898
1000000c:	60984388 	.word	0x60984388
10000010:	611860d8 	.word	0x611860d8
10000014:	4b2e6158 	.word	0x4b2e6158
10000018:	60992100 	.word	0x60992100
1000001c:	61592102 	.word	0x61592102
10000020:	22f02101 	.word	0x22f02101
10000024:	492b5099 	.word	0x492b5099
10000028:	21016019 	.word	0x21016019
1000002c:	20356099 	.word	0x20356099
10000030:	f844f000 	.word	0xf844f000
10000034:	42902202 	.word	0x42902202
10000038:	2106d014 	.word	0x2106d014
1000003c:	f0006619 	.word	0xf0006619
10000040:	6e19f834 	.word	0x6e19f834
10000044:	66192101 	.word	0x66192101
10000048:	66182000 	.word	0x66182000
1000004c:	f000661a 	.word	0xf000661a
10000050:	6e19f82c 	.word	0x6e19f82c
10000054:	6e196e19 	.word	0x6e196e19
10000058:	f0002005 	.word	0xf0002005
1000005c:	2101f82f 	.word	0x2101f82f
10000060:	d1f94208 	.word	0xd1f94208
10000064:	60992100 	.word	0x60992100
10000068:	6019491b 	.word	0x6019491b
1000006c:	60592100 	.word	0x60592100
10000070:	481b491a 	.word	0x481b491a
10000074:	21016001 	.word	0x21016001
10000078:	21eb6099 	.word	0x21eb6099
1000007c:	21a06619 	.word	0x21a06619
10000080:	f0006619 	.word	0xf0006619
10000084:	2100f812 	.word	0x2100f812
10000088:	49166099 	.word	0x49166099
1000008c:	60014814 	.word	0x60014814
10000090:	60992101 	.word	0x60992101
10000094:	2800bc01 	.word	0x2800bc01
10000098:	4700d000 	.word	0x4700d000
1000009c:	49134812 	.word	0x49134812
100000a0:	c8036008 	.word	0xc8036008
100000a4:	8808f380 	.word	0x8808f380
100000a8:	b5034708 	.word	0xb5034708
100000ac:	20046a99 	.word	0x20046a99
100000b0:	d0fb4201 	.word	0xd0fb4201
100000b4:	42012001 	.word	0x42012001
100000b8:	bd03d1f8 	.word	0xbd03d1f8
100000bc:	6618b502 	.word	0x6618b502
100000c0:	f7ff6618 	.word	0xf7ff6618
100000c4:	6e18fff2 	.word	0x6e18fff2
100000c8:	bd026e18 	.word	0xbd026e18
100000cc:	40020000 	.word	0x40020000
100000d0:	18000000 	.word	0x18000000
100000d4:	00070000 	.word	0x00070000
100000d8:	005f0300 	.word	0x005f0300
100000dc:	00002221 	.word	0x00002221
100000e0:	180000f4 	.word	0x180000f4
100000e4:	a0002022 	.word	0xa0002022
100000e8:	10000100 	.word	0x10000100
100000ec:	e000ed08 	.word	0xe000ed08
	...
100000fc:	7a4eb274 	.word	0x7a4eb274

Disassembly of section .text:

10000100 <__VECTOR_TABLE>:
10000100:	20042000 	.word	0x20042000
10000104:	100001f7 	.word	0x100001f7
10000108:	100001cb 	.word	0x100001cb
1000010c:	100001cd 	.word	0x100001cd
10000110:	100001c9 	.word	0x100001c9
10000114:	100001c9 	.word	0x100001c9
10000118:	100001c9 	.word	0x100001c9
1000011c:	100001c9 	.word	0x100001c9
10000120:	100001c9 	.word	0x100001c9
10000124:	100001c9 	.word	0x100001c9
10000128:	100001c9 	.word	0x100001c9
1000012c:	100001cf 	.word	0x100001cf
10000130:	100001c9 	.word	0x100001c9
10000134:	100001c9 	.word	0x100001c9
10000138:	100001d1 	.word	0x100001d1
1000013c:	100001d3 	.word	0x100001d3
10000140:	100001c1 	.word	0x100001c1
10000144:	100001c1 	.word	0x100001c1
10000148:	100001c1 	.word	0x100001c1
1000014c:	100001c1 	.word	0x100001c1
10000150:	100001c1 	.word	0x100001c1
10000154:	100001c1 	.word	0x100001c1
10000158:	100001c1 	.word	0x100001c1
1000015c:	100001c1 	.word	0x100001c1
10000160:	100001c1 	.word	0x100001c1
10000164:	100001c1 	.word	0x100001c1
10000168:	100001c1 	.word	0x100001c1
1000016c:	100001c1 	.word	0x100001c1
10000170:	100001c1 	.word	0x100001c1
10000174:	100001c1 	.word	0x100001c1
10000178:	100001c1 	.word	0x100001c1
1000017c:	100001c1 	.word	0x100001c1
10000180:	100001c1 	.word	0x100001c1
10000184:	100001c1 	.word	0x100001c1
10000188:	100001c1 	.word	0x100001c1
1000018c:	100001c1 	.word	0x100001c1
10000190:	100001c1 	.word	0x100001c1
10000194:	100001c1 	.word	0x100001c1
10000198:	100001c1 	.word	0x100001c1
1000019c:	100001c1 	.word	0x100001c1
100001a0:	100001c1 	.word	0x100001c1
100001a4:	100001c1 	.word	0x100001c1
100001a8:	100001c1 	.word	0x100001c1
100001ac:	100001c1 	.word	0x100001c1
100001b0:	100001c1 	.word	0x100001c1
100001b4:	100001c1 	.word	0x100001c1
100001b8:	100001c1 	.word	0x100001c1
100001bc:	100001c1 	.word	0x100001c1

100001c0 <__unhandled_user_irq>:
100001c0:	f3ef 8005 	mrs	r0, IPSR
100001c4:	3810      	subs	r0, #16

100001c6 <unhandled_user_irq_num_in_r0>:
100001c6:	be00      	bkpt	0x0000

100001c8 <isr_invalid>:
100001c8:	be00      	bkpt	0x0000

100001ca <isr_nmi>:
100001ca:	be00      	bkpt	0x0000

100001cc <isr_hardfault>:
100001cc:	be00      	bkpt	0x0000

100001ce <isr_svcall>:
100001ce:	be00      	bkpt	0x0000

100001d0 <isr_pendsv>:
100001d0:	be00      	bkpt	0x0000

100001d2 <isr_systick>:
100001d2:	be00      	bkpt	0x0000

100001d4 <__default_isrs_end>:
100001d4:	7188ebf2 	.word	0x7188ebf2
100001d8:	100079f4 	.word	0x100079f4
100001dc:	10007a18 	.word	0x10007a18
100001e0:	10000238 	.word	0x10000238
100001e4:	e71aa390 	.word	0xe71aa390

100001e8 <_entry_point>:
100001e8:	2000      	movs	r0, #0

100001ea <_enter_vtable_in_r0>:
100001ea:	491e      	ldr	r1, [pc, #120]	@ (10000264 <data_cpy_table+0x2c>)
100001ec:	6008      	str	r0, [r1, #0]
100001ee:	c806      	ldmia	r0!, {r1, r2}
100001f0:	f381 8808 	msr	MSP, r1
100001f4:	4710      	bx	r2

100001f6 <_reset_handler>:
100001f6:	481c      	ldr	r0, [pc, #112]	@ (10000268 <data_cpy_table+0x30>)
100001f8:	6800      	ldr	r0, [r0, #0]
100001fa:	2800      	cmp	r0, #0
100001fc:	d001      	beq.n	10000202 <hold_non_core0_in_bootrom+0x4>

100001fe <hold_non_core0_in_bootrom>:
100001fe:	2000      	movs	r0, #0
10000200:	e7f3      	b.n	100001ea <_enter_vtable_in_r0>
10000202:	a40d      	add	r4, pc, #52	@ (adr r4, 10000238 <data_cpy_table>)
10000204:	cc0e      	ldmia	r4!, {r1, r2, r3}
10000206:	2900      	cmp	r1, #0
10000208:	d002      	beq.n	10000210 <hold_non_core0_in_bootrom+0x12>
1000020a:	f000 f812 	bl	10000232 <data_cpy>
1000020e:	e7f9      	b.n	10000204 <hold_non_core0_in_bootrom+0x6>
10000210:	4916      	ldr	r1, [pc, #88]	@ (1000026c <data_cpy_table+0x34>)
10000212:	4a17      	ldr	r2, [pc, #92]	@ (10000270 <data_cpy_table+0x38>)
10000214:	2000      	movs	r0, #0
10000216:	e000      	b.n	1000021a <bss_fill_test>

10000218 <bss_fill_loop>:
10000218:	c101      	stmia	r1!, {r0}

1000021a <bss_fill_test>:
1000021a:	4291      	cmp	r1, r2
1000021c:	d1fc      	bne.n	10000218 <bss_fill_loop>

1000021e <platform_entry>:
1000021e:	4915      	ldr	r1, [pc, #84]	@ (10000274 <data_cpy_table+0x3c>)
10000220:	4788      	blx	r1
10000222:	4915      	ldr	r1, [pc, #84]	@ (10000278 <data_cpy_table+0x40>)
10000224:	4788      	blx	r1
10000226:	4915      	ldr	r1, [pc, #84]	@ (1000027c <data_cpy_table+0x44>)
10000228:	4788      	blx	r1
1000022a:	be00      	bkpt	0x0000
1000022c:	e7fd      	b.n	1000022a <platform_entry+0xc>

1000022e <data_cpy_loop>:
1000022e:	c901      	ldmia	r1!, {r0}
10000230:	c201      	stmia	r2!, {r0}

10000232 <data_cpy>:
10000232:	429a      	cmp	r2, r3
10000234:	d3fb      	bcc.n	1000022e <data_cpy_loop>

10000236 <data_cpy_done>:
10000236:	4770      	bx	lr

10000238 <data_cpy_table>:
10000238:	10007a18 	.word	0x10007a18
1000023c:	200000c0 	.word	0x200000c0
10000240:	20000cc0 	.word	0x20000cc0
10000244:	10008618 	.word	0x10008618
10000248:	20040000 	.word	0x20040000
1000024c:	20040000 	.word	0x20040000
10000250:	10008618 	.word	0x10008618
10000254:	20041000 	.word	0x20041000
10000258:	20041000 	.word	0x20041000
1000025c:	00000000 	.word	0x00000000
10000260:	4770      	bx	lr
10000262:	0000      	.short	0x0000
10000264:	e000ed08 	.word	0xe000ed08
10000268:	d0000000 	.word	0xd0000000
1000026c:	20000cc0 	.word	0x20000cc0
10000270:	200018d4 	.word	0x200018d4
10000274:	10003b85 	.word	0x10003b85
10000278:	10000281 	.word	0x10000281
1000027c:	10003b47 	.word	0x10003b47

10000280 <main>:
10000280:	b570      	push	{r4, r5, r6, lr}
10000282:	f003 fd9b 	bl	10003dbc <stdio_init_all>
10000286:	f000 f907 	bl	10000498 <lcd_init>
1000028a:	f000 f8fd 	bl	10000488 <lcd_clear>
1000028e:	2100      	movs	r1, #0
10000290:	2000      	movs	r0, #0
10000292:	f000 f93c 	bl	1000050e <lcd_set_cursor>
10000296:	482e      	ldr	r0, [pc, #184]	@ (10000350 <main+0xd0>)
10000298:	f000 f951 	bl	1000053e <lcd_print>
1000029c:	2100      	movs	r1, #0
1000029e:	2001      	movs	r0, #1
100002a0:	f000 f935 	bl	1000050e <lcd_set_cursor>
100002a4:	482b      	ldr	r0, [pc, #172]	@ (10000354 <main+0xd4>)
100002a6:	f000 f94a 	bl	1000053e <lcd_print>
100002aa:	24fa      	movs	r4, #250	@ 0xfa
100002ac:	00e4      	lsls	r4, r4, #3
100002ae:	0020      	movs	r0, r4
100002b0:	f001 f852 	bl	10001358 <sleep_ms>
100002b4:	f000 f8e8 	bl	10000488 <lcd_clear>
100002b8:	2100      	movs	r1, #0
100002ba:	2000      	movs	r0, #0
100002bc:	f000 f927 	bl	1000050e <lcd_set_cursor>
100002c0:	4825      	ldr	r0, [pc, #148]	@ (10000358 <main+0xd8>)
100002c2:	f000 f93c 	bl	1000053e <lcd_print>
100002c6:	2100      	movs	r1, #0
100002c8:	2001      	movs	r0, #1
100002ca:	f000 f920 	bl	1000050e <lcd_set_cursor>
100002ce:	4823      	ldr	r0, [pc, #140]	@ (1000035c <main+0xdc>)
100002d0:	f000 f935 	bl	1000053e <lcd_print>
100002d4:	0020      	movs	r0, r4
100002d6:	f001 f83f 	bl	10001358 <sleep_ms>
100002da:	f000 f8d5 	bl	10000488 <lcd_clear>
100002de:	2100      	movs	r1, #0
100002e0:	2000      	movs	r0, #0
100002e2:	f000 f914 	bl	1000050e <lcd_set_cursor>
100002e6:	4d1e      	ldr	r5, [pc, #120]	@ (10000360 <main+0xe0>)
100002e8:	0028      	movs	r0, r5
100002ea:	f000 f928 	bl	1000053e <lcd_print>
100002ee:	2100      	movs	r1, #0
100002f0:	2001      	movs	r0, #1
100002f2:	f000 f90c 	bl	1000050e <lcd_set_cursor>
100002f6:	481b      	ldr	r0, [pc, #108]	@ (10000364 <main+0xe4>)
100002f8:	f000 f921 	bl	1000053e <lcd_print>
100002fc:	0020      	movs	r0, r4
100002fe:	f001 f82b 	bl	10001358 <sleep_ms>
10000302:	f000 f8c1 	bl	10000488 <lcd_clear>
10000306:	2100      	movs	r1, #0
10000308:	2000      	movs	r0, #0
1000030a:	f000 f900 	bl	1000050e <lcd_set_cursor>
1000030e:	0028      	movs	r0, r5
10000310:	f000 f915 	bl	1000053e <lcd_print>
10000314:	2100      	movs	r1, #0
10000316:	2001      	movs	r0, #1
10000318:	f000 f8f9 	bl	1000050e <lcd_set_cursor>
1000031c:	4812      	ldr	r0, [pc, #72]	@ (10000368 <main+0xe8>)
1000031e:	f000 f90e 	bl	1000053e <lcd_print>
10000322:	0020      	movs	r0, r4
10000324:	f001 f818 	bl	10001358 <sleep_ms>
10000328:	f000 f8ae 	bl	10000488 <lcd_clear>
1000032c:	2100      	movs	r1, #0
1000032e:	2000      	movs	r0, #0
10000330:	f000 f8ed 	bl	1000050e <lcd_set_cursor>
10000334:	480d      	ldr	r0, [pc, #52]	@ (1000036c <main+0xec>)
10000336:	f000 f902 	bl	1000053e <lcd_print>
1000033a:	2100      	movs	r1, #0
1000033c:	2001      	movs	r0, #1
1000033e:	f000 f8e6 	bl	1000050e <lcd_set_cursor>
10000342:	480b      	ldr	r0, [pc, #44]	@ (10000370 <main+0xf0>)
10000344:	f000 f8fb 	bl	1000053e <lcd_print>
10000348:	0020      	movs	r0, r4
1000034a:	f001 f805 	bl	10001358 <sleep_ms>
1000034e:	e79c      	b.n	1000028a <main+0xa>
10000350:	100067e8 	.word	0x100067e8
10000354:	100067fc 	.word	0x100067fc
10000358:	10006810 	.word	0x10006810
1000035c:	10006824 	.word	0x10006824
10000360:	10006838 	.word	0x10006838
10000364:	10006848 	.word	0x10006848
10000368:	1000685c 	.word	0x1000685c
1000036c:	1000686c 	.word	0x1000686c
10000370:	1000687c 	.word	0x1000687c

10000374 <lcd_pulse_enable>:
10000374:	b570      	push	{r4, r5, r6, lr}
10000376:	24d0      	movs	r4, #208	@ 0xd0
10000378:	0624      	lsls	r4, r4, #24
1000037a:	2580      	movs	r5, #128	@ 0x80
1000037c:	006d      	lsls	r5, r5, #1
1000037e:	6165      	str	r5, [r4, #20]
10000380:	2001      	movs	r0, #1
10000382:	2100      	movs	r1, #0
10000384:	f000 ffd2 	bl	1000132c <sleep_us>
10000388:	61a5      	str	r5, [r4, #24]
1000038a:	2064      	movs	r0, #100	@ 0x64
1000038c:	2100      	movs	r1, #0
1000038e:	f000 ffcd 	bl	1000132c <sleep_us>
10000392:	bd70      	pop	{r4, r5, r6, pc}

10000394 <lcd_write_nibble>:
10000394:	b510      	push	{r4, lr}
10000396:	07c3      	lsls	r3, r0, #31
10000398:	d51c      	bpl.n	100003d4 <lcd_write_nibble+0x40>
1000039a:	23d0      	movs	r3, #208	@ 0xd0
1000039c:	061b      	lsls	r3, r3, #24
1000039e:	2280      	movs	r2, #128	@ 0x80
100003a0:	00d2      	lsls	r2, r2, #3
100003a2:	615a      	str	r2, [r3, #20]
100003a4:	0783      	lsls	r3, r0, #30
100003a6:	d51b      	bpl.n	100003e0 <lcd_write_nibble+0x4c>
100003a8:	23d0      	movs	r3, #208	@ 0xd0
100003aa:	061b      	lsls	r3, r3, #24
100003ac:	2280      	movs	r2, #128	@ 0x80
100003ae:	0112      	lsls	r2, r2, #4
100003b0:	615a      	str	r2, [r3, #20]
100003b2:	0743      	lsls	r3, r0, #29
100003b4:	d51a      	bpl.n	100003ec <lcd_write_nibble+0x58>
100003b6:	23d0      	movs	r3, #208	@ 0xd0
100003b8:	061b      	lsls	r3, r3, #24
100003ba:	2280      	movs	r2, #128	@ 0x80
100003bc:	0152      	lsls	r2, r2, #5
100003be:	615a      	str	r2, [r3, #20]
100003c0:	0700      	lsls	r0, r0, #28
100003c2:	d519      	bpl.n	100003f8 <lcd_write_nibble+0x64>
100003c4:	23d0      	movs	r3, #208	@ 0xd0
100003c6:	061b      	lsls	r3, r3, #24
100003c8:	2280      	movs	r2, #128	@ 0x80
100003ca:	0192      	lsls	r2, r2, #6
100003cc:	615a      	str	r2, [r3, #20]
100003ce:	f7ff ffd1 	bl	10000374 <lcd_pulse_enable>
100003d2:	bd10      	pop	{r4, pc}
100003d4:	23d0      	movs	r3, #208	@ 0xd0
100003d6:	061b      	lsls	r3, r3, #24
100003d8:	2280      	movs	r2, #128	@ 0x80
100003da:	00d2      	lsls	r2, r2, #3
100003dc:	619a      	str	r2, [r3, #24]
100003de:	e7e1      	b.n	100003a4 <lcd_write_nibble+0x10>
100003e0:	23d0      	movs	r3, #208	@ 0xd0
100003e2:	061b      	lsls	r3, r3, #24
100003e4:	2280      	movs	r2, #128	@ 0x80
100003e6:	0112      	lsls	r2, r2, #4
100003e8:	619a      	str	r2, [r3, #24]
100003ea:	e7e2      	b.n	100003b2 <lcd_write_nibble+0x1e>
100003ec:	23d0      	movs	r3, #208	@ 0xd0
100003ee:	061b      	lsls	r3, r3, #24
100003f0:	2280      	movs	r2, #128	@ 0x80
100003f2:	0152      	lsls	r2, r2, #5
100003f4:	619a      	str	r2, [r3, #24]
100003f6:	e7e3      	b.n	100003c0 <lcd_write_nibble+0x2c>
100003f8:	23d0      	movs	r3, #208	@ 0xd0
100003fa:	061b      	lsls	r3, r3, #24
100003fc:	2280      	movs	r2, #128	@ 0x80
100003fe:	0192      	lsls	r2, r2, #6
10000400:	619a      	str	r2, [r3, #24]
10000402:	e7e4      	b.n	100003ce <lcd_write_nibble+0x3a>

10000404 <lcd_send_byte>:
10000404:	b510      	push	{r4, lr}
10000406:	0004      	movs	r4, r0
10000408:	2900      	cmp	r1, #0
1000040a:	d010      	beq.n	1000042e <lcd_send_byte+0x2a>
1000040c:	23d0      	movs	r3, #208	@ 0xd0
1000040e:	061b      	lsls	r3, r3, #24
10000410:	2280      	movs	r2, #128	@ 0x80
10000412:	0092      	lsls	r2, r2, #2
10000414:	615a      	str	r2, [r3, #20]
10000416:	0920      	lsrs	r0, r4, #4
10000418:	f7ff ffbc 	bl	10000394 <lcd_write_nibble>
1000041c:	200f      	movs	r0, #15
1000041e:	4020      	ands	r0, r4
10000420:	f7ff ffb8 	bl	10000394 <lcd_write_nibble>
10000424:	2032      	movs	r0, #50	@ 0x32
10000426:	2100      	movs	r1, #0
10000428:	f000 ff80 	bl	1000132c <sleep_us>
1000042c:	bd10      	pop	{r4, pc}
1000042e:	23d0      	movs	r3, #208	@ 0xd0
10000430:	061b      	lsls	r3, r3, #24
10000432:	2280      	movs	r2, #128	@ 0x80
10000434:	0092      	lsls	r2, r2, #2
10000436:	619a      	str	r2, [r3, #24]
10000438:	e7ed      	b.n	10000416 <lcd_send_byte+0x12>

1000043a <lcd_command>:
1000043a:	b510      	push	{r4, lr}
1000043c:	2100      	movs	r1, #0
1000043e:	f7ff ffe1 	bl	10000404 <lcd_send_byte>
10000442:	bd10      	pop	{r4, pc}

10000444 <lcd_data>:
10000444:	b510      	push	{r4, lr}
10000446:	2101      	movs	r1, #1
10000448:	f7ff ffdc 	bl	10000404 <lcd_send_byte>
1000044c:	bd10      	pop	{r4, pc}

1000044e <set_to_4_bit_mode>:
1000044e:	b510      	push	{r4, lr}
10000450:	2003      	movs	r0, #3
10000452:	f7ff ff9f 	bl	10000394 <lcd_write_nibble>
10000456:	2005      	movs	r0, #5
10000458:	f000 ff7e 	bl	10001358 <sleep_ms>
1000045c:	2003      	movs	r0, #3
1000045e:	f7ff ff99 	bl	10000394 <lcd_write_nibble>
10000462:	2096      	movs	r0, #150	@ 0x96
10000464:	2100      	movs	r1, #0
10000466:	f000 ff61 	bl	1000132c <sleep_us>
1000046a:	2003      	movs	r0, #3
1000046c:	f7ff ff92 	bl	10000394 <lcd_write_nibble>
10000470:	2096      	movs	r0, #150	@ 0x96
10000472:	2100      	movs	r1, #0
10000474:	f000 ff5a 	bl	1000132c <sleep_us>
10000478:	2002      	movs	r0, #2
1000047a:	f7ff ff8b 	bl	10000394 <lcd_write_nibble>
1000047e:	2096      	movs	r0, #150	@ 0x96
10000480:	2100      	movs	r1, #0
10000482:	f000 ff53 	bl	1000132c <sleep_us>
10000486:	bd10      	pop	{r4, pc}

10000488 <lcd_clear>:
10000488:	b510      	push	{r4, lr}
1000048a:	2001      	movs	r0, #1
1000048c:	f7ff ffd5 	bl	1000043a <lcd_command>
10000490:	2002      	movs	r0, #2
10000492:	f000 ff61 	bl	10001358 <sleep_ms>
10000496:	bd10      	pop	{r4, pc}

10000498 <lcd_init>:
10000498:	b510      	push	{r4, lr}
1000049a:	2009      	movs	r0, #9
1000049c:	f000 f874 	bl	10000588 <gpio_init>
100004a0:	2008      	movs	r0, #8
100004a2:	f000 f871 	bl	10000588 <gpio_init>
100004a6:	200a      	movs	r0, #10
100004a8:	f000 f86e 	bl	10000588 <gpio_init>
100004ac:	200b      	movs	r0, #11
100004ae:	f000 f86b 	bl	10000588 <gpio_init>
100004b2:	200c      	movs	r0, #12
100004b4:	f000 f868 	bl	10000588 <gpio_init>
100004b8:	200d      	movs	r0, #13
100004ba:	f000 f865 	bl	10000588 <gpio_init>
100004be:	23d0      	movs	r3, #208	@ 0xd0
100004c0:	061b      	lsls	r3, r3, #24
100004c2:	2180      	movs	r1, #128	@ 0x80
100004c4:	0089      	lsls	r1, r1, #2
100004c6:	6259      	str	r1, [r3, #36]	@ 0x24
100004c8:	2280      	movs	r2, #128	@ 0x80
100004ca:	0052      	lsls	r2, r2, #1
100004cc:	625a      	str	r2, [r3, #36]	@ 0x24
100004ce:	2080      	movs	r0, #128	@ 0x80
100004d0:	00c0      	lsls	r0, r0, #3
100004d2:	6258      	str	r0, [r3, #36]	@ 0x24
100004d4:	2080      	movs	r0, #128	@ 0x80
100004d6:	0100      	lsls	r0, r0, #4
100004d8:	6258      	str	r0, [r3, #36]	@ 0x24
100004da:	2080      	movs	r0, #128	@ 0x80
100004dc:	0140      	lsls	r0, r0, #5
100004de:	6258      	str	r0, [r3, #36]	@ 0x24
100004e0:	2080      	movs	r0, #128	@ 0x80
100004e2:	0180      	lsls	r0, r0, #6
100004e4:	6258      	str	r0, [r3, #36]	@ 0x24
100004e6:	6199      	str	r1, [r3, #24]
100004e8:	619a      	str	r2, [r3, #24]
100004ea:	2032      	movs	r0, #50	@ 0x32
100004ec:	2100      	movs	r1, #0
100004ee:	f000 ff1d 	bl	1000132c <sleep_us>
100004f2:	f7ff ffac 	bl	1000044e <set_to_4_bit_mode>
100004f6:	2028      	movs	r0, #40	@ 0x28
100004f8:	f7ff ff9f 	bl	1000043a <lcd_command>
100004fc:	200c      	movs	r0, #12
100004fe:	f7ff ff9c 	bl	1000043a <lcd_command>
10000502:	f7ff ffc1 	bl	10000488 <lcd_clear>
10000506:	2006      	movs	r0, #6
10000508:	f7ff ff97 	bl	1000043a <lcd_command>
1000050c:	bd10      	pop	{r4, pc}

1000050e <lcd_set_cursor>:
1000050e:	b500      	push	{lr}
10000510:	b083      	sub	sp, #12
10000512:	ab01      	add	r3, sp, #4
10000514:	2280      	movs	r2, #128	@ 0x80
10000516:	01d2      	lsls	r2, r2, #7
10000518:	801a      	strh	r2, [r3, #0]
1000051a:	2801      	cmp	r0, #1
1000051c:	d900      	bls.n	10000520 <lcd_set_cursor+0x12>
1000051e:	2001      	movs	r0, #1
10000520:	290f      	cmp	r1, #15
10000522:	d900      	bls.n	10000526 <lcd_set_cursor+0x18>
10000524:	210f      	movs	r1, #15
10000526:	ab01      	add	r3, sp, #4
10000528:	5c1b      	ldrb	r3, [r3, r0]
1000052a:	1859      	adds	r1, r3, r1
1000052c:	b2c9      	uxtb	r1, r1
1000052e:	2080      	movs	r0, #128	@ 0x80
10000530:	4240      	negs	r0, r0
10000532:	4308      	orrs	r0, r1
10000534:	b2c0      	uxtb	r0, r0
10000536:	f7ff ff80 	bl	1000043a <lcd_command>
1000053a:	b003      	add	sp, #12
1000053c:	bd00      	pop	{pc}

1000053e <lcd_print>:
1000053e:	b510      	push	{r4, lr}
10000540:	0004      	movs	r4, r0
10000542:	e002      	b.n	1000054a <lcd_print+0xc>
10000544:	f7ff ff7e 	bl	10000444 <lcd_data>
10000548:	3401      	adds	r4, #1
1000054a:	7820      	ldrb	r0, [r4, #0]
1000054c:	2800      	cmp	r0, #0
1000054e:	d1f9      	bne.n	10000544 <lcd_print+0x6>
10000550:	bd10      	pop	{r4, pc}
	...

10000554 <gpio_set_function>:
10000554:	b510      	push	{r4, lr}
10000556:	0083      	lsls	r3, r0, #2
10000558:	4a08      	ldr	r2, [pc, #32]	@ (1000057c <gpio_set_function+0x28>)
1000055a:	189a      	adds	r2, r3, r2
1000055c:	6812      	ldr	r2, [r2, #0]
1000055e:	2440      	movs	r4, #64	@ 0x40
10000560:	4054      	eors	r4, r2
10000562:	22c0      	movs	r2, #192	@ 0xc0
10000564:	4022      	ands	r2, r4
10000566:	4c06      	ldr	r4, [pc, #24]	@ (10000580 <gpio_set_function+0x2c>)
10000568:	46a4      	mov	ip, r4
1000056a:	4463      	add	r3, ip
1000056c:	601a      	str	r2, [r3, #0]
1000056e:	00c0      	lsls	r0, r0, #3
10000570:	4b04      	ldr	r3, [pc, #16]	@ (10000584 <gpio_set_function+0x30>)
10000572:	469c      	mov	ip, r3
10000574:	4460      	add	r0, ip
10000576:	6041      	str	r1, [r0, #4]
10000578:	bd10      	pop	{r4, pc}
1000057a:	46c0      	nop			@ (mov r8, r8)
1000057c:	4001c004 	.word	0x4001c004
10000580:	4001d004 	.word	0x4001d004
10000584:	40014000 	.word	0x40014000

10000588 <gpio_init>:
10000588:	b510      	push	{r4, lr}
1000058a:	2301      	movs	r3, #1
1000058c:	4083      	lsls	r3, r0
1000058e:	22d0      	movs	r2, #208	@ 0xd0
10000590:	0612      	lsls	r2, r2, #24
10000592:	6293      	str	r3, [r2, #40]	@ 0x28
10000594:	6193      	str	r3, [r2, #24]
10000596:	2105      	movs	r1, #5
10000598:	f7ff ffdc 	bl	10000554 <gpio_set_function>
1000059c:	bd10      	pop	{r4, pc}
	...

100005a0 <rp2040_chip_version>:
100005a0:	b510      	push	{r4, lr}
100005a2:	2380      	movs	r3, #128	@ 0x80
100005a4:	05db      	lsls	r3, r3, #23
100005a6:	6818      	ldr	r0, [r3, #0]
100005a8:	0503      	lsls	r3, r0, #20
100005aa:	0d1b      	lsrs	r3, r3, #20
100005ac:	4a0b      	ldr	r2, [pc, #44]	@ (100005dc <rp2040_chip_version+0x3c>)
100005ae:	4293      	cmp	r3, r2
100005b0:	d107      	bne.n	100005c2 <rp2040_chip_version+0x22>
100005b2:	4b0b      	ldr	r3, [pc, #44]	@ (100005e0 <rp2040_chip_version+0x40>)
100005b4:	4003      	ands	r3, r0
100005b6:	2280      	movs	r2, #128	@ 0x80
100005b8:	0192      	lsls	r2, r2, #6
100005ba:	4293      	cmp	r3, r2
100005bc:	d107      	bne.n	100005ce <rp2040_chip_version+0x2e>
100005be:	0f00      	lsrs	r0, r0, #28
100005c0:	bd10      	pop	{r4, pc}
100005c2:	4b08      	ldr	r3, [pc, #32]	@ (100005e4 <rp2040_chip_version+0x44>)
100005c4:	4a08      	ldr	r2, [pc, #32]	@ (100005e8 <rp2040_chip_version+0x48>)
100005c6:	4809      	ldr	r0, [pc, #36]	@ (100005ec <rp2040_chip_version+0x4c>)
100005c8:	2113      	movs	r1, #19
100005ca:	f003 fabf 	bl	10003b4c <__assert_func>
100005ce:	4b08      	ldr	r3, [pc, #32]	@ (100005f0 <rp2040_chip_version+0x50>)
100005d0:	4a05      	ldr	r2, [pc, #20]	@ (100005e8 <rp2040_chip_version+0x48>)
100005d2:	4806      	ldr	r0, [pc, #24]	@ (100005ec <rp2040_chip_version+0x4c>)
100005d4:	2114      	movs	r1, #20
100005d6:	f003 fab9 	bl	10003b4c <__assert_func>
100005da:	46c0      	nop			@ (mov r8, r8)
100005dc:	00000927 	.word	0x00000927
100005e0:	0ffff000 	.word	0x0ffff000
100005e4:	1000688c 	.word	0x1000688c
100005e8:	100074a8 	.word	0x100074a8
100005ec:	100068b0 	.word	0x100068b0
100005f0:	100068f8 	.word	0x100068f8

100005f4 <panic>:
100005f4:	b40f      	push	{r0, r1, r2, r3}
100005f6:	b500      	push	{lr}
100005f8:	b083      	sub	sp, #12
100005fa:	4808      	ldr	r0, [pc, #32]	@ (1000061c <panic+0x28>)
100005fc:	f003 fbe2 	bl	10003dc4 <__wrap_puts>
10000600:	9b04      	ldr	r3, [sp, #16]
10000602:	2b00      	cmp	r3, #0
10000604:	d007      	beq.n	10000616 <panic+0x22>
10000606:	a905      	add	r1, sp, #20
10000608:	9101      	str	r1, [sp, #4]
1000060a:	0018      	movs	r0, r3
1000060c:	f003 fbea 	bl	10003de4 <__wrap_vprintf>
10000610:	4803      	ldr	r0, [pc, #12]	@ (10000620 <panic+0x2c>)
10000612:	f003 fbd7 	bl	10003dc4 <__wrap_puts>
10000616:	2001      	movs	r0, #1
10000618:	f003 fa92 	bl	10003b40 <_exit>
1000061c:	1000690c 	.word	0x1000690c
10000620:	10006f88 	.word	0x10006f88

10000624 <hw_claim_lock>:
10000624:	f3ef 8010 	mrs	r0, PRIMASK
10000628:	b672      	cpsid	i
1000062a:	4b03      	ldr	r3, [pc, #12]	@ (10000638 <hw_claim_lock+0x14>)
1000062c:	681b      	ldr	r3, [r3, #0]
1000062e:	2b00      	cmp	r3, #0
10000630:	d0fb      	beq.n	1000062a <hw_claim_lock+0x6>
10000632:	f3bf 8f5f 	dmb	sy
10000636:	4770      	bx	lr
10000638:	d000012c 	.word	0xd000012c

1000063c <hw_claim_unlock>:
1000063c:	f3bf 8f5f 	dmb	sy
10000640:	4b02      	ldr	r3, [pc, #8]	@ (1000064c <hw_claim_unlock+0x10>)
10000642:	2200      	movs	r2, #0
10000644:	601a      	str	r2, [r3, #0]
10000646:	f380 8810 	msr	PRIMASK, r0
1000064a:	4770      	bx	lr
1000064c:	d000012c 	.word	0xd000012c

10000650 <hw_claim_or_assert>:
10000650:	b570      	push	{r4, r5, r6, lr}
10000652:	0005      	movs	r5, r0
10000654:	000c      	movs	r4, r1
10000656:	0016      	movs	r6, r2
10000658:	f7ff ffe4 	bl	10000624 <hw_claim_lock>
1000065c:	08e3      	lsrs	r3, r4, #3
1000065e:	18ea      	adds	r2, r5, r3
10000660:	4694      	mov	ip, r2
10000662:	5ce9      	ldrb	r1, [r5, r3]
10000664:	2207      	movs	r2, #7
10000666:	4022      	ands	r2, r4
10000668:	2301      	movs	r3, #1
1000066a:	4093      	lsls	r3, r2
1000066c:	420b      	tst	r3, r1
1000066e:	d106      	bne.n	1000067e <hw_claim_or_assert+0x2e>
10000670:	b2db      	uxtb	r3, r3
10000672:	430b      	orrs	r3, r1
10000674:	4662      	mov	r2, ip
10000676:	7013      	strb	r3, [r2, #0]
10000678:	f7ff ffe0 	bl	1000063c <hw_claim_unlock>
1000067c:	bd70      	pop	{r4, r5, r6, pc}
1000067e:	0021      	movs	r1, r4
10000680:	0030      	movs	r0, r6
10000682:	f7ff ffb7 	bl	100005f4 <panic>

10000686 <hw_claim_unused_from_range>:
10000686:	b5f0      	push	{r4, r5, r6, r7, lr}
10000688:	b083      	sub	sp, #12
1000068a:	0005      	movs	r5, r0
1000068c:	9101      	str	r1, [sp, #4]
1000068e:	0014      	movs	r4, r2
10000690:	001e      	movs	r6, r3
10000692:	f7ff ffc7 	bl	10000624 <hw_claim_lock>
10000696:	e000      	b.n	1000069a <hw_claim_unused_from_range+0x14>
10000698:	3401      	adds	r4, #1
1000069a:	42b4      	cmp	r4, r6
1000069c:	d80c      	bhi.n	100006b8 <hw_claim_unused_from_range+0x32>
1000069e:	08e3      	lsrs	r3, r4, #3
100006a0:	18ef      	adds	r7, r5, r3
100006a2:	5ceb      	ldrb	r3, [r5, r3]
100006a4:	2107      	movs	r1, #7
100006a6:	4021      	ands	r1, r4
100006a8:	2201      	movs	r2, #1
100006aa:	408a      	lsls	r2, r1
100006ac:	421a      	tst	r2, r3
100006ae:	d1f3      	bne.n	10000698 <hw_claim_unused_from_range+0x12>
100006b0:	b2d2      	uxtb	r2, r2
100006b2:	431a      	orrs	r2, r3
100006b4:	703a      	strb	r2, [r7, #0]
100006b6:	e001      	b.n	100006bc <hw_claim_unused_from_range+0x36>
100006b8:	2401      	movs	r4, #1
100006ba:	4264      	negs	r4, r4
100006bc:	f7ff ffbe 	bl	1000063c <hw_claim_unlock>
100006c0:	2c00      	cmp	r4, #0
100006c2:	db02      	blt.n	100006ca <hw_claim_unused_from_range+0x44>
100006c4:	0020      	movs	r0, r4
100006c6:	b003      	add	sp, #12
100006c8:	bdf0      	pop	{r4, r5, r6, r7, pc}
100006ca:	9b01      	ldr	r3, [sp, #4]
100006cc:	2b00      	cmp	r3, #0
100006ce:	d0f9      	beq.n	100006c4 <hw_claim_unused_from_range+0x3e>
100006d0:	9808      	ldr	r0, [sp, #32]
100006d2:	f7ff ff8f 	bl	100005f4 <panic>
	...

100006d8 <next_striped_spin_lock_num>:
100006d8:	4a05      	ldr	r2, [pc, #20]	@ (100006f0 <next_striped_spin_lock_num+0x18>)
100006da:	7810      	ldrb	r0, [r2, #0]
100006dc:	1c43      	adds	r3, r0, #1
100006de:	b2db      	uxtb	r3, r3
100006e0:	7013      	strb	r3, [r2, #0]
100006e2:	2b17      	cmp	r3, #23
100006e4:	d902      	bls.n	100006ec <next_striped_spin_lock_num+0x14>
100006e6:	0013      	movs	r3, r2
100006e8:	2210      	movs	r2, #16
100006ea:	701a      	strb	r2, [r3, #0]
100006ec:	4770      	bx	lr
100006ee:	46c0      	nop			@ (mov r8, r8)
100006f0:	20000bd0 	.word	0x20000bd0

100006f4 <spin_lock_claim_unused>:
100006f4:	b500      	push	{lr}
100006f6:	b083      	sub	sp, #12
100006f8:	0001      	movs	r1, r0
100006fa:	4804      	ldr	r0, [pc, #16]	@ (1000070c <spin_lock_claim_unused+0x18>)
100006fc:	4b04      	ldr	r3, [pc, #16]	@ (10000710 <spin_lock_claim_unused+0x1c>)
100006fe:	9300      	str	r3, [sp, #0]
10000700:	231f      	movs	r3, #31
10000702:	2218      	movs	r2, #24
10000704:	f7ff ffbf 	bl	10000686 <hw_claim_unused_from_range>
10000708:	b003      	add	sp, #12
1000070a:	bd00      	pop	{pc}
1000070c:	2000121c 	.word	0x2000121c
10000710:	1000691c 	.word	0x1000691c

10000714 <spin_locks_reset>:
10000714:	2300      	movs	r3, #0
10000716:	e007      	b.n	10000728 <spin_locks_reset+0x14>
10000718:	4a05      	ldr	r2, [pc, #20]	@ (10000730 <spin_locks_reset+0x1c>)
1000071a:	189a      	adds	r2, r3, r2
1000071c:	0092      	lsls	r2, r2, #2
1000071e:	f3bf 8f5f 	dmb	sy
10000722:	2100      	movs	r1, #0
10000724:	6011      	str	r1, [r2, #0]
10000726:	3301      	adds	r3, #1
10000728:	2b1f      	cmp	r3, #31
1000072a:	d9f5      	bls.n	10000718 <spin_locks_reset+0x4>
1000072c:	4770      	bx	lr
1000072e:	46c0      	nop			@ (mov r8, r8)
10000730:	34000040 	.word	0x34000040

10000734 <set_raw_irq_handler_and_unlock>:
10000734:	4b07      	ldr	r3, [pc, #28]	@ (10000754 <set_raw_irq_handler_and_unlock+0x20>)
10000736:	689b      	ldr	r3, [r3, #8]
10000738:	3010      	adds	r0, #16
1000073a:	0080      	lsls	r0, r0, #2
1000073c:	5019      	str	r1, [r3, r0]
1000073e:	f3bf 8f5f 	dmb	sy
10000742:	f3bf 8f5f 	dmb	sy
10000746:	4b04      	ldr	r3, [pc, #16]	@ (10000758 <set_raw_irq_handler_and_unlock+0x24>)
10000748:	2100      	movs	r1, #0
1000074a:	6019      	str	r1, [r3, #0]
1000074c:	f382 8810 	msr	PRIMASK, r2
10000750:	4770      	bx	lr
10000752:	46c0      	nop			@ (mov r8, r8)
10000754:	e000ed00 	.word	0xe000ed00
10000758:	d0000124 	.word	0xd0000124

1000075c <nvic_ipr0>:
1000075c:	4800      	ldr	r0, [pc, #0]	@ (10000760 <nvic_ipr0+0x4>)
1000075e:	4770      	bx	lr
10000760:	e000e400 	.word	0xe000e400

10000764 <runtime_init_per_core_irq_priorities>:
10000764:	b510      	push	{r4, lr}
10000766:	f7ff fff9 	bl	1000075c <nvic_ipr0>
1000076a:	2300      	movs	r3, #0
1000076c:	e002      	b.n	10000774 <runtime_init_per_core_irq_priorities+0x10>
1000076e:	4a03      	ldr	r2, [pc, #12]	@ (1000077c <runtime_init_per_core_irq_priorities+0x18>)
10000770:	c004      	stmia	r0!, {r2}
10000772:	3301      	adds	r3, #1
10000774:	2b07      	cmp	r3, #7
10000776:	d9fa      	bls.n	1000076e <runtime_init_per_core_irq_priorities+0xa>
10000778:	bd10      	pop	{r4, pc}
1000077a:	46c0      	nop			@ (mov r8, r8)
1000077c:	80808080 	.word	0x80808080

10000780 <resolve_j_16>:
10000780:	b510      	push	{r4, lr}
10000782:	8803      	ldrh	r3, [r0, #0]
10000784:	0ada      	lsrs	r2, r3, #11
10000786:	2a1c      	cmp	r2, #28
10000788:	d105      	bne.n	10000796 <resolve_j_16+0x16>
1000078a:	055b      	lsls	r3, r3, #21
1000078c:	155b      	asrs	r3, r3, #21
1000078e:	3302      	adds	r3, #2
10000790:	005b      	lsls	r3, r3, #1
10000792:	18c0      	adds	r0, r0, r3
10000794:	bd10      	pop	{r4, pc}
10000796:	4b03      	ldr	r3, [pc, #12]	@ (100007a4 <resolve_j_16+0x24>)
10000798:	4a03      	ldr	r2, [pc, #12]	@ (100007a8 <resolve_j_16+0x28>)
1000079a:	2134      	movs	r1, #52	@ 0x34
1000079c:	4803      	ldr	r0, [pc, #12]	@ (100007ac <resolve_j_16+0x2c>)
1000079e:	31ff      	adds	r1, #255	@ 0xff
100007a0:	f003 f9d4 	bl	10003b4c <__assert_func>
100007a4:	10006938 	.word	0x10006938
100007a8:	100074e4 	.word	0x100074e4
100007ac:	10006950 	.word	0x10006950

100007b0 <make_j_16>:
100007b0:	b510      	push	{r4, lr}
100007b2:	1a09      	subs	r1, r1, r0
100007b4:	1f0b      	subs	r3, r1, #4
100007b6:	4a0a      	ldr	r2, [pc, #40]	@ (100007e0 <make_j_16+0x30>)
100007b8:	1888      	adds	r0, r1, r2
100007ba:	4a0a      	ldr	r2, [pc, #40]	@ (100007e4 <make_j_16+0x34>)
100007bc:	4290      	cmp	r0, r2
100007be:	d808      	bhi.n	100007d2 <make_j_16+0x22>
100007c0:	07c9      	lsls	r1, r1, #31
100007c2:	d406      	bmi.n	100007d2 <make_j_16+0x22>
100007c4:	105b      	asrs	r3, r3, #1
100007c6:	055b      	lsls	r3, r3, #21
100007c8:	0d5b      	lsrs	r3, r3, #21
100007ca:	4807      	ldr	r0, [pc, #28]	@ (100007e8 <make_j_16+0x38>)
100007cc:	4318      	orrs	r0, r3
100007ce:	b280      	uxth	r0, r0
100007d0:	bd10      	pop	{r4, pc}
100007d2:	4b06      	ldr	r3, [pc, #24]	@ (100007ec <make_j_16+0x3c>)
100007d4:	4a06      	ldr	r2, [pc, #24]	@ (100007f0 <make_j_16+0x40>)
100007d6:	2126      	movs	r1, #38	@ 0x26
100007d8:	4806      	ldr	r0, [pc, #24]	@ (100007f4 <make_j_16+0x44>)
100007da:	31ff      	adds	r1, #255	@ 0xff
100007dc:	f003 f9b6 	bl	10003b4c <__assert_func>
100007e0:	000007fc 	.word	0x000007fc
100007e4:	00000ffe 	.word	0x00000ffe
100007e8:	ffffe000 	.word	0xffffe000
100007ec:	10006998 	.word	0x10006998
100007f0:	100074d8 	.word	0x100074d8
100007f4:	10006950 	.word	0x10006950

100007f8 <irq_is_enabled>:
100007f8:	2301      	movs	r3, #1
100007fa:	4083      	lsls	r3, r0
100007fc:	4a03      	ldr	r2, [pc, #12]	@ (1000080c <irq_is_enabled+0x14>)
100007fe:	6810      	ldr	r0, [r2, #0]
10000800:	4018      	ands	r0, r3
10000802:	1e43      	subs	r3, r0, #1
10000804:	4198      	sbcs	r0, r3
10000806:	b2c0      	uxtb	r0, r0
10000808:	4770      	bx	lr
1000080a:	46c0      	nop			@ (mov r8, r8)
1000080c:	e000e100 	.word	0xe000e100

10000810 <irq_set_mask_n_enabled>:
10000810:	2a00      	cmp	r2, #0
10000812:	d005      	beq.n	10000820 <irq_set_mask_n_enabled+0x10>
10000814:	4b04      	ldr	r3, [pc, #16]	@ (10000828 <irq_set_mask_n_enabled+0x18>)
10000816:	22c0      	movs	r2, #192	@ 0xc0
10000818:	0052      	lsls	r2, r2, #1
1000081a:	5099      	str	r1, [r3, r2]
1000081c:	6019      	str	r1, [r3, #0]
1000081e:	4770      	bx	lr
10000820:	4a01      	ldr	r2, [pc, #4]	@ (10000828 <irq_set_mask_n_enabled+0x18>)
10000822:	2380      	movs	r3, #128	@ 0x80
10000824:	50d1      	str	r1, [r2, r3]
10000826:	e7fa      	b.n	1000081e <irq_set_mask_n_enabled+0xe>
10000828:	e000e100 	.word	0xe000e100

1000082c <irq_set_enabled>:
1000082c:	b510      	push	{r4, lr}
1000082e:	000a      	movs	r2, r1
10000830:	231f      	movs	r3, #31
10000832:	4003      	ands	r3, r0
10000834:	2101      	movs	r1, #1
10000836:	4099      	lsls	r1, r3
10000838:	0940      	lsrs	r0, r0, #5
1000083a:	f7ff ffe9 	bl	10000810 <irq_set_mask_n_enabled>
1000083e:	bd10      	pop	{r4, pc}

10000840 <irq_set_pending>:
10000840:	2301      	movs	r3, #1
10000842:	4083      	lsls	r3, r0
10000844:	4a01      	ldr	r2, [pc, #4]	@ (1000084c <irq_set_pending+0xc>)
10000846:	6013      	str	r3, [r2, #0]
10000848:	4770      	bx	lr
1000084a:	46c0      	nop			@ (mov r8, r8)
1000084c:	e000e200 	.word	0xe000e200

10000850 <irq_get_vtable_handler>:
10000850:	4b02      	ldr	r3, [pc, #8]	@ (1000085c <irq_get_vtable_handler+0xc>)
10000852:	689b      	ldr	r3, [r3, #8]
10000854:	3010      	adds	r0, #16
10000856:	0080      	lsls	r0, r0, #2
10000858:	58c0      	ldr	r0, [r0, r3]
1000085a:	4770      	bx	lr
1000085c:	e000ed00 	.word	0xe000ed00

10000860 <irq_has_shared_handler>:
10000860:	b510      	push	{r4, lr}
10000862:	f7ff fff5 	bl	10000850 <irq_get_vtable_handler>
10000866:	4b04      	ldr	r3, [pc, #16]	@ (10000878 <irq_has_shared_handler+0x18>)
10000868:	1ac3      	subs	r3, r0, r3
1000086a:	2000      	movs	r0, #0
1000086c:	2247      	movs	r2, #71	@ 0x47
1000086e:	429a      	cmp	r2, r3
10000870:	4140      	adcs	r0, r0
10000872:	b2c0      	uxtb	r0, r0
10000874:	bd10      	pop	{r4, pc}
10000876:	46c0      	nop			@ (mov r8, r8)
10000878:	20000bd4 	.word	0x20000bd4

1000087c <irq_set_exclusive_handler>:
1000087c:	b570      	push	{r4, r5, r6, lr}
1000087e:	0005      	movs	r5, r0
10000880:	000e      	movs	r6, r1
10000882:	f3ef 8410 	mrs	r4, PRIMASK
10000886:	b672      	cpsid	i
10000888:	4b0d      	ldr	r3, [pc, #52]	@ (100008c0 <irq_set_exclusive_handler+0x44>)
1000088a:	681b      	ldr	r3, [r3, #0]
1000088c:	2b00      	cmp	r3, #0
1000088e:	d0fb      	beq.n	10000888 <irq_set_exclusive_handler+0xc>
10000890:	f3bf 8f5f 	dmb	sy
10000894:	0028      	movs	r0, r5
10000896:	f7ff ffdb 	bl	10000850 <irq_get_vtable_handler>
1000089a:	4b0a      	ldr	r3, [pc, #40]	@ (100008c4 <irq_set_exclusive_handler+0x48>)
1000089c:	4298      	cmp	r0, r3
1000089e:	d001      	beq.n	100008a4 <irq_set_exclusive_handler+0x28>
100008a0:	42b0      	cmp	r0, r6
100008a2:	d105      	bne.n	100008b0 <irq_set_exclusive_handler+0x34>
100008a4:	0022      	movs	r2, r4
100008a6:	0031      	movs	r1, r6
100008a8:	0028      	movs	r0, r5
100008aa:	f7ff ff43 	bl	10000734 <set_raw_irq_handler_and_unlock>
100008ae:	bd70      	pop	{r4, r5, r6, pc}
100008b0:	4b05      	ldr	r3, [pc, #20]	@ (100008c8 <irq_set_exclusive_handler+0x4c>)
100008b2:	4a06      	ldr	r2, [pc, #24]	@ (100008cc <irq_set_exclusive_handler+0x50>)
100008b4:	2182      	movs	r1, #130	@ 0x82
100008b6:	4806      	ldr	r0, [pc, #24]	@ (100008d0 <irq_set_exclusive_handler+0x54>)
100008b8:	0049      	lsls	r1, r1, #1
100008ba:	f003 f947 	bl	10003b4c <__assert_func>
100008be:	46c0      	nop			@ (mov r8, r8)
100008c0:	d0000124 	.word	0xd0000124
100008c4:	100001c1 	.word	0x100001c1
100008c8:	100069c8 	.word	0x100069c8
100008cc:	1000750c 	.word	0x1000750c
100008d0:	10006950 	.word	0x10006950

100008d4 <irq_add_shared_handler>:
100008d4:	b5f0      	push	{r4, r5, r6, r7, lr}
100008d6:	46de      	mov	lr, fp
100008d8:	4657      	mov	r7, sl
100008da:	464e      	mov	r6, r9
100008dc:	4645      	mov	r5, r8
100008de:	b5e0      	push	{r5, r6, r7, lr}
100008e0:	b089      	sub	sp, #36	@ 0x24
100008e2:	4681      	mov	r9, r0
100008e4:	9101      	str	r1, [sp, #4]
100008e6:	0015      	movs	r5, r2
100008e8:	f3ef 8310 	mrs	r3, PRIMASK
100008ec:	b672      	cpsid	i
100008ee:	469a      	mov	sl, r3
100008f0:	4b6e      	ldr	r3, [pc, #440]	@ (10000aac <irq_add_shared_handler+0x1d8>)
100008f2:	681b      	ldr	r3, [r3, #0]
100008f4:	2b00      	cmp	r3, #0
100008f6:	d0fb      	beq.n	100008f0 <irq_add_shared_handler+0x1c>
100008f8:	f3bf 8f5f 	dmb	sy
100008fc:	4b6c      	ldr	r3, [pc, #432]	@ (10000ab0 <irq_add_shared_handler+0x1dc>)
100008fe:	2600      	movs	r6, #0
10000900:	579e      	ldrsb	r6, [r3, r6]
10000902:	2e00      	cmp	r6, #0
10000904:	db40      	blt.n	10000988 <irq_add_shared_handler+0xb4>
10000906:	0074      	lsls	r4, r6, #1
10000908:	19a4      	adds	r4, r4, r6
1000090a:	00a4      	lsls	r4, r4, #2
1000090c:	4869      	ldr	r0, [pc, #420]	@ (10000ab4 <irq_add_shared_handler+0x1e0>)
1000090e:	1823      	adds	r3, r4, r0
10000910:	469b      	mov	fp, r3
10000912:	2206      	movs	r2, #6
10000914:	569a      	ldrsb	r2, [r3, r2]
10000916:	4b66      	ldr	r3, [pc, #408]	@ (10000ab0 <irq_add_shared_handler+0x1dc>)
10000918:	701a      	strb	r2, [r3, #0]
1000091a:	4b67      	ldr	r3, [pc, #412]	@ (10000ab8 <irq_add_shared_handler+0x1e4>)
1000091c:	689a      	ldr	r2, [r3, #8]
1000091e:	464b      	mov	r3, r9
10000920:	3310      	adds	r3, #16
10000922:	009b      	lsls	r3, r3, #2
10000924:	58d7      	ldr	r7, [r2, r3]
10000926:	1a3b      	subs	r3, r7, r0
10000928:	2b47      	cmp	r3, #71	@ 0x47
1000092a:	d93b      	bls.n	100009a4 <irq_add_shared_handler+0xd0>
1000092c:	4b63      	ldr	r3, [pc, #396]	@ (10000abc <irq_add_shared_handler+0x1e8>)
1000092e:	429f      	cmp	r7, r3
10000930:	d131      	bne.n	10000996 <irq_add_shared_handler+0xc2>
10000932:	af05      	add	r7, sp, #20
10000934:	4b62      	ldr	r3, [pc, #392]	@ (10000ac0 <irq_add_shared_handler+0x1ec>)
10000936:	803b      	strh	r3, [r7, #0]
10000938:	4962      	ldr	r1, [pc, #392]	@ (10000ac4 <irq_add_shared_handler+0x1f0>)
1000093a:	0073      	lsls	r3, r6, #1
1000093c:	9302      	str	r3, [sp, #8]
1000093e:	1998      	adds	r0, r3, r6
10000940:	0080      	lsls	r0, r0, #2
10000942:	4c5c      	ldr	r4, [pc, #368]	@ (10000ab4 <irq_add_shared_handler+0x1e0>)
10000944:	1900      	adds	r0, r0, r4
10000946:	3002      	adds	r0, #2
10000948:	f7ff ff32 	bl	100007b0 <make_j_16>
1000094c:	8078      	strh	r0, [r7, #2]
1000094e:	4b5e      	ldr	r3, [pc, #376]	@ (10000ac8 <irq_add_shared_handler+0x1f4>)
10000950:	80bb      	strh	r3, [r7, #4]
10000952:	23ff      	movs	r3, #255	@ 0xff
10000954:	71bb      	strb	r3, [r7, #6]
10000956:	71fd      	strb	r5, [r7, #7]
10000958:	9a01      	ldr	r2, [sp, #4]
1000095a:	9207      	str	r2, [sp, #28]
1000095c:	9b02      	ldr	r3, [sp, #8]
1000095e:	199b      	adds	r3, r3, r6
10000960:	009b      	lsls	r3, r3, #2
10000962:	18e3      	adds	r3, r4, r3
10000964:	cf07      	ldmia	r7!, {r0, r1, r2}
10000966:	c307      	stmia	r3!, {r0, r1, r2}
10000968:	2701      	movs	r7, #1
1000096a:	465b      	mov	r3, fp
1000096c:	433b      	orrs	r3, r7
1000096e:	001f      	movs	r7, r3
10000970:	4652      	mov	r2, sl
10000972:	0039      	movs	r1, r7
10000974:	4648      	mov	r0, r9
10000976:	f7ff fedd 	bl	10000734 <set_raw_irq_handler_and_unlock>
1000097a:	b009      	add	sp, #36	@ 0x24
1000097c:	bcf0      	pop	{r4, r5, r6, r7}
1000097e:	46bb      	mov	fp, r7
10000980:	46b2      	mov	sl, r6
10000982:	46a9      	mov	r9, r5
10000984:	46a0      	mov	r8, r4
10000986:	bdf0      	pop	{r4, r5, r6, r7, pc}
10000988:	4b50      	ldr	r3, [pc, #320]	@ (10000acc <irq_add_shared_handler+0x1f8>)
1000098a:	4a51      	ldr	r2, [pc, #324]	@ (10000ad0 <irq_add_shared_handler+0x1fc>)
1000098c:	2194      	movs	r1, #148	@ 0x94
1000098e:	4851      	ldr	r0, [pc, #324]	@ (10000ad4 <irq_add_shared_handler+0x200>)
10000990:	31ff      	adds	r1, #255	@ 0xff
10000992:	f003 f8db 	bl	10003b4c <__assert_func>
10000996:	4b50      	ldr	r3, [pc, #320]	@ (10000ad8 <irq_add_shared_handler+0x204>)
10000998:	4a4d      	ldr	r2, [pc, #308]	@ (10000ad0 <irq_add_shared_handler+0x1fc>)
1000099a:	21cd      	movs	r1, #205	@ 0xcd
1000099c:	484d      	ldr	r0, [pc, #308]	@ (10000ad4 <irq_add_shared_handler+0x200>)
1000099e:	0049      	lsls	r1, r1, #1
100009a0:	f003 f8d4 	bl	10003b4c <__assert_func>
100009a4:	2301      	movs	r3, #1
100009a6:	003a      	movs	r2, r7
100009a8:	439a      	bics	r2, r3
100009aa:	4690      	mov	r8, r2
100009ac:	1a10      	subs	r0, r2, r0
100009ae:	210c      	movs	r1, #12
100009b0:	f001 f8d0 	bl	10001b54 <__wrap___aeabi_uidiv>
100009b4:	2900      	cmp	r1, #0
100009b6:	d10f      	bne.n	100009d8 <irq_add_shared_handler+0x104>
100009b8:	4643      	mov	r3, r8
100009ba:	2400      	movs	r4, #0
100009bc:	79da      	ldrb	r2, [r3, #7]
100009be:	42aa      	cmp	r2, r5
100009c0:	d912      	bls.n	100009e8 <irq_add_shared_handler+0x114>
100009c2:	2106      	movs	r1, #6
100009c4:	5659      	ldrsb	r1, [r3, r1]
100009c6:	2900      	cmp	r1, #0
100009c8:	db0d      	blt.n	100009e6 <irq_add_shared_handler+0x112>
100009ca:	004a      	lsls	r2, r1, #1
100009cc:	1852      	adds	r2, r2, r1
100009ce:	0092      	lsls	r2, r2, #2
100009d0:	4938      	ldr	r1, [pc, #224]	@ (10000ab4 <irq_add_shared_handler+0x1e0>)
100009d2:	001c      	movs	r4, r3
100009d4:	188b      	adds	r3, r1, r2
100009d6:	e7f1      	b.n	100009bc <irq_add_shared_handler+0xe8>
100009d8:	4b40      	ldr	r3, [pc, #256]	@ (10000adc <irq_add_shared_handler+0x208>)
100009da:	4a3d      	ldr	r2, [pc, #244]	@ (10000ad0 <irq_add_shared_handler+0x1fc>)
100009dc:	21ac      	movs	r1, #172	@ 0xac
100009de:	483d      	ldr	r0, [pc, #244]	@ (10000ad4 <irq_add_shared_handler+0x200>)
100009e0:	31ff      	adds	r1, #255	@ 0xff
100009e2:	f003 f8b3 	bl	10003b4c <__assert_func>
100009e6:	001c      	movs	r4, r3
100009e8:	2c00      	cmp	r4, #0
100009ea:	d02d      	beq.n	10000a48 <irq_add_shared_handler+0x174>
100009ec:	ab05      	add	r3, sp, #20
100009ee:	4a3c      	ldr	r2, [pc, #240]	@ (10000ae0 <irq_add_shared_handler+0x20c>)
100009f0:	801a      	strh	r2, [r3, #0]
100009f2:	3a81      	subs	r2, #129	@ 0x81
100009f4:	805a      	strh	r2, [r3, #2]
100009f6:	2306      	movs	r3, #6
100009f8:	56e3      	ldrsb	r3, [r4, r3]
100009fa:	4698      	mov	r8, r3
100009fc:	2b00      	cmp	r3, #0
100009fe:	da16      	bge.n	10000a2e <irq_add_shared_handler+0x15a>
10000a00:	4838      	ldr	r0, [pc, #224]	@ (10000ae4 <irq_add_shared_handler+0x210>)
10000a02:	ab04      	add	r3, sp, #16
10000a04:	8118      	strh	r0, [r3, #8]
10000a06:	4642      	mov	r2, r8
10000a08:	729a      	strb	r2, [r3, #10]
10000a0a:	72dd      	strb	r5, [r3, #11]
10000a0c:	9b01      	ldr	r3, [sp, #4]
10000a0e:	9307      	str	r3, [sp, #28]
10000a10:	1d20      	adds	r0, r4, #4
10000a12:	4659      	mov	r1, fp
10000a14:	f7ff fecc 	bl	100007b0 <make_j_16>
10000a18:	80a0      	strh	r0, [r4, #4]
10000a1a:	71a6      	strb	r6, [r4, #6]
10000a1c:	4b25      	ldr	r3, [pc, #148]	@ (10000ab4 <irq_add_shared_handler+0x1e0>)
10000a1e:	0072      	lsls	r2, r6, #1
10000a20:	1992      	adds	r2, r2, r6
10000a22:	0092      	lsls	r2, r2, #2
10000a24:	189b      	adds	r3, r3, r2
10000a26:	aa05      	add	r2, sp, #20
10000a28:	ca13      	ldmia	r2!, {r0, r1, r4}
10000a2a:	c313      	stmia	r3!, {r0, r1, r4}
10000a2c:	e7a0      	b.n	10000970 <irq_add_shared_handler+0x9c>
10000a2e:	1d20      	adds	r0, r4, #4
10000a30:	f7ff fea6 	bl	10000780 <resolve_j_16>
10000a34:	0001      	movs	r1, r0
10000a36:	0070      	lsls	r0, r6, #1
10000a38:	1980      	adds	r0, r0, r6
10000a3a:	0080      	lsls	r0, r0, #2
10000a3c:	4b1d      	ldr	r3, [pc, #116]	@ (10000ab4 <irq_add_shared_handler+0x1e0>)
10000a3e:	18c0      	adds	r0, r0, r3
10000a40:	3004      	adds	r0, #4
10000a42:	f7ff feb5 	bl	100007b0 <make_j_16>
10000a46:	e7dc      	b.n	10000a02 <irq_add_shared_handler+0x12e>
10000a48:	af05      	add	r7, sp, #20
10000a4a:	4b1d      	ldr	r3, [pc, #116]	@ (10000ac0 <irq_add_shared_handler+0x1ec>)
10000a4c:	803b      	strh	r3, [r7, #0]
10000a4e:	491d      	ldr	r1, [pc, #116]	@ (10000ac4 <irq_add_shared_handler+0x1f0>)
10000a50:	0073      	lsls	r3, r6, #1
10000a52:	9302      	str	r3, [sp, #8]
10000a54:	199b      	adds	r3, r3, r6
10000a56:	009b      	lsls	r3, r3, #2
10000a58:	4c16      	ldr	r4, [pc, #88]	@ (10000ab4 <irq_add_shared_handler+0x1e0>)
10000a5a:	0018      	movs	r0, r3
10000a5c:	46a4      	mov	ip, r4
10000a5e:	4460      	add	r0, ip
10000a60:	9003      	str	r0, [sp, #12]
10000a62:	3002      	adds	r0, #2
10000a64:	f7ff fea4 	bl	100007b0 <make_j_16>
10000a68:	8078      	strh	r0, [r7, #2]
10000a6a:	9a03      	ldr	r2, [sp, #12]
10000a6c:	1d10      	adds	r0, r2, #4
10000a6e:	4641      	mov	r1, r8
10000a70:	f7ff fe9e 	bl	100007b0 <make_j_16>
10000a74:	80b8      	strh	r0, [r7, #4]
10000a76:	4b1c      	ldr	r3, [pc, #112]	@ (10000ae8 <irq_add_shared_handler+0x214>)
10000a78:	4642      	mov	r2, r8
10000a7a:	1b12      	subs	r2, r2, r4
10000a7c:	4152      	adcs	r2, r2
10000a7e:	4353      	muls	r3, r2
10000a80:	0d1b      	lsrs	r3, r3, #20
10000a82:	71bb      	strb	r3, [r7, #6]
10000a84:	71fd      	strb	r5, [r7, #7]
10000a86:	9901      	ldr	r1, [sp, #4]
10000a88:	9107      	str	r1, [sp, #28]
10000a8a:	9b02      	ldr	r3, [sp, #8]
10000a8c:	199b      	adds	r3, r3, r6
10000a8e:	009b      	lsls	r3, r3, #2
10000a90:	46a4      	mov	ip, r4
10000a92:	4463      	add	r3, ip
10000a94:	cf07      	ldmia	r7!, {r0, r1, r2}
10000a96:	c307      	stmia	r3!, {r0, r1, r2}
10000a98:	4b11      	ldr	r3, [pc, #68]	@ (10000ae0 <irq_add_shared_handler+0x20c>)
10000a9a:	4642      	mov	r2, r8
10000a9c:	8013      	strh	r3, [r2, #0]
10000a9e:	3b81      	subs	r3, #129	@ 0x81
10000aa0:	8053      	strh	r3, [r2, #2]
10000aa2:	2701      	movs	r7, #1
10000aa4:	465b      	mov	r3, fp
10000aa6:	433b      	orrs	r3, r7
10000aa8:	001f      	movs	r7, r3
10000aaa:	e761      	b.n	10000970 <irq_add_shared_handler+0x9c>
10000aac:	d0000124 	.word	0xd0000124
10000ab0:	200018cd 	.word	0x200018cd
10000ab4:	20000bd4 	.word	0x20000bd4
10000ab8:	e000ed00 	.word	0xe000ed00
10000abc:	100001c1 	.word	0x100001c1
10000ac0:	ffffa100 	.word	0xffffa100
10000ac4:	20000c1c 	.word	0x20000c1c
10000ac8:	ffffbd01 	.word	0xffffbd01
10000acc:	10006a00 	.word	0x10006a00
10000ad0:	100074f4 	.word	0x100074f4
10000ad4:	10006950 	.word	0x10006950
10000ad8:	10006a28 	.word	0x10006a28
10000adc:	10006a50 	.word	0x10006a50
10000ae0:	00004801 	.word	0x00004801
10000ae4:	0000bd01 	.word	0x0000bd01
10000ae8:	0000aaaa 	.word	0x0000aaaa

10000aec <irq_add_tail_to_free_list>:
10000aec:	b570      	push	{r4, r5, r6, lr}
10000aee:	2201      	movs	r2, #1
10000af0:	4302      	orrs	r2, r0
10000af2:	4b2d      	ldr	r3, [pc, #180]	@ (10000ba8 <irq_add_tail_to_free_list+0xbc>)
10000af4:	1ad3      	subs	r3, r2, r3
10000af6:	2b47      	cmp	r3, #71	@ 0x47
10000af8:	d829      	bhi.n	10000b4e <irq_add_tail_to_free_list+0x62>
10000afa:	f3ef 8305 	mrs	r3, IPSR
10000afe:	2b00      	cmp	r3, #0
10000b00:	d02b      	beq.n	10000b5a <irq_add_tail_to_free_list+0x6e>
10000b02:	f3ef 8110 	mrs	r1, PRIMASK
10000b06:	b672      	cpsid	i
10000b08:	468c      	mov	ip, r1
10000b0a:	4928      	ldr	r1, [pc, #160]	@ (10000bac <irq_add_tail_to_free_list+0xc0>)
10000b0c:	6809      	ldr	r1, [r1, #0]
10000b0e:	2900      	cmp	r1, #0
10000b10:	d0fb      	beq.n	10000b0a <irq_add_tail_to_free_list+0x1e>
10000b12:	f3bf 8f5f 	dmb	sy
10000b16:	4924      	ldr	r1, [pc, #144]	@ (10000ba8 <irq_add_tail_to_free_list+0xbc>)
10000b18:	4c25      	ldr	r4, [pc, #148]	@ (10000bb0 <irq_add_tail_to_free_list+0xc4>)
10000b1a:	0005      	movs	r5, r0
10000b1c:	1a6d      	subs	r5, r5, r1
10000b1e:	416d      	adcs	r5, r5
10000b20:	436c      	muls	r4, r5
10000b22:	0d24      	lsrs	r4, r4, #20
10000b24:	b264      	sxtb	r4, r4
10000b26:	4923      	ldr	r1, [pc, #140]	@ (10000bb4 <irq_add_tail_to_free_list+0xc8>)
10000b28:	6889      	ldr	r1, [r1, #8]
10000b2a:	009b      	lsls	r3, r3, #2
10000b2c:	58c9      	ldr	r1, [r1, r3]
10000b2e:	4291      	cmp	r1, r2
10000b30:	d019      	beq.n	10000b66 <irq_add_tail_to_free_list+0x7a>
10000b32:	2100      	movs	r1, #0
10000b34:	2905      	cmp	r1, #5
10000b36:	d830      	bhi.n	10000b9a <irq_add_tail_to_free_list+0xae>
10000b38:	4b1b      	ldr	r3, [pc, #108]	@ (10000ba8 <irq_add_tail_to_free_list+0xbc>)
10000b3a:	004a      	lsls	r2, r1, #1
10000b3c:	1852      	adds	r2, r2, r1
10000b3e:	0092      	lsls	r2, r2, #2
10000b40:	189b      	adds	r3, r3, r2
10000b42:	799b      	ldrb	r3, [r3, #6]
10000b44:	b25b      	sxtb	r3, r3
10000b46:	42a3      	cmp	r3, r4
10000b48:	d01d      	beq.n	10000b86 <irq_add_tail_to_free_list+0x9a>
10000b4a:	3101      	adds	r1, #1
10000b4c:	e7f2      	b.n	10000b34 <irq_add_tail_to_free_list+0x48>
10000b4e:	4b1a      	ldr	r3, [pc, #104]	@ (10000bb8 <irq_add_tail_to_free_list+0xcc>)
10000b50:	4a1a      	ldr	r2, [pc, #104]	@ (10000bbc <irq_add_tail_to_free_list+0xd0>)
10000b52:	481b      	ldr	r0, [pc, #108]	@ (10000bc0 <irq_add_tail_to_free_list+0xd4>)
10000b54:	491b      	ldr	r1, [pc, #108]	@ (10000bc4 <irq_add_tail_to_free_list+0xd8>)
10000b56:	f002 fff9 	bl	10003b4c <__assert_func>
10000b5a:	4b1b      	ldr	r3, [pc, #108]	@ (10000bc8 <irq_add_tail_to_free_list+0xdc>)
10000b5c:	4a17      	ldr	r2, [pc, #92]	@ (10000bbc <irq_add_tail_to_free_list+0xd0>)
10000b5e:	4818      	ldr	r0, [pc, #96]	@ (10000bc0 <irq_add_tail_to_free_list+0xd4>)
10000b60:	491a      	ldr	r1, [pc, #104]	@ (10000bcc <irq_add_tail_to_free_list+0xe0>)
10000b62:	f002 fff3 	bl	10003b4c <__assert_func>
10000b66:	4a13      	ldr	r2, [pc, #76]	@ (10000bb4 <irq_add_tail_to_free_list+0xc8>)
10000b68:	6892      	ldr	r2, [r2, #8]
10000b6a:	4919      	ldr	r1, [pc, #100]	@ (10000bd0 <irq_add_tail_to_free_list+0xe4>)
10000b6c:	50d1      	str	r1, [r2, r3]
10000b6e:	4b19      	ldr	r3, [pc, #100]	@ (10000bd4 <irq_add_tail_to_free_list+0xe8>)
10000b70:	781a      	ldrb	r2, [r3, #0]
10000b72:	7182      	strb	r2, [r0, #6]
10000b74:	701c      	strb	r4, [r3, #0]
10000b76:	f3bf 8f5f 	dmb	sy
10000b7a:	4b0c      	ldr	r3, [pc, #48]	@ (10000bac <irq_add_tail_to_free_list+0xc0>)
10000b7c:	2200      	movs	r2, #0
10000b7e:	601a      	str	r2, [r3, #0]
10000b80:	f38c 8810 	msr	PRIMASK, ip
10000b84:	bd70      	pop	{r4, r5, r6, pc}
10000b86:	4b08      	ldr	r3, [pc, #32]	@ (10000ba8 <irq_add_tail_to_free_list+0xbc>)
10000b88:	004a      	lsls	r2, r1, #1
10000b8a:	1855      	adds	r5, r2, r1
10000b8c:	00ad      	lsls	r5, r5, #2
10000b8e:	195d      	adds	r5, r3, r5
10000b90:	26ff      	movs	r6, #255	@ 0xff
10000b92:	71ae      	strb	r6, [r5, #6]
10000b94:	4a10      	ldr	r2, [pc, #64]	@ (10000bd8 <irq_add_tail_to_free_list+0xec>)
10000b96:	80aa      	strh	r2, [r5, #4]
10000b98:	e7e9      	b.n	10000b6e <irq_add_tail_to_free_list+0x82>
10000b9a:	4b10      	ldr	r3, [pc, #64]	@ (10000bdc <irq_add_tail_to_free_list+0xf0>)
10000b9c:	4a07      	ldr	r2, [pc, #28]	@ (10000bbc <irq_add_tail_to_free_list+0xd0>)
10000b9e:	4808      	ldr	r0, [pc, #32]	@ (10000bc0 <irq_add_tail_to_free_list+0xd4>)
10000ba0:	490f      	ldr	r1, [pc, #60]	@ (10000be0 <irq_add_tail_to_free_list+0xf4>)
10000ba2:	f002 ffd3 	bl	10003b4c <__assert_func>
10000ba6:	46c0      	nop			@ (mov r8, r8)
10000ba8:	20000bd4 	.word	0x20000bd4
10000bac:	d0000124 	.word	0xd0000124
10000bb0:	0000aaaa 	.word	0x0000aaaa
10000bb4:	e000ed00 	.word	0xe000ed00
10000bb8:	10006ad4 	.word	0x10006ad4
10000bbc:	100074bc 	.word	0x100074bc
10000bc0:	10006950 	.word	0x10006950
10000bc4:	00000296 	.word	0x00000296
10000bc8:	10006afc 	.word	0x10006afc
10000bcc:	00000299 	.word	0x00000299
10000bd0:	100001c1 	.word	0x100001c1
10000bd4:	200018cd 	.word	0x200018cd
10000bd8:	ffffbd01 	.word	0xffffbd01
10000bdc:	10006b08 	.word	0x10006b08
10000be0:	000002aa 	.word	0x000002aa

10000be4 <user_irq_claim_unused>:
10000be4:	b500      	push	{lr}
10000be6:	b083      	sub	sp, #12
10000be8:	0001      	movs	r1, r0
10000bea:	4806      	ldr	r0, [pc, #24]	@ (10000c04 <user_irq_claim_unused+0x20>)
10000bec:	4b06      	ldr	r3, [pc, #24]	@ (10000c08 <user_irq_claim_unused+0x24>)
10000bee:	9300      	str	r3, [sp, #0]
10000bf0:	2305      	movs	r3, #5
10000bf2:	2200      	movs	r2, #0
10000bf4:	f7ff fd47 	bl	10000686 <hw_claim_unused_from_range>
10000bf8:	2800      	cmp	r0, #0
10000bfa:	db01      	blt.n	10000c00 <user_irq_claim_unused+0x1c>
10000bfc:	231f      	movs	r3, #31
10000bfe:	1a18      	subs	r0, r3, r0
10000c00:	b003      	add	sp, #12
10000c02:	bd00      	pop	{pc}
10000c04:	200018d1 	.word	0x200018d1
10000c08:	10006b10 	.word	0x10006b10

10000c0c <lock_init>:
10000c0c:	4b02      	ldr	r3, [pc, #8]	@ (10000c18 <lock_init+0xc>)
10000c0e:	469c      	mov	ip, r3
10000c10:	4461      	add	r1, ip
10000c12:	0089      	lsls	r1, r1, #2
10000c14:	6001      	str	r1, [r0, #0]
10000c16:	4770      	bx	lr
10000c18:	34000040 	.word	0x34000040

10000c1c <mutex_init>:
10000c1c:	b510      	push	{r4, lr}
10000c1e:	0004      	movs	r4, r0
10000c20:	f7ff fd5a 	bl	100006d8 <next_striped_spin_lock_num>
10000c24:	0001      	movs	r1, r0
10000c26:	0020      	movs	r0, r4
10000c28:	f7ff fff0 	bl	10000c0c <lock_init>
10000c2c:	23ff      	movs	r3, #255	@ 0xff
10000c2e:	7123      	strb	r3, [r4, #4]
10000c30:	f3bf 8f5f 	dmb	sy
10000c34:	bd10      	pop	{r4, pc}

10000c36 <recursive_mutex_init>:
10000c36:	b510      	push	{r4, lr}
10000c38:	0004      	movs	r4, r0
10000c3a:	f7ff fd4d 	bl	100006d8 <next_striped_spin_lock_num>
10000c3e:	0001      	movs	r1, r0
10000c40:	0020      	movs	r0, r4
10000c42:	f7ff ffe3 	bl	10000c0c <lock_init>
10000c46:	23ff      	movs	r3, #255	@ 0xff
10000c48:	7123      	strb	r3, [r4, #4]
10000c4a:	2300      	movs	r3, #0
10000c4c:	7163      	strb	r3, [r4, #5]
10000c4e:	f3bf 8f5f 	dmb	sy
10000c52:	bd10      	pop	{r4, pc}

10000c54 <runtime_init_mutex>:
10000c54:	b510      	push	{r4, lr}
10000c56:	4c0d      	ldr	r4, [pc, #52]	@ (10000c8c <runtime_init_mutex+0x38>)
10000c58:	e009      	b.n	10000c6e <runtime_init_mutex+0x1a>
10000c5a:	4b0d      	ldr	r3, [pc, #52]	@ (10000c90 <runtime_init_mutex+0x3c>)
10000c5c:	4a0d      	ldr	r2, [pc, #52]	@ (10000c94 <runtime_init_mutex+0x40>)
10000c5e:	480e      	ldr	r0, [pc, #56]	@ (10000c98 <runtime_init_mutex+0x44>)
10000c60:	211a      	movs	r1, #26
10000c62:	f002 ff73 	bl	10003b4c <__assert_func>
10000c66:	0020      	movs	r0, r4
10000c68:	f7ff ffd8 	bl	10000c1c <mutex_init>
10000c6c:	3408      	adds	r4, #8
10000c6e:	4b0b      	ldr	r3, [pc, #44]	@ (10000c9c <runtime_init_mutex+0x48>)
10000c70:	429c      	cmp	r4, r3
10000c72:	d209      	bcs.n	10000c88 <runtime_init_mutex+0x34>
10000c74:	6823      	ldr	r3, [r4, #0]
10000c76:	2b00      	cmp	r3, #0
10000c78:	d0f5      	beq.n	10000c66 <runtime_init_mutex+0x12>
10000c7a:	2b01      	cmp	r3, #1
10000c7c:	d1ed      	bne.n	10000c5a <runtime_init_mutex+0x6>
10000c7e:	0020      	movs	r0, r4
10000c80:	f7ff ffd9 	bl	10000c36 <recursive_mutex_init>
10000c84:	3408      	adds	r4, #8
10000c86:	e7f2      	b.n	10000c6e <runtime_init_mutex+0x1a>
10000c88:	bd10      	pop	{r4, pc}
10000c8a:	46c0      	nop			@ (mov r8, r8)
10000c8c:	20000cb8 	.word	0x20000cb8
10000c90:	10006b2c 	.word	0x10006b2c
10000c94:	1000754c 	.word	0x1000754c
10000c98:	10006b4c 	.word	0x10006b4c
10000c9c:	20000cc0 	.word	0x20000cc0

10000ca0 <critical_section_init_with_lock_num>:
10000ca0:	4b03      	ldr	r3, [pc, #12]	@ (10000cb0 <critical_section_init_with_lock_num+0x10>)
10000ca2:	469c      	mov	ip, r3
10000ca4:	4461      	add	r1, ip
10000ca6:	0089      	lsls	r1, r1, #2
10000ca8:	6001      	str	r1, [r0, #0]
10000caa:	f3bf 8f5f 	dmb	sy
10000cae:	4770      	bx	lr
10000cb0:	34000040 	.word	0x34000040

10000cb4 <critical_section_init>:
10000cb4:	b510      	push	{r4, lr}
10000cb6:	0004      	movs	r4, r0
10000cb8:	2001      	movs	r0, #1
10000cba:	f7ff fd1b 	bl	100006f4 <spin_lock_claim_unused>
10000cbe:	0001      	movs	r1, r0
10000cc0:	0020      	movs	r0, r4
10000cc2:	f7ff ffed 	bl	10000ca0 <critical_section_init_with_lock_num>
10000cc6:	bd10      	pop	{r4, pc}

10000cc8 <ta_set_timeout>:
10000cc8:	b530      	push	{r4, r5, lr}
10000cca:	6a83      	ldr	r3, [r0, #40]	@ 0x28
10000ccc:	469c      	mov	ip, r3
10000cce:	1ad4      	subs	r4, r2, r3
10000cd0:	1d0b      	adds	r3, r1, #4
10000cd2:	009b      	lsls	r3, r3, #2
10000cd4:	581b      	ldr	r3, [r3, r0]
10000cd6:	4665      	mov	r5, ip
10000cd8:	1b5b      	subs	r3, r3, r5
10000cda:	429c      	cmp	r4, r3
10000cdc:	d304      	bcc.n	10000ce8 <ta_set_timeout+0x20>
10000cde:	6a04      	ldr	r4, [r0, #32]
10000ce0:	2301      	movs	r3, #1
10000ce2:	408b      	lsls	r3, r1
10000ce4:	4223      	tst	r3, r4
10000ce6:	d102      	bne.n	10000cee <ta_set_timeout+0x26>
10000ce8:	3104      	adds	r1, #4
10000cea:	0089      	lsls	r1, r1, #2
10000cec:	500a      	str	r2, [r1, r0]
10000cee:	bd30      	pop	{r4, r5, pc}

10000cf0 <make_alarm_id>:
10000cf0:	0400      	lsls	r0, r0, #16
10000cf2:	4308      	orrs	r0, r1
10000cf4:	4770      	bx	lr
	...

10000cf8 <sleep_until_callback>:
10000cf8:	4b0a      	ldr	r3, [pc, #40]	@ (10000d24 <sleep_until_callback+0x2c>)
10000cfa:	6819      	ldr	r1, [r3, #0]
10000cfc:	f3ef 8310 	mrs	r3, PRIMASK
10000d00:	b672      	cpsid	i
10000d02:	680a      	ldr	r2, [r1, #0]
10000d04:	2a00      	cmp	r2, #0
10000d06:	d0fc      	beq.n	10000d02 <sleep_until_callback+0xa>
10000d08:	f3bf 8f5f 	dmb	sy
10000d0c:	4a05      	ldr	r2, [pc, #20]	@ (10000d24 <sleep_until_callback+0x2c>)
10000d0e:	6812      	ldr	r2, [r2, #0]
10000d10:	f3bf 8f5f 	dmb	sy
10000d14:	2100      	movs	r1, #0
10000d16:	6011      	str	r1, [r2, #0]
10000d18:	f383 8810 	msr	PRIMASK, r3
10000d1c:	bf40      	sev
10000d1e:	2000      	movs	r0, #0
10000d20:	2100      	movs	r1, #0
10000d22:	4770      	bx	lr
10000d24:	200018ac 	.word	0x200018ac

10000d28 <alarm_pool_irq_handler>:
10000d28:	b5f0      	push	{r4, r5, r6, r7, lr}
10000d2a:	46de      	mov	lr, fp
10000d2c:	4657      	mov	r7, sl
10000d2e:	464e      	mov	r6, r9
10000d30:	4645      	mov	r5, r8
10000d32:	b5e0      	push	{r5, r6, r7, lr}
10000d34:	b083      	sub	sp, #12
10000d36:	f3ef 8305 	mrs	r3, IPSR
10000d3a:	2203      	movs	r2, #3
10000d3c:	401a      	ands	r2, r3
10000d3e:	0011      	movs	r1, r2
10000d40:	9201      	str	r2, [sp, #4]
10000d42:	4baf      	ldr	r3, [pc, #700]	@ (10001000 <alarm_pool_irq_handler+0x2d8>)
10000d44:	0092      	lsls	r2, r2, #2
10000d46:	58d3      	ldr	r3, [r2, r3]
10000d48:	4698      	mov	r8, r3
10000d4a:	781b      	ldrb	r3, [r3, #0]
10000d4c:	428b      	cmp	r3, r1
10000d4e:	d107      	bne.n	10000d60 <alarm_pool_irq_handler+0x38>
10000d50:	2301      	movs	r3, #1
10000d52:	9a01      	ldr	r2, [sp, #4]
10000d54:	4093      	lsls	r3, r2
10000d56:	9300      	str	r3, [sp, #0]
10000d58:	4baa      	ldr	r3, [pc, #680]	@ (10001004 <alarm_pool_irq_handler+0x2dc>)
10000d5a:	9a00      	ldr	r2, [sp, #0]
10000d5c:	601a      	str	r2, [r3, #0]
10000d5e:	e11f      	b.n	10000fa0 <alarm_pool_irq_handler+0x278>
10000d60:	4ba9      	ldr	r3, [pc, #676]	@ (10001008 <alarm_pool_irq_handler+0x2e0>)
10000d62:	4aaa      	ldr	r2, [pc, #680]	@ (1000100c <alarm_pool_irq_handler+0x2e4>)
10000d64:	48aa      	ldr	r0, [pc, #680]	@ (10001010 <alarm_pool_irq_handler+0x2e8>)
10000d66:	219c      	movs	r1, #156	@ 0x9c
10000d68:	f002 fef0 	bl	10003b4c <__assert_func>
10000d6c:	4643      	mov	r3, r8
10000d6e:	695a      	ldr	r2, [r3, #20]
10000d70:	464b      	mov	r3, r9
10000d72:	005b      	lsls	r3, r3, #1
10000d74:	444b      	add	r3, r9
10000d76:	00db      	lsls	r3, r3, #3
10000d78:	4693      	mov	fp, r2
10000d7a:	449b      	add	fp, r3
10000d7c:	465b      	mov	r3, fp
10000d7e:	689e      	ldr	r6, [r3, #8]
10000d80:	68df      	ldr	r7, [r3, #12]
10000d82:	48a4      	ldr	r0, [pc, #656]	@ (10001014 <alarm_pool_irq_handler+0x2ec>)
10000d84:	f000 fbbc 	bl	10001500 <timer_time_us_64>
10000d88:	1b80      	subs	r0, r0, r6
10000d8a:	41b9      	sbcs	r1, r7
10000d8c:	2900      	cmp	r1, #0
10000d8e:	da00      	bge.n	10000d92 <alarm_pool_irq_handler+0x6a>
10000d90:	e110      	b.n	10000fb4 <alarm_pool_irq_handler+0x28c>
10000d92:	2f00      	cmp	r7, #0
10000d94:	db61      	blt.n	10000e5a <alarm_pool_irq_handler+0x132>
10000d96:	465b      	mov	r3, fp
10000d98:	691c      	ldr	r4, [r3, #16]
10000d9a:	4b9f      	ldr	r3, [pc, #636]	@ (10001018 <alarm_pool_irq_handler+0x2f0>)
10000d9c:	429c      	cmp	r4, r3
10000d9e:	d047      	beq.n	10000e30 <alarm_pool_irq_handler+0x108>
10000da0:	4643      	mov	r3, r8
10000da2:	2008      	movs	r0, #8
10000da4:	5e18      	ldrsh	r0, [r3, r0]
10000da6:	465b      	mov	r3, fp
10000da8:	8859      	ldrh	r1, [r3, #2]
10000daa:	b289      	uxth	r1, r1
10000dac:	f7ff ffa0 	bl	10000cf0 <make_alarm_id>
10000db0:	465b      	mov	r3, fp
10000db2:	6959      	ldr	r1, [r3, #20]
10000db4:	47a0      	blx	r4
10000db6:	0004      	movs	r4, r0
10000db8:	000d      	movs	r5, r1
10000dba:	0023      	movs	r3, r4
10000dbc:	432b      	orrs	r3, r5
10000dbe:	d04c      	beq.n	10000e5a <alarm_pool_irq_handler+0x132>
10000dc0:	2d00      	cmp	r5, #0
10000dc2:	da3e      	bge.n	10000e42 <alarm_pool_irq_handler+0x11a>
10000dc4:	0030      	movs	r0, r6
10000dc6:	0039      	movs	r1, r7
10000dc8:	1b00      	subs	r0, r0, r4
10000dca:	41a9      	sbcs	r1, r5
10000dcc:	465b      	mov	r3, fp
10000dce:	6098      	str	r0, [r3, #8]
10000dd0:	60d9      	str	r1, [r3, #12]
10000dd2:	2400      	movs	r4, #0
10000dd4:	5f1c      	ldrsh	r4, [r3, r4]
10000dd6:	2c00      	cmp	r4, #0
10000dd8:	da00      	bge.n	10000ddc <alarm_pool_irq_handler+0xb4>
10000dda:	e0eb      	b.n	10000fb4 <alarm_pool_irq_handler+0x28c>
10000ddc:	4643      	mov	r3, r8
10000dde:	695a      	ldr	r2, [r3, #20]
10000de0:	4692      	mov	sl, r2
10000de2:	0063      	lsls	r3, r4, #1
10000de4:	191b      	adds	r3, r3, r4
10000de6:	00db      	lsls	r3, r3, #3
10000de8:	4453      	add	r3, sl
10000dea:	689a      	ldr	r2, [r3, #8]
10000dec:	68db      	ldr	r3, [r3, #12]
10000dee:	0005      	movs	r5, r0
10000df0:	000e      	movs	r6, r1
10000df2:	1aad      	subs	r5, r5, r2
10000df4:	419e      	sbcs	r6, r3
10000df6:	2e00      	cmp	r6, #0
10000df8:	da00      	bge.n	10000dfc <alarm_pool_irq_handler+0xd4>
10000dfa:	e0db      	b.n	10000fb4 <alarm_pool_irq_handler+0x28c>
10000dfc:	4643      	mov	r3, r8
10000dfe:	811c      	strh	r4, [r3, #8]
10000e00:	4647      	mov	r7, r8
10000e02:	3708      	adds	r7, #8
10000e04:	46bc      	mov	ip, r7
10000e06:	2c00      	cmp	r4, #0
10000e08:	db21      	blt.n	10000e4e <alarm_pool_irq_handler+0x126>
10000e0a:	4663      	mov	r3, ip
10000e0c:	2200      	movs	r2, #0
10000e0e:	5e9b      	ldrsh	r3, [r3, r2]
10000e10:	005d      	lsls	r5, r3, #1
10000e12:	18ed      	adds	r5, r5, r3
10000e14:	00ed      	lsls	r5, r5, #3
10000e16:	4455      	add	r5, sl
10000e18:	68aa      	ldr	r2, [r5, #8]
10000e1a:	68eb      	ldr	r3, [r5, #12]
10000e1c:	0006      	movs	r6, r0
10000e1e:	000f      	movs	r7, r1
10000e20:	1ab6      	subs	r6, r6, r2
10000e22:	419f      	sbcs	r7, r3
10000e24:	2f00      	cmp	r7, #0
10000e26:	db12      	blt.n	10000e4e <alarm_pool_irq_handler+0x126>
10000e28:	46ac      	mov	ip, r5
10000e2a:	2300      	movs	r3, #0
10000e2c:	5eec      	ldrsh	r4, [r5, r3]
10000e2e:	e7ea      	b.n	10000e06 <alarm_pool_irq_handler+0xde>
10000e30:	465b      	mov	r3, fp
10000e32:	695c      	ldr	r4, [r3, #20]
10000e34:	6923      	ldr	r3, [r4, #16]
10000e36:	0020      	movs	r0, r4
10000e38:	4798      	blx	r3
10000e3a:	2800      	cmp	r0, #0
10000e3c:	d00d      	beq.n	10000e5a <alarm_pool_irq_handler+0x132>
10000e3e:	cc30      	ldmia	r4, {r4, r5}
10000e40:	e7bb      	b.n	10000dba <alarm_pool_irq_handler+0x92>
10000e42:	4874      	ldr	r0, [pc, #464]	@ (10001014 <alarm_pool_irq_handler+0x2ec>)
10000e44:	f000 fb5c 	bl	10001500 <timer_time_us_64>
10000e48:	1900      	adds	r0, r0, r4
10000e4a:	4169      	adcs	r1, r5
10000e4c:	e7be      	b.n	10000dcc <alarm_pool_irq_handler+0xa4>
10000e4e:	465b      	mov	r3, fp
10000e50:	801c      	strh	r4, [r3, #0]
10000e52:	464b      	mov	r3, r9
10000e54:	4662      	mov	r2, ip
10000e56:	8013      	strh	r3, [r2, #0]
10000e58:	e0ac      	b.n	10000fb4 <alarm_pool_irq_handler+0x28c>
10000e5a:	465b      	mov	r3, fp
10000e5c:	2200      	movs	r2, #0
10000e5e:	5e9b      	ldrsh	r3, [r3, r2]
10000e60:	4642      	mov	r2, r8
10000e62:	8113      	strh	r3, [r2, #8]
10000e64:	6912      	ldr	r2, [r2, #16]
10000e66:	f3ef 8310 	mrs	r3, PRIMASK
10000e6a:	b672      	cpsid	i
10000e6c:	6811      	ldr	r1, [r2, #0]
10000e6e:	2900      	cmp	r1, #0
10000e70:	d0fc      	beq.n	10000e6c <alarm_pool_irq_handler+0x144>
10000e72:	f3bf 8f5f 	dmb	sy
10000e76:	4642      	mov	r2, r8
10000e78:	2102      	movs	r1, #2
10000e7a:	5e52      	ldrsh	r2, [r2, r1]
10000e7c:	4659      	mov	r1, fp
10000e7e:	800a      	strh	r2, [r1, #0]
10000e80:	4642      	mov	r2, r8
10000e82:	4649      	mov	r1, r9
10000e84:	8051      	strh	r1, [r2, #2]
10000e86:	6912      	ldr	r2, [r2, #16]
10000e88:	f3bf 8f5f 	dmb	sy
10000e8c:	2100      	movs	r1, #0
10000e8e:	6011      	str	r1, [r2, #0]
10000e90:	f383 8810 	msr	PRIMASK, r3
10000e94:	e08e      	b.n	10000fb4 <alarm_pool_irq_handler+0x28c>
10000e96:	4643      	mov	r3, r8
10000e98:	6919      	ldr	r1, [r3, #16]
10000e9a:	f3ef 8310 	mrs	r3, PRIMASK
10000e9e:	b672      	cpsid	i
10000ea0:	680a      	ldr	r2, [r1, #0]
10000ea2:	2a00      	cmp	r2, #0
10000ea4:	d0fc      	beq.n	10000ea0 <alarm_pool_irq_handler+0x178>
10000ea6:	f3bf 8f5f 	dmb	sy
10000eaa:	4642      	mov	r2, r8
10000eac:	8892      	ldrh	r2, [r2, #4]
10000eae:	b212      	sxth	r2, r2
10000eb0:	4691      	mov	r9, r2
10000eb2:	2201      	movs	r2, #1
10000eb4:	4252      	negs	r2, r2
10000eb6:	4641      	mov	r1, r8
10000eb8:	808a      	strh	r2, [r1, #4]
10000eba:	690a      	ldr	r2, [r1, #16]
10000ebc:	f3bf 8f5f 	dmb	sy
10000ec0:	2100      	movs	r1, #0
10000ec2:	6011      	str	r1, [r2, #0]
10000ec4:	f383 8810 	msr	PRIMASK, r3
10000ec8:	e01c      	b.n	10000f04 <alarm_pool_irq_handler+0x1dc>
10000eca:	469b      	mov	fp, r3
10000ecc:	2200      	movs	r2, #0
10000ece:	5e9a      	ldrsh	r2, [r3, r2]
10000ed0:	2a00      	cmp	r2, #0
10000ed2:	db0e      	blt.n	10000ef2 <alarm_pool_irq_handler+0x1ca>
10000ed4:	465b      	mov	r3, fp
10000ed6:	2100      	movs	r1, #0
10000ed8:	5e59      	ldrsh	r1, [r3, r1]
10000eda:	004b      	lsls	r3, r1, #1
10000edc:	185b      	adds	r3, r3, r1
10000ede:	00db      	lsls	r3, r3, #3
10000ee0:	4453      	add	r3, sl
10000ee2:	6898      	ldr	r0, [r3, #8]
10000ee4:	68d9      	ldr	r1, [r3, #12]
10000ee6:	0026      	movs	r6, r4
10000ee8:	002f      	movs	r7, r5
10000eea:	1a36      	subs	r6, r6, r0
10000eec:	418f      	sbcs	r7, r1
10000eee:	2f00      	cmp	r7, #0
10000ef0:	daeb      	bge.n	10000eca <alarm_pool_irq_handler+0x1a2>
10000ef2:	464b      	mov	r3, r9
10000ef4:	4659      	mov	r1, fp
10000ef6:	800b      	strh	r3, [r1, #0]
10000ef8:	4663      	mov	r3, ip
10000efa:	2100      	movs	r1, #0
10000efc:	5e5b      	ldrsh	r3, [r3, r1]
10000efe:	4699      	mov	r9, r3
10000f00:	4663      	mov	r3, ip
10000f02:	801a      	strh	r2, [r3, #0]
10000f04:	464b      	mov	r3, r9
10000f06:	2b00      	cmp	r3, #0
10000f08:	db5a      	blt.n	10000fc0 <alarm_pool_irq_handler+0x298>
10000f0a:	4643      	mov	r3, r8
10000f0c:	695a      	ldr	r2, [r3, #20]
10000f0e:	4692      	mov	sl, r2
10000f10:	464b      	mov	r3, r9
10000f12:	005b      	lsls	r3, r3, #1
10000f14:	444b      	add	r3, r9
10000f16:	00db      	lsls	r3, r3, #3
10000f18:	469c      	mov	ip, r3
10000f1a:	44d4      	add	ip, sl
10000f1c:	4663      	mov	r3, ip
10000f1e:	689c      	ldr	r4, [r3, #8]
10000f20:	68dd      	ldr	r5, [r3, #12]
10000f22:	4646      	mov	r6, r8
10000f24:	3608      	adds	r6, #8
10000f26:	46b3      	mov	fp, r6
10000f28:	4643      	mov	r3, r8
10000f2a:	2208      	movs	r2, #8
10000f2c:	5e9a      	ldrsh	r2, [r3, r2]
10000f2e:	e7cf      	b.n	10000ed0 <alarm_pool_irq_handler+0x1a8>
10000f30:	2300      	movs	r3, #0
10000f32:	4642      	mov	r2, r8
10000f34:	7193      	strb	r3, [r2, #6]
10000f36:	4641      	mov	r1, r8
10000f38:	3108      	adds	r1, #8
10000f3a:	4643      	mov	r3, r8
10000f3c:	2008      	movs	r0, #8
10000f3e:	5e18      	ldrsh	r0, [r3, r0]
10000f40:	e011      	b.n	10000f66 <alarm_pool_irq_handler+0x23e>
10000f42:	2201      	movs	r2, #1
10000f44:	4252      	negs	r2, r2
10000f46:	17d3      	asrs	r3, r2, #31
10000f48:	60a2      	str	r2, [r4, #8]
10000f4a:	60e3      	str	r3, [r4, #12]
10000f4c:	4643      	mov	r3, r8
10000f4e:	2208      	movs	r2, #8
10000f50:	5e9b      	ldrsh	r3, [r3, r2]
10000f52:	4283      	cmp	r3, r0
10000f54:	d006      	beq.n	10000f64 <alarm_pool_irq_handler+0x23c>
10000f56:	800d      	strh	r5, [r1, #0]
10000f58:	4643      	mov	r3, r8
10000f5a:	2208      	movs	r2, #8
10000f5c:	5e9b      	ldrsh	r3, [r3, r2]
10000f5e:	8023      	strh	r3, [r4, #0]
10000f60:	4643      	mov	r3, r8
10000f62:	8118      	strh	r0, [r3, #8]
10000f64:	0028      	movs	r0, r5
10000f66:	1c43      	adds	r3, r0, #1
10000f68:	d02e      	beq.n	10000fc8 <alarm_pool_irq_handler+0x2a0>
10000f6a:	4643      	mov	r3, r8
10000f6c:	695a      	ldr	r2, [r3, #20]
10000f6e:	0043      	lsls	r3, r0, #1
10000f70:	181b      	adds	r3, r3, r0
10000f72:	00db      	lsls	r3, r3, #3
10000f74:	18d4      	adds	r4, r2, r3
10000f76:	5ed5      	ldrsh	r5, [r2, r3]
10000f78:	8863      	ldrh	r3, [r4, #2]
10000f7a:	b21b      	sxth	r3, r3
10000f7c:	2b00      	cmp	r3, #0
10000f7e:	dbe0      	blt.n	10000f42 <alarm_pool_irq_handler+0x21a>
10000f80:	0021      	movs	r1, r4
10000f82:	e7ef      	b.n	10000f64 <alarm_pool_irq_handler+0x23c>
10000f84:	0022      	movs	r2, r4
10000f86:	002b      	movs	r3, r5
10000f88:	9901      	ldr	r1, [sp, #4]
10000f8a:	4822      	ldr	r0, [pc, #136]	@ (10001014 <alarm_pool_irq_handler+0x2ec>)
10000f8c:	f7ff fe9c 	bl	10000cc8 <ta_set_timeout>
10000f90:	4820      	ldr	r0, [pc, #128]	@ (10001014 <alarm_pool_irq_handler+0x2ec>)
10000f92:	f000 fab5 	bl	10001500 <timer_time_us_64>
10000f96:	1a24      	subs	r4, r4, r0
10000f98:	418d      	sbcs	r5, r1
10000f9a:	2d00      	cmp	r5, #0
10000f9c:	dc28      	bgt.n	10000ff0 <alarm_pool_irq_handler+0x2c8>
10000f9e:	d025      	beq.n	10000fec <alarm_pool_irq_handler+0x2c4>
10000fa0:	4b1c      	ldr	r3, [pc, #112]	@ (10001014 <alarm_pool_irq_handler+0x2ec>)
10000fa2:	9a00      	ldr	r2, [sp, #0]
10000fa4:	635a      	str	r2, [r3, #52]	@ 0x34
10000fa6:	4643      	mov	r3, r8
10000fa8:	2208      	movs	r2, #8
10000faa:	5e9b      	ldrsh	r3, [r3, r2]
10000fac:	4699      	mov	r9, r3
10000fae:	2b00      	cmp	r3, #0
10000fb0:	db00      	blt.n	10000fb4 <alarm_pool_irq_handler+0x28c>
10000fb2:	e6db      	b.n	10000d6c <alarm_pool_irq_handler+0x44>
10000fb4:	4643      	mov	r3, r8
10000fb6:	889b      	ldrh	r3, [r3, #4]
10000fb8:	b21b      	sxth	r3, r3
10000fba:	2b00      	cmp	r3, #0
10000fbc:	db00      	blt.n	10000fc0 <alarm_pool_irq_handler+0x298>
10000fbe:	e76a      	b.n	10000e96 <alarm_pool_irq_handler+0x16e>
10000fc0:	4643      	mov	r3, r8
10000fc2:	799b      	ldrb	r3, [r3, #6]
10000fc4:	2b00      	cmp	r3, #0
10000fc6:	d1b3      	bne.n	10000f30 <alarm_pool_irq_handler+0x208>
10000fc8:	4643      	mov	r3, r8
10000fca:	2208      	movs	r2, #8
10000fcc:	5e9a      	ldrsh	r2, [r3, r2]
10000fce:	2a00      	cmp	r2, #0
10000fd0:	db0e      	blt.n	10000ff0 <alarm_pool_irq_handler+0x2c8>
10000fd2:	4643      	mov	r3, r8
10000fd4:	6959      	ldr	r1, [r3, #20]
10000fd6:	0053      	lsls	r3, r2, #1
10000fd8:	189b      	adds	r3, r3, r2
10000fda:	00db      	lsls	r3, r3, #3
10000fdc:	18cb      	adds	r3, r1, r3
10000fde:	689c      	ldr	r4, [r3, #8]
10000fe0:	68dd      	ldr	r5, [r3, #12]
10000fe2:	1c63      	adds	r3, r4, #1
10000fe4:	d1ce      	bne.n	10000f84 <alarm_pool_irq_handler+0x25c>
10000fe6:	1c6b      	adds	r3, r5, #1
10000fe8:	d0d2      	beq.n	10000f90 <alarm_pool_irq_handler+0x268>
10000fea:	e7cb      	b.n	10000f84 <alarm_pool_irq_handler+0x25c>
10000fec:	2c00      	cmp	r4, #0
10000fee:	d0d7      	beq.n	10000fa0 <alarm_pool_irq_handler+0x278>
10000ff0:	bf40      	sev
10000ff2:	b003      	add	sp, #12
10000ff4:	bcf0      	pop	{r4, r5, r6, r7}
10000ff6:	46bb      	mov	fp, r7
10000ff8:	46b2      	mov	sl, r6
10000ffa:	46a9      	mov	r9, r5
10000ffc:	46a0      	mov	r8, r4
10000ffe:	bdf0      	pop	{r4, r5, r6, r7, pc}
10001000:	20001690 	.word	0x20001690
10001004:	4005703c 	.word	0x4005703c
10001008:	10006be0 	.word	0x10006be0
1000100c:	10007578 	.word	0x10007578
10001010:	10006c0c 	.word	0x10006c0c
10001014:	40054000 	.word	0x40054000
10001018:	10000d29 	.word	0x10000d29

1000101c <ta_enable_irq_handler>:
1000101c:	b570      	push	{r4, r5, r6, lr}
1000101e:	0004      	movs	r4, r0
10001020:	000d      	movs	r5, r1
10001022:	0011      	movs	r1, r2
10001024:	2601      	movs	r6, #1
10001026:	40ae      	lsls	r6, r5
10001028:	6206      	str	r6, [r0, #32]
1000102a:	0028      	movs	r0, r5
1000102c:	f7ff fc26 	bl	1000087c <irq_set_exclusive_handler>
10001030:	2101      	movs	r1, #1
10001032:	0028      	movs	r0, r5
10001034:	f7ff fbfa 	bl	1000082c <irq_set_enabled>
10001038:	4b02      	ldr	r3, [pc, #8]	@ (10001044 <ta_enable_irq_handler+0x28>)
1000103a:	469c      	mov	ip, r3
1000103c:	4464      	add	r4, ip
1000103e:	6026      	str	r6, [r4, #0]
10001040:	bd70      	pop	{r4, r5, r6, pc}
10001042:	46c0      	nop			@ (mov r8, r8)
10001044:	00002038 	.word	0x00002038

10001048 <alarm_pool_post_alloc_init>:
10001048:	b5f8      	push	{r3, r4, r5, r6, r7, lr}
1000104a:	0004      	movs	r4, r0
1000104c:	000f      	movs	r7, r1
1000104e:	0016      	movs	r6, r2
10001050:	001d      	movs	r5, r3
10001052:	60c1      	str	r1, [r0, #12]
10001054:	f7ff fb40 	bl	100006d8 <next_striped_spin_lock_num>
10001058:	4b12      	ldr	r3, [pc, #72]	@ (100010a4 <alarm_pool_post_alloc_init+0x5c>)
1000105a:	469c      	mov	ip, r3
1000105c:	4460      	add	r0, ip
1000105e:	0080      	lsls	r0, r0, #2
10001060:	6120      	str	r0, [r4, #16]
10001062:	7026      	strb	r6, [r4, #0]
10001064:	b2ab      	uxth	r3, r5
10001066:	8163      	strh	r3, [r4, #10]
10001068:	22d0      	movs	r2, #208	@ 0xd0
1000106a:	0612      	lsls	r2, r2, #24
1000106c:	7812      	ldrb	r2, [r2, #0]
1000106e:	7062      	strb	r2, [r4, #1]
10001070:	2201      	movs	r2, #1
10001072:	4252      	negs	r2, r2
10001074:	8122      	strh	r2, [r4, #8]
10001076:	80a2      	strh	r2, [r4, #4]
10001078:	189b      	adds	r3, r3, r2
1000107a:	8063      	strh	r3, [r4, #2]
1000107c:	2300      	movs	r3, #0
1000107e:	e006      	b.n	1000108e <alarm_pool_post_alloc_init+0x46>
10001080:	1e58      	subs	r0, r3, #1
10001082:	6961      	ldr	r1, [r4, #20]
10001084:	005a      	lsls	r2, r3, #1
10001086:	18d2      	adds	r2, r2, r3
10001088:	00d2      	lsls	r2, r2, #3
1000108a:	5288      	strh	r0, [r1, r2]
1000108c:	3301      	adds	r3, #1
1000108e:	42ab      	cmp	r3, r5
10001090:	d3f6      	bcc.n	10001080 <alarm_pool_post_alloc_init+0x38>
10001092:	4b05      	ldr	r3, [pc, #20]	@ (100010a8 <alarm_pool_post_alloc_init+0x60>)
10001094:	00b2      	lsls	r2, r6, #2
10001096:	50d4      	str	r4, [r2, r3]
10001098:	4a04      	ldr	r2, [pc, #16]	@ (100010ac <alarm_pool_post_alloc_init+0x64>)
1000109a:	0031      	movs	r1, r6
1000109c:	0038      	movs	r0, r7
1000109e:	f7ff ffbd 	bl	1000101c <ta_enable_irq_handler>
100010a2:	bdf8      	pop	{r3, r4, r5, r6, r7, pc}
100010a4:	34000040 	.word	0x34000040
100010a8:	20001690 	.word	0x20001690
100010ac:	10000d29 	.word	0x10000d29

100010b0 <alarm_pool_get_default>:
100010b0:	b510      	push	{r4, lr}
100010b2:	4b06      	ldr	r3, [pc, #24]	@ (100010cc <alarm_pool_get_default+0x1c>)
100010b4:	691b      	ldr	r3, [r3, #16]
100010b6:	2b00      	cmp	r3, #0
100010b8:	d001      	beq.n	100010be <alarm_pool_get_default+0xe>
100010ba:	4804      	ldr	r0, [pc, #16]	@ (100010cc <alarm_pool_get_default+0x1c>)
100010bc:	bd10      	pop	{r4, pc}
100010be:	4b04      	ldr	r3, [pc, #16]	@ (100010d0 <alarm_pool_get_default+0x20>)
100010c0:	4a04      	ldr	r2, [pc, #16]	@ (100010d4 <alarm_pool_get_default+0x24>)
100010c2:	4805      	ldr	r0, [pc, #20]	@ (100010d8 <alarm_pool_get_default+0x28>)
100010c4:	2165      	movs	r1, #101	@ 0x65
100010c6:	f002 fd41 	bl	10003b4c <__assert_func>
100010ca:	46c0      	nop			@ (mov r8, r8)
100010cc:	20000c40 	.word	0x20000c40
100010d0:	10006c4c 	.word	0x10006c4c
100010d4:	10007560 	.word	0x10007560
100010d8:	10006c0c 	.word	0x10006c0c

100010dc <alarm_pool_add_alarm_at_force_in_context>:
100010dc:	b5f8      	push	{r3, r4, r5, r6, r7, lr}
100010de:	0004      	movs	r4, r0
100010e0:	6905      	ldr	r5, [r0, #16]
100010e2:	f3ef 8010 	mrs	r0, PRIMASK
100010e6:	b672      	cpsid	i
100010e8:	6829      	ldr	r1, [r5, #0]
100010ea:	2900      	cmp	r1, #0
100010ec:	d0fc      	beq.n	100010e8 <alarm_pool_add_alarm_at_force_in_context+0xc>
100010ee:	f3bf 8f5f 	dmb	sy
100010f2:	2102      	movs	r1, #2
100010f4:	5e66      	ldrsh	r6, [r4, r1]
100010f6:	6965      	ldr	r5, [r4, #20]
100010f8:	0071      	lsls	r1, r6, #1
100010fa:	1989      	adds	r1, r1, r6
100010fc:	00c9      	lsls	r1, r1, #3
100010fe:	186d      	adds	r5, r5, r1
10001100:	2e00      	cmp	r6, #0
10001102:	db02      	blt.n	1000110a <alarm_pool_add_alarm_at_force_in_context+0x2e>
10001104:	2700      	movs	r7, #0
10001106:	5fe9      	ldrsh	r1, [r5, r7]
10001108:	8061      	strh	r1, [r4, #2]
1000110a:	6921      	ldr	r1, [r4, #16]
1000110c:	f3bf 8f5f 	dmb	sy
10001110:	2700      	movs	r7, #0
10001112:	600f      	str	r7, [r1, #0]
10001114:	f380 8810 	msr	PRIMASK, r0
10001118:	2e00      	cmp	r6, #0
1000111a:	db2c      	blt.n	10001176 <alarm_pool_add_alarm_at_force_in_context+0x9a>
1000111c:	9906      	ldr	r1, [sp, #24]
1000111e:	6129      	str	r1, [r5, #16]
10001120:	9907      	ldr	r1, [sp, #28]
10001122:	6169      	str	r1, [r5, #20]
10001124:	60aa      	str	r2, [r5, #8]
10001126:	60eb      	str	r3, [r5, #12]
10001128:	886b      	ldrh	r3, [r5, #2]
1000112a:	3301      	adds	r3, #1
1000112c:	045b      	lsls	r3, r3, #17
1000112e:	0c59      	lsrs	r1, r3, #17
10001130:	2b00      	cmp	r3, #0
10001132:	d100      	bne.n	10001136 <alarm_pool_add_alarm_at_force_in_context+0x5a>
10001134:	2101      	movs	r1, #1
10001136:	8069      	strh	r1, [r5, #2]
10001138:	0030      	movs	r0, r6
1000113a:	f7ff fdd9 	bl	10000cf0 <make_alarm_id>
1000113e:	6921      	ldr	r1, [r4, #16]
10001140:	f3ef 8310 	mrs	r3, PRIMASK
10001144:	b672      	cpsid	i
10001146:	680a      	ldr	r2, [r1, #0]
10001148:	2a00      	cmp	r2, #0
1000114a:	d0fc      	beq.n	10001146 <alarm_pool_add_alarm_at_force_in_context+0x6a>
1000114c:	f3bf 8f5f 	dmb	sy
10001150:	88a2      	ldrh	r2, [r4, #4]
10001152:	802a      	strh	r2, [r5, #0]
10001154:	80a6      	strh	r6, [r4, #4]
10001156:	6922      	ldr	r2, [r4, #16]
10001158:	f3bf 8f5f 	dmb	sy
1000115c:	2100      	movs	r1, #0
1000115e:	6011      	str	r1, [r2, #0]
10001160:	f383 8810 	msr	PRIMASK, r3
10001164:	68e3      	ldr	r3, [r4, #12]
10001166:	7821      	ldrb	r1, [r4, #0]
10001168:	2201      	movs	r2, #1
1000116a:	408a      	lsls	r2, r1
1000116c:	4903      	ldr	r1, [pc, #12]	@ (1000117c <alarm_pool_add_alarm_at_force_in_context+0xa0>)
1000116e:	468c      	mov	ip, r1
10001170:	4463      	add	r3, ip
10001172:	601a      	str	r2, [r3, #0]
10001174:	bdf8      	pop	{r3, r4, r5, r6, r7, pc}
10001176:	2001      	movs	r0, #1
10001178:	4240      	negs	r0, r0
1000117a:	e7fb      	b.n	10001174 <alarm_pool_add_alarm_at_force_in_context+0x98>
1000117c:	0000203c 	.word	0x0000203c

10001180 <alarm_pool_add_alarm_at>:
10001180:	b570      	push	{r4, r5, r6, lr}
10001182:	b082      	sub	sp, #8
10001184:	0006      	movs	r6, r0
10001186:	0014      	movs	r4, r2
10001188:	001d      	movs	r5, r3
1000118a:	ab08      	add	r3, sp, #32
1000118c:	781b      	ldrb	r3, [r3, #0]
1000118e:	2b00      	cmp	r3, #0
10001190:	d107      	bne.n	100011a2 <alarm_pool_add_alarm_at+0x22>
10001192:	f000 f9cb 	bl	1000152c <time_us_64>
10001196:	0022      	movs	r2, r4
10001198:	002b      	movs	r3, r5
1000119a:	1a12      	subs	r2, r2, r0
1000119c:	418b      	sbcs	r3, r1
1000119e:	2b00      	cmp	r3, #0
100011a0:	db0a      	blt.n	100011b8 <alarm_pool_add_alarm_at+0x38>
100011a2:	9b07      	ldr	r3, [sp, #28]
100011a4:	9301      	str	r3, [sp, #4]
100011a6:	9b06      	ldr	r3, [sp, #24]
100011a8:	9300      	str	r3, [sp, #0]
100011aa:	0022      	movs	r2, r4
100011ac:	002b      	movs	r3, r5
100011ae:	0030      	movs	r0, r6
100011b0:	f7ff ff94 	bl	100010dc <alarm_pool_add_alarm_at_force_in_context>
100011b4:	b002      	add	sp, #8
100011b6:	bd70      	pop	{r4, r5, r6, pc}
100011b8:	2000      	movs	r0, #0
100011ba:	e7fb      	b.n	100011b4 <alarm_pool_add_alarm_at+0x34>

100011bc <add_alarm_at>:
100011bc:	b5f0      	push	{r4, r5, r6, r7, lr}
100011be:	46c6      	mov	lr, r8
100011c0:	b500      	push	{lr}
100011c2:	b084      	sub	sp, #16
100011c4:	4680      	mov	r8, r0
100011c6:	000f      	movs	r7, r1
100011c8:	0016      	movs	r6, r2
100011ca:	001d      	movs	r5, r3
100011cc:	ab0a      	add	r3, sp, #40	@ 0x28
100011ce:	781c      	ldrb	r4, [r3, #0]
100011d0:	f7ff ff6e 	bl	100010b0 <alarm_pool_get_default>
100011d4:	9402      	str	r4, [sp, #8]
100011d6:	9501      	str	r5, [sp, #4]
100011d8:	9600      	str	r6, [sp, #0]
100011da:	4642      	mov	r2, r8
100011dc:	003b      	movs	r3, r7
100011de:	f7ff ffcf 	bl	10001180 <alarm_pool_add_alarm_at>
100011e2:	b004      	add	sp, #16
100011e4:	bc80      	pop	{r7}
100011e6:	46b8      	mov	r8, r7
100011e8:	bdf0      	pop	{r4, r5, r6, r7, pc}
	...

100011ec <alarm_pool_cancel_alarm>:
100011ec:	b530      	push	{r4, r5, lr}
100011ee:	0004      	movs	r4, r0
100011f0:	140a      	asrs	r2, r1, #16
100011f2:	8943      	ldrh	r3, [r0, #10]
100011f4:	429a      	cmp	r2, r3
100011f6:	da30      	bge.n	1000125a <alarm_pool_cancel_alarm+0x6e>
100011f8:	6940      	ldr	r0, [r0, #20]
100011fa:	0053      	lsls	r3, r2, #1
100011fc:	189b      	adds	r3, r3, r2
100011fe:	00db      	lsls	r3, r3, #3
10001200:	18c3      	adds	r3, r0, r3
10001202:	6922      	ldr	r2, [r4, #16]
10001204:	4694      	mov	ip, r2
10001206:	f3ef 8210 	mrs	r2, PRIMASK
1000120a:	b672      	cpsid	i
1000120c:	4660      	mov	r0, ip
1000120e:	6800      	ldr	r0, [r0, #0]
10001210:	2800      	cmp	r0, #0
10001212:	d0fb      	beq.n	1000120c <alarm_pool_cancel_alarm+0x20>
10001214:	f3bf 8f5f 	dmb	sy
10001218:	8858      	ldrh	r0, [r3, #2]
1000121a:	b285      	uxth	r5, r0
1000121c:	0409      	lsls	r1, r1, #16
1000121e:	0c09      	lsrs	r1, r1, #16
10001220:	4288      	cmp	r0, r1
10001222:	d012      	beq.n	1000124a <alarm_pool_cancel_alarm+0x5e>
10001224:	2000      	movs	r0, #0
10001226:	6923      	ldr	r3, [r4, #16]
10001228:	f3bf 8f5f 	dmb	sy
1000122c:	2100      	movs	r1, #0
1000122e:	6019      	str	r1, [r3, #0]
10001230:	f382 8810 	msr	PRIMASK, r2
10001234:	2800      	cmp	r0, #0
10001236:	d011      	beq.n	1000125c <alarm_pool_cancel_alarm+0x70>
10001238:	68e3      	ldr	r3, [r4, #12]
1000123a:	7821      	ldrb	r1, [r4, #0]
1000123c:	2201      	movs	r2, #1
1000123e:	408a      	lsls	r2, r1
10001240:	4907      	ldr	r1, [pc, #28]	@ (10001260 <alarm_pool_cancel_alarm+0x74>)
10001242:	468c      	mov	ip, r1
10001244:	4463      	add	r3, ip
10001246:	601a      	str	r2, [r3, #0]
10001248:	e008      	b.n	1000125c <alarm_pool_cancel_alarm+0x70>
1000124a:	4906      	ldr	r1, [pc, #24]	@ (10001264 <alarm_pool_cancel_alarm+0x78>)
1000124c:	4329      	orrs	r1, r5
1000124e:	b289      	uxth	r1, r1
10001250:	8059      	strh	r1, [r3, #2]
10001252:	2301      	movs	r3, #1
10001254:	71a3      	strb	r3, [r4, #6]
10001256:	2001      	movs	r0, #1
10001258:	e7e5      	b.n	10001226 <alarm_pool_cancel_alarm+0x3a>
1000125a:	2000      	movs	r0, #0
1000125c:	bd30      	pop	{r4, r5, pc}
1000125e:	46c0      	nop			@ (mov r8, r8)
10001260:	0000203c 	.word	0x0000203c
10001264:	ffff8000 	.word	0xffff8000

10001268 <cancel_alarm>:
10001268:	b510      	push	{r4, lr}
1000126a:	0004      	movs	r4, r0
1000126c:	f7ff ff20 	bl	100010b0 <alarm_pool_get_default>
10001270:	0021      	movs	r1, r4
10001272:	f7ff ffbb 	bl	100011ec <alarm_pool_cancel_alarm>
10001276:	bd10      	pop	{r4, pc}

10001278 <alarm_pool_core_num>:
10001278:	7840      	ldrb	r0, [r0, #1]
1000127a:	4770      	bx	lr

1000127c <sleep_until>:
1000127c:	b5f0      	push	{r4, r5, r6, r7, lr}
1000127e:	b083      	sub	sp, #12
10001280:	0006      	movs	r6, r0
10001282:	000f      	movs	r7, r1
10001284:	f3ef 8305 	mrs	r3, IPSR
10001288:	2b00      	cmp	r3, #0
1000128a:	d11a      	bne.n	100012c2 <sleep_until+0x46>
1000128c:	2406      	movs	r4, #6
1000128e:	4264      	negs	r4, r4
10001290:	17e5      	asrs	r5, r4, #31
10001292:	19a4      	adds	r4, r4, r6
10001294:	417d      	adcs	r5, r7
10001296:	428d      	cmp	r5, r1
10001298:	d802      	bhi.n	100012a0 <sleep_until+0x24>
1000129a:	d103      	bne.n	100012a4 <sleep_until+0x28>
1000129c:	4284      	cmp	r4, r0
1000129e:	d901      	bls.n	100012a4 <sleep_until+0x28>
100012a0:	2400      	movs	r4, #0
100012a2:	2500      	movs	r5, #0
100012a4:	f000 f942 	bl	1000152c <time_us_64>
100012a8:	0022      	movs	r2, r4
100012aa:	002b      	movs	r3, r5
100012ac:	1a12      	subs	r2, r2, r0
100012ae:	418b      	sbcs	r3, r1
100012b0:	2b00      	cmp	r3, #0
100012b2:	dc0b      	bgt.n	100012cc <sleep_until+0x50>
100012b4:	d008      	beq.n	100012c8 <sleep_until+0x4c>
100012b6:	0030      	movs	r0, r6
100012b8:	0039      	movs	r1, r7
100012ba:	f000 f93f 	bl	1000153c <busy_wait_until>
100012be:	b003      	add	sp, #12
100012c0:	bdf0      	pop	{r4, r5, r6, r7, pc}
100012c2:	4816      	ldr	r0, [pc, #88]	@ (1000131c <sleep_until+0xa0>)
100012c4:	f7ff f996 	bl	100005f4 <panic>
100012c8:	2a00      	cmp	r2, #0
100012ca:	d0f4      	beq.n	100012b6 <sleep_until+0x3a>
100012cc:	4a14      	ldr	r2, [pc, #80]	@ (10001320 <sleep_until+0xa4>)
100012ce:	2300      	movs	r3, #0
100012d0:	9300      	str	r3, [sp, #0]
100012d2:	0020      	movs	r0, r4
100012d4:	0029      	movs	r1, r5
100012d6:	f7ff ff71 	bl	100011bc <add_alarm_at>
100012da:	2800      	cmp	r0, #0
100012dc:	da13      	bge.n	10001306 <sleep_until+0x8a>
100012de:	e7ea      	b.n	100012b6 <sleep_until+0x3a>
100012e0:	4b10      	ldr	r3, [pc, #64]	@ (10001324 <sleep_until+0xa8>)
100012e2:	6819      	ldr	r1, [r3, #0]
100012e4:	f3ef 8310 	mrs	r3, PRIMASK
100012e8:	b672      	cpsid	i
100012ea:	680a      	ldr	r2, [r1, #0]
100012ec:	2a00      	cmp	r2, #0
100012ee:	d0fc      	beq.n	100012ea <sleep_until+0x6e>
100012f0:	f3bf 8f5f 	dmb	sy
100012f4:	4a0b      	ldr	r2, [pc, #44]	@ (10001324 <sleep_until+0xa8>)
100012f6:	6812      	ldr	r2, [r2, #0]
100012f8:	f3bf 8f5f 	dmb	sy
100012fc:	2100      	movs	r1, #0
100012fe:	6011      	str	r1, [r2, #0]
10001300:	f383 8810 	msr	PRIMASK, r3
10001304:	bf20      	wfe
10001306:	4b08      	ldr	r3, [pc, #32]	@ (10001328 <sleep_until+0xac>)
10001308:	6a5b      	ldr	r3, [r3, #36]	@ 0x24
1000130a:	429d      	cmp	r5, r3
1000130c:	d8e8      	bhi.n	100012e0 <sleep_until+0x64>
1000130e:	4906      	ldr	r1, [pc, #24]	@ (10001328 <sleep_until+0xac>)
10001310:	6a89      	ldr	r1, [r1, #40]	@ 0x28
10001312:	42a1      	cmp	r1, r4
10001314:	d2cf      	bcs.n	100012b6 <sleep_until+0x3a>
10001316:	429d      	cmp	r5, r3
10001318:	d1cd      	bne.n	100012b6 <sleep_until+0x3a>
1000131a:	e7e1      	b.n	100012e0 <sleep_until+0x64>
1000131c:	10006c70 	.word	0x10006c70
10001320:	10000cf9 	.word	0x10000cf9
10001324:	200018ac 	.word	0x200018ac
10001328:	40054000 	.word	0x40054000

1000132c <sleep_us>:
1000132c:	b570      	push	{r4, r5, r6, lr}
1000132e:	0004      	movs	r4, r0
10001330:	000d      	movs	r5, r1
10001332:	f000 f8fb 	bl	1000152c <time_us_64>
10001336:	0022      	movs	r2, r4
10001338:	002b      	movs	r3, r5
1000133a:	1812      	adds	r2, r2, r0
1000133c:	414b      	adcs	r3, r1
1000133e:	0010      	movs	r0, r2
10001340:	1e19      	subs	r1, r3, #0
10001342:	db02      	blt.n	1000134a <sleep_us+0x1e>
10001344:	f7ff ff9a 	bl	1000127c <sleep_until>
10001348:	bd70      	pop	{r4, r5, r6, pc}
1000134a:	2001      	movs	r0, #1
1000134c:	4240      	negs	r0, r0
1000134e:	4901      	ldr	r1, [pc, #4]	@ (10001354 <sleep_us+0x28>)
10001350:	e7f8      	b.n	10001344 <sleep_us+0x18>
10001352:	46c0      	nop			@ (mov r8, r8)
10001354:	7fffffff 	.word	0x7fffffff

10001358 <sleep_ms>:
10001358:	b510      	push	{r4, lr}
1000135a:	22fa      	movs	r2, #250	@ 0xfa
1000135c:	0092      	lsls	r2, r2, #2
1000135e:	2300      	movs	r3, #0
10001360:	2100      	movs	r1, #0
10001362:	f001 fa33 	bl	100027cc <__wrap___aeabi_lmul>
10001366:	f7ff ffe1 	bl	1000132c <sleep_us>
1000136a:	bd10      	pop	{r4, pc}

1000136c <best_effort_wfe_or_timeout>:
1000136c:	b5f0      	push	{r4, r5, r6, r7, lr}
1000136e:	46c6      	mov	lr, r8
10001370:	b500      	push	{lr}
10001372:	b084      	sub	sp, #16
10001374:	4680      	mov	r8, r0
10001376:	9103      	str	r1, [sp, #12]
10001378:	f3ef 8305 	mrs	r3, IPSR
1000137c:	2b00      	cmp	r3, #0
1000137e:	d12b      	bne.n	100013d8 <best_effort_wfe_or_timeout+0x6c>
10001380:	4b47      	ldr	r3, [pc, #284]	@ (100014a0 <best_effort_wfe_or_timeout+0x134>)
10001382:	681a      	ldr	r2, [r3, #0]
10001384:	685b      	ldr	r3, [r3, #4]
10001386:	4282      	cmp	r2, r0
10001388:	d039      	beq.n	100013fe <best_effort_wfe_or_timeout+0x92>
1000138a:	f7ff fe91 	bl	100010b0 <alarm_pool_get_default>
1000138e:	68c3      	ldr	r3, [r0, #12]
10001390:	001f      	movs	r7, r3
10001392:	7806      	ldrb	r6, [r0, #0]
10001394:	4642      	mov	r2, r8
10001396:	0014      	movs	r4, r2
10001398:	9a03      	ldr	r2, [sp, #12]
1000139a:	0015      	movs	r5, r2
1000139c:	0018      	movs	r0, r3
1000139e:	f000 f8af 	bl	10001500 <timer_time_us_64>
100013a2:	0002      	movs	r2, r0
100013a4:	000b      	movs	r3, r1
100013a6:	1aa4      	subs	r4, r4, r2
100013a8:	419d      	sbcs	r5, r3
100013aa:	0022      	movs	r2, r4
100013ac:	1d31      	adds	r1, r6, #4
100013ae:	0089      	lsls	r1, r1, #2
100013b0:	59c9      	ldr	r1, [r1, r7]
100013b2:	1a09      	subs	r1, r1, r0
100013b4:	2000      	movs	r0, #0
100013b6:	42a8      	cmp	r0, r5
100013b8:	dc27      	bgt.n	1000140a <best_effort_wfe_or_timeout+0x9e>
100013ba:	d024      	beq.n	10001406 <best_effort_wfe_or_timeout+0x9a>
100013bc:	bf20      	wfe
100013be:	9a03      	ldr	r2, [sp, #12]
100013c0:	4b38      	ldr	r3, [pc, #224]	@ (100014a4 <best_effort_wfe_or_timeout+0x138>)
100013c2:	6a5b      	ldr	r3, [r3, #36]	@ 0x24
100013c4:	429a      	cmp	r2, r3
100013c6:	d84b      	bhi.n	10001460 <best_effort_wfe_or_timeout+0xf4>
100013c8:	4936      	ldr	r1, [pc, #216]	@ (100014a4 <best_effort_wfe_or_timeout+0x138>)
100013ca:	6a89      	ldr	r1, [r1, #40]	@ 0x28
100013cc:	4541      	cmp	r1, r8
100013ce:	d24c      	bcs.n	1000146a <best_effort_wfe_or_timeout+0xfe>
100013d0:	429a      	cmp	r2, r3
100013d2:	d043      	beq.n	1000145c <best_effort_wfe_or_timeout+0xf0>
100013d4:	2001      	movs	r0, #1
100013d6:	e044      	b.n	10001462 <best_effort_wfe_or_timeout+0xf6>
100013d8:	000b      	movs	r3, r1
100013da:	4a32      	ldr	r2, [pc, #200]	@ (100014a4 <best_effort_wfe_or_timeout+0x138>)
100013dc:	6a52      	ldr	r2, [r2, #36]	@ 0x24
100013de:	428a      	cmp	r2, r1
100013e0:	d309      	bcc.n	100013f6 <best_effort_wfe_or_timeout+0x8a>
100013e2:	4930      	ldr	r1, [pc, #192]	@ (100014a4 <best_effort_wfe_or_timeout+0x138>)
100013e4:	6a89      	ldr	r1, [r1, #40]	@ 0x28
100013e6:	4288      	cmp	r0, r1
100013e8:	d907      	bls.n	100013fa <best_effort_wfe_or_timeout+0x8e>
100013ea:	429a      	cmp	r2, r3
100013ec:	d001      	beq.n	100013f2 <best_effort_wfe_or_timeout+0x86>
100013ee:	2001      	movs	r0, #1
100013f0:	e037      	b.n	10001462 <best_effort_wfe_or_timeout+0xf6>
100013f2:	2000      	movs	r0, #0
100013f4:	e035      	b.n	10001462 <best_effort_wfe_or_timeout+0xf6>
100013f6:	2000      	movs	r0, #0
100013f8:	e033      	b.n	10001462 <best_effort_wfe_or_timeout+0xf6>
100013fa:	2001      	movs	r0, #1
100013fc:	e031      	b.n	10001462 <best_effort_wfe_or_timeout+0xf6>
100013fe:	9a03      	ldr	r2, [sp, #12]
10001400:	4293      	cmp	r3, r2
10001402:	d1c2      	bne.n	1000138a <best_effort_wfe_or_timeout+0x1e>
10001404:	e7da      	b.n	100013bc <best_effort_wfe_or_timeout+0x50>
10001406:	4291      	cmp	r1, r2
10001408:	d9d8      	bls.n	100013bc <best_effort_wfe_or_timeout+0x50>
1000140a:	4a27      	ldr	r2, [pc, #156]	@ (100014a8 <best_effort_wfe_or_timeout+0x13c>)
1000140c:	2300      	movs	r3, #0
1000140e:	9300      	str	r3, [sp, #0]
10001410:	4645      	mov	r5, r8
10001412:	0028      	movs	r0, r5
10001414:	9c03      	ldr	r4, [sp, #12]
10001416:	0021      	movs	r1, r4
10001418:	f7ff fed0 	bl	100011bc <add_alarm_at>
1000141c:	2800      	cmp	r0, #0
1000141e:	dd26      	ble.n	1000146e <best_effort_wfe_or_timeout+0x102>
10001420:	4b1f      	ldr	r3, [pc, #124]	@ (100014a0 <best_effort_wfe_or_timeout+0x134>)
10001422:	601d      	str	r5, [r3, #0]
10001424:	9903      	ldr	r1, [sp, #12]
10001426:	6059      	str	r1, [r3, #4]
10001428:	000d      	movs	r5, r1
1000142a:	4b1e      	ldr	r3, [pc, #120]	@ (100014a4 <best_effort_wfe_or_timeout+0x138>)
1000142c:	6a5b      	ldr	r3, [r3, #36]	@ 0x24
1000142e:	4299      	cmp	r1, r3
10001430:	d805      	bhi.n	1000143e <best_effort_wfe_or_timeout+0xd2>
10001432:	4a1c      	ldr	r2, [pc, #112]	@ (100014a4 <best_effort_wfe_or_timeout+0x138>)
10001434:	6a92      	ldr	r2, [r2, #40]	@ 0x28
10001436:	4542      	cmp	r2, r8
10001438:	d202      	bcs.n	10001440 <best_effort_wfe_or_timeout+0xd4>
1000143a:	4299      	cmp	r1, r3
1000143c:	d100      	bne.n	10001440 <best_effort_wfe_or_timeout+0xd4>
1000143e:	bf20      	wfe
10001440:	f7ff ff12 	bl	10001268 <cancel_alarm>
10001444:	4b17      	ldr	r3, [pc, #92]	@ (100014a4 <best_effort_wfe_or_timeout+0x138>)
10001446:	6a5b      	ldr	r3, [r3, #36]	@ 0x24
10001448:	429d      	cmp	r5, r3
1000144a:	d824      	bhi.n	10001496 <best_effort_wfe_or_timeout+0x12a>
1000144c:	4a15      	ldr	r2, [pc, #84]	@ (100014a4 <best_effort_wfe_or_timeout+0x138>)
1000144e:	6a92      	ldr	r2, [r2, #40]	@ 0x28
10001450:	4542      	cmp	r2, r8
10001452:	d222      	bcs.n	1000149a <best_effort_wfe_or_timeout+0x12e>
10001454:	429d      	cmp	r5, r3
10001456:	d01c      	beq.n	10001492 <best_effort_wfe_or_timeout+0x126>
10001458:	2001      	movs	r0, #1
1000145a:	e002      	b.n	10001462 <best_effort_wfe_or_timeout+0xf6>
1000145c:	2000      	movs	r0, #0
1000145e:	e000      	b.n	10001462 <best_effort_wfe_or_timeout+0xf6>
10001460:	2000      	movs	r0, #0
10001462:	b004      	add	sp, #16
10001464:	bc80      	pop	{r7}
10001466:	46b8      	mov	r8, r7
10001468:	bdf0      	pop	{r4, r5, r6, r7, pc}
1000146a:	2001      	movs	r0, #1
1000146c:	e7f9      	b.n	10001462 <best_effort_wfe_or_timeout+0xf6>
1000146e:	4b0d      	ldr	r3, [pc, #52]	@ (100014a4 <best_effort_wfe_or_timeout+0x138>)
10001470:	6a5b      	ldr	r3, [r3, #36]	@ 0x24
10001472:	429c      	cmp	r4, r3
10001474:	d809      	bhi.n	1000148a <best_effort_wfe_or_timeout+0x11e>
10001476:	490b      	ldr	r1, [pc, #44]	@ (100014a4 <best_effort_wfe_or_timeout+0x138>)
10001478:	6a89      	ldr	r1, [r1, #40]	@ 0x28
1000147a:	4541      	cmp	r1, r8
1000147c:	d207      	bcs.n	1000148e <best_effort_wfe_or_timeout+0x122>
1000147e:	429c      	cmp	r4, r3
10001480:	d001      	beq.n	10001486 <best_effort_wfe_or_timeout+0x11a>
10001482:	2001      	movs	r0, #1
10001484:	e7ed      	b.n	10001462 <best_effort_wfe_or_timeout+0xf6>
10001486:	2000      	movs	r0, #0
10001488:	e7eb      	b.n	10001462 <best_effort_wfe_or_timeout+0xf6>
1000148a:	2000      	movs	r0, #0
1000148c:	e7e9      	b.n	10001462 <best_effort_wfe_or_timeout+0xf6>
1000148e:	2001      	movs	r0, #1
10001490:	e7e7      	b.n	10001462 <best_effort_wfe_or_timeout+0xf6>
10001492:	2000      	movs	r0, #0
10001494:	e7e5      	b.n	10001462 <best_effort_wfe_or_timeout+0xf6>
10001496:	2000      	movs	r0, #0
10001498:	e7e3      	b.n	10001462 <best_effort_wfe_or_timeout+0xf6>
1000149a:	2001      	movs	r0, #1
1000149c:	e7e1      	b.n	10001462 <best_effort_wfe_or_timeout+0xf6>
1000149e:	46c0      	nop			@ (mov r8, r8)
100014a0:	20000c38 	.word	0x20000c38
100014a4:	40054000 	.word	0x40054000
100014a8:	10000cf9 	.word	0x10000cf9

100014ac <alarm_pool_get_default_timer>:
100014ac:	4800      	ldr	r0, [pc, #0]	@ (100014b0 <alarm_pool_get_default_timer+0x4>)
100014ae:	4770      	bx	lr
100014b0:	40054000 	.word	0x40054000

100014b4 <runtime_init_default_alarm_pool>:
100014b4:	b510      	push	{r4, lr}
100014b6:	4b0b      	ldr	r3, [pc, #44]	@ (100014e4 <runtime_init_default_alarm_pool+0x30>)
100014b8:	691b      	ldr	r3, [r3, #16]
100014ba:	2b00      	cmp	r3, #0
100014bc:	d004      	beq.n	100014c8 <runtime_init_default_alarm_pool+0x14>
100014be:	480a      	ldr	r0, [pc, #40]	@ (100014e8 <runtime_init_default_alarm_pool+0x34>)
100014c0:	210a      	movs	r1, #10
100014c2:	f7ff fba3 	bl	10000c0c <lock_init>
100014c6:	bd10      	pop	{r4, pc}
100014c8:	f7ff fff0 	bl	100014ac <alarm_pool_get_default_timer>
100014cc:	0004      	movs	r4, r0
100014ce:	2103      	movs	r1, #3
100014d0:	f000 f80c 	bl	100014ec <timer_hardware_alarm_claim>
100014d4:	4803      	ldr	r0, [pc, #12]	@ (100014e4 <runtime_init_default_alarm_pool+0x30>)
100014d6:	2310      	movs	r3, #16
100014d8:	2203      	movs	r2, #3
100014da:	0021      	movs	r1, r4
100014dc:	f7ff fdb4 	bl	10001048 <alarm_pool_post_alloc_init>
100014e0:	e7ed      	b.n	100014be <runtime_init_default_alarm_pool+0xa>
100014e2:	46c0      	nop			@ (mov r8, r8)
100014e4:	20000c40 	.word	0x20000c40
100014e8:	200018ac 	.word	0x200018ac

100014ec <timer_hardware_alarm_claim>:
100014ec:	b510      	push	{r4, lr}
100014ee:	4a02      	ldr	r2, [pc, #8]	@ (100014f8 <timer_hardware_alarm_claim+0xc>)
100014f0:	4802      	ldr	r0, [pc, #8]	@ (100014fc <timer_hardware_alarm_claim+0x10>)
100014f2:	f7ff f8ad 	bl	10000650 <hw_claim_or_assert>
100014f6:	bd10      	pop	{r4, pc}
100014f8:	10006cc0 	.word	0x10006cc0
100014fc:	20001220 	.word	0x20001220

10001500 <timer_time_us_64>:
10001500:	0002      	movs	r2, r0
10001502:	6a43      	ldr	r3, [r0, #36]	@ 0x24
10001504:	6a90      	ldr	r0, [r2, #40]	@ 0x28
10001506:	0019      	movs	r1, r3
10001508:	6a53      	ldr	r3, [r2, #36]	@ 0x24
1000150a:	4299      	cmp	r1, r3
1000150c:	d1fa      	bne.n	10001504 <timer_time_us_64+0x4>
1000150e:	4770      	bx	lr

10001510 <timer_busy_wait_until>:
10001510:	6a41      	ldr	r1, [r0, #36]	@ 0x24
10001512:	e000      	b.n	10001516 <timer_busy_wait_until+0x6>
10001514:	6a41      	ldr	r1, [r0, #36]	@ 0x24
10001516:	4299      	cmp	r1, r3
10001518:	d3fc      	bcc.n	10001514 <timer_busy_wait_until+0x4>
1000151a:	e000      	b.n	1000151e <timer_busy_wait_until+0xe>
1000151c:	6a41      	ldr	r1, [r0, #36]	@ 0x24
1000151e:	4299      	cmp	r1, r3
10001520:	d102      	bne.n	10001528 <timer_busy_wait_until+0x18>
10001522:	6a81      	ldr	r1, [r0, #40]	@ 0x28
10001524:	4291      	cmp	r1, r2
10001526:	d3f9      	bcc.n	1000151c <timer_busy_wait_until+0xc>
10001528:	4770      	bx	lr
	...

1000152c <time_us_64>:
1000152c:	b510      	push	{r4, lr}
1000152e:	4802      	ldr	r0, [pc, #8]	@ (10001538 <time_us_64+0xc>)
10001530:	f7ff ffe6 	bl	10001500 <timer_time_us_64>
10001534:	bd10      	pop	{r4, pc}
10001536:	46c0      	nop			@ (mov r8, r8)
10001538:	40054000 	.word	0x40054000

1000153c <busy_wait_until>:
1000153c:	b510      	push	{r4, lr}
1000153e:	0002      	movs	r2, r0
10001540:	000b      	movs	r3, r1
10001542:	4802      	ldr	r0, [pc, #8]	@ (1000154c <busy_wait_until+0x10>)
10001544:	f7ff ffe4 	bl	10001510 <timer_busy_wait_until>
10001548:	bd10      	pop	{r4, pc}
1000154a:	46c0      	nop			@ (mov r8, r8)
1000154c:	40054000 	.word	0x40054000

10001550 <clock_configure_internal>:
10001550:	b5f8      	push	{r3, r4, r5, r6, r7, lr}
10001552:	46ce      	mov	lr, r9
10001554:	4647      	mov	r7, r8
10001556:	b580      	push	{r7, lr}
10001558:	0005      	movs	r5, r0
1000155a:	000e      	movs	r6, r1
1000155c:	4690      	mov	r8, r2
1000155e:	4699      	mov	r9, r3
10001560:	0044      	lsls	r4, r0, #1
10001562:	1824      	adds	r4, r4, r0
10001564:	00a4      	lsls	r4, r4, #2
10001566:	4b28      	ldr	r3, [pc, #160]	@ (10001608 <clock_configure_internal+0xb8>)
10001568:	469c      	mov	ip, r3
1000156a:	4464      	add	r4, ip
1000156c:	6863      	ldr	r3, [r4, #4]
1000156e:	9a08      	ldr	r2, [sp, #32]
10001570:	4293      	cmp	r3, r2
10001572:	d200      	bcs.n	10001576 <clock_configure_internal+0x26>
10001574:	6062      	str	r2, [r4, #4]
10001576:	1f2f      	subs	r7, r5, #4
10001578:	b2ff      	uxtb	r7, r7
1000157a:	2f01      	cmp	r7, #1
1000157c:	d92e      	bls.n	100015dc <clock_configure_internal+0x8c>
1000157e:	2280      	movs	r2, #128	@ 0x80
10001580:	0112      	lsls	r2, r2, #4
10001582:	23c0      	movs	r3, #192	@ 0xc0
10001584:	019b      	lsls	r3, r3, #6
10001586:	18e3      	adds	r3, r4, r3
10001588:	601a      	str	r2, [r3, #0]
1000158a:	4b20      	ldr	r3, [pc, #128]	@ (1000160c <clock_configure_internal+0xbc>)
1000158c:	00aa      	lsls	r2, r5, #2
1000158e:	58d1      	ldr	r1, [r2, r3]
10001590:	2900      	cmp	r1, #0
10001592:	d007      	beq.n	100015a4 <clock_configure_internal+0x54>
10001594:	6958      	ldr	r0, [r3, #20]
10001596:	f000 fadd 	bl	10001b54 <__wrap___aeabi_uidiv>
1000159a:	3001      	adds	r0, #1
1000159c:	0043      	lsls	r3, r0, #1
1000159e:	181b      	adds	r3, r3, r0
100015a0:	3b03      	subs	r3, #3
100015a2:	d2fd      	bcs.n	100015a0 <clock_configure_internal+0x50>
100015a4:	4643      	mov	r3, r8
100015a6:	015b      	lsls	r3, r3, #5
100015a8:	6822      	ldr	r2, [r4, #0]
100015aa:	4053      	eors	r3, r2
100015ac:	22e0      	movs	r2, #224	@ 0xe0
100015ae:	4013      	ands	r3, r2
100015b0:	2280      	movs	r2, #128	@ 0x80
100015b2:	0152      	lsls	r2, r2, #5
100015b4:	18a2      	adds	r2, r4, r2
100015b6:	6013      	str	r3, [r2, #0]
100015b8:	2f01      	cmp	r7, #1
100015ba:	d91a      	bls.n	100015f2 <clock_configure_internal+0xa2>
100015bc:	2380      	movs	r3, #128	@ 0x80
100015be:	019b      	lsls	r3, r3, #6
100015c0:	18e3      	adds	r3, r4, r3
100015c2:	2280      	movs	r2, #128	@ 0x80
100015c4:	0112      	lsls	r2, r2, #4
100015c6:	601a      	str	r2, [r3, #0]
100015c8:	9b08      	ldr	r3, [sp, #32]
100015ca:	6063      	str	r3, [r4, #4]
100015cc:	4b0f      	ldr	r3, [pc, #60]	@ (1000160c <clock_configure_internal+0xbc>)
100015ce:	00ad      	lsls	r5, r5, #2
100015d0:	464a      	mov	r2, r9
100015d2:	50ea      	str	r2, [r5, r3]
100015d4:	bcc0      	pop	{r6, r7}
100015d6:	46b9      	mov	r9, r7
100015d8:	46b0      	mov	r8, r6
100015da:	bdf8      	pop	{r3, r4, r5, r6, r7, pc}
100015dc:	2e01      	cmp	r6, #1
100015de:	d1ce      	bne.n	1000157e <clock_configure_internal+0x2e>
100015e0:	2203      	movs	r2, #3
100015e2:	23c0      	movs	r3, #192	@ 0xc0
100015e4:	019b      	lsls	r3, r3, #6
100015e6:	18e3      	adds	r3, r4, r3
100015e8:	601a      	str	r2, [r3, #0]
100015ea:	68a3      	ldr	r3, [r4, #8]
100015ec:	07db      	lsls	r3, r3, #31
100015ee:	d5fc      	bpl.n	100015ea <clock_configure_internal+0x9a>
100015f0:	e7d8      	b.n	100015a4 <clock_configure_internal+0x54>
100015f2:	6821      	ldr	r1, [r4, #0]
100015f4:	4071      	eors	r1, r6
100015f6:	2303      	movs	r3, #3
100015f8:	400b      	ands	r3, r1
100015fa:	6013      	str	r3, [r2, #0]
100015fc:	68a3      	ldr	r3, [r4, #8]
100015fe:	2201      	movs	r2, #1
10001600:	40b2      	lsls	r2, r6
10001602:	421a      	tst	r2, r3
10001604:	d0fa      	beq.n	100015fc <clock_configure_internal+0xac>
10001606:	e7d9      	b.n	100015bc <clock_configure_internal+0x6c>
10001608:	40008000 	.word	0x40008000
1000160c:	20001224 	.word	0x20001224

10001610 <clock_configure_int_divider>:
10001610:	b570      	push	{r4, r5, r6, lr}
10001612:	b082      	sub	sp, #8
10001614:	0006      	movs	r6, r0
10001616:	000d      	movs	r5, r1
10001618:	0014      	movs	r4, r2
1000161a:	0018      	movs	r0, r3
1000161c:	9906      	ldr	r1, [sp, #24]
1000161e:	f000 fa99 	bl	10001b54 <__wrap___aeabi_uidiv>
10001622:	0003      	movs	r3, r0
10001624:	9a06      	ldr	r2, [sp, #24]
10001626:	0211      	lsls	r1, r2, #8
10001628:	9100      	str	r1, [sp, #0]
1000162a:	0022      	movs	r2, r4
1000162c:	0029      	movs	r1, r5
1000162e:	0030      	movs	r0, r6
10001630:	f7ff ff8e 	bl	10001550 <clock_configure_internal>
10001634:	b002      	add	sp, #8
10001636:	bd70      	pop	{r4, r5, r6, pc}

10001638 <clock_configure_undivided>:
10001638:	b510      	push	{r4, lr}
1000163a:	b082      	sub	sp, #8
1000163c:	2480      	movs	r4, #128	@ 0x80
1000163e:	0064      	lsls	r4, r4, #1
10001640:	9400      	str	r4, [sp, #0]
10001642:	f7ff ff85 	bl	10001550 <clock_configure_internal>
10001646:	b002      	add	sp, #8
10001648:	bd10      	pop	{r4, pc}
	...

1000164c <clock_get_hz>:
1000164c:	4b01      	ldr	r3, [pc, #4]	@ (10001654 <clock_get_hz+0x8>)
1000164e:	0080      	lsls	r0, r0, #2
10001650:	58c0      	ldr	r0, [r0, r3]
10001652:	4770      	bx	lr
10001654:	20001224 	.word	0x20001224

10001658 <pll_init>:
10001658:	b5f0      	push	{r4, r5, r6, r7, lr}
1000165a:	46c6      	mov	lr, r8
1000165c:	b500      	push	{lr}
1000165e:	0004      	movs	r4, r0
10001660:	000e      	movs	r6, r1
10001662:	0017      	movs	r7, r2
10001664:	001d      	movs	r5, r3
10001666:	4837      	ldr	r0, [pc, #220]	@ (10001744 <pll_init+0xec>)
10001668:	f000 fa74 	bl	10001b54 <__wrap___aeabi_uidiv>
1000166c:	4680      	mov	r8, r0
1000166e:	4b36      	ldr	r3, [pc, #216]	@ (10001748 <pll_init+0xf0>)
10001670:	18fa      	adds	r2, r7, r3
10001672:	4b36      	ldr	r3, [pc, #216]	@ (1000174c <pll_init+0xf4>)
10001674:	429a      	cmp	r2, r3
10001676:	d839      	bhi.n	100016ec <pll_init+0x94>
10001678:	0001      	movs	r1, r0
1000167a:	0038      	movs	r0, r7
1000167c:	f000 fa6a 	bl	10001b54 <__wrap___aeabi_uidiv>
10001680:	0002      	movs	r2, r0
10001682:	3a10      	subs	r2, #16
10001684:	2398      	movs	r3, #152	@ 0x98
10001686:	005b      	lsls	r3, r3, #1
10001688:	429a      	cmp	r2, r3
1000168a:	d835      	bhi.n	100016f8 <pll_init+0xa0>
1000168c:	1e6b      	subs	r3, r5, #1
1000168e:	2b06      	cmp	r3, #6
10001690:	d838      	bhi.n	10001704 <pll_init+0xac>
10001692:	9b06      	ldr	r3, [sp, #24]
10001694:	3b01      	subs	r3, #1
10001696:	2b06      	cmp	r3, #6
10001698:	d834      	bhi.n	10001704 <pll_init+0xac>
1000169a:	093f      	lsrs	r7, r7, #4
1000169c:	4547      	cmp	r7, r8
1000169e:	d337      	bcc.n	10001710 <pll_init+0xb8>
100016a0:	042d      	lsls	r5, r5, #16
100016a2:	9b06      	ldr	r3, [sp, #24]
100016a4:	031b      	lsls	r3, r3, #12
100016a6:	431d      	orrs	r5, r3
100016a8:	6823      	ldr	r3, [r4, #0]
100016aa:	2b00      	cmp	r3, #0
100016ac:	db36      	blt.n	1000171c <pll_init+0xc4>
100016ae:	4b28      	ldr	r3, [pc, #160]	@ (10001750 <pll_init+0xf8>)
100016b0:	429c      	cmp	r4, r3
100016b2:	d044      	beq.n	1000173e <pll_init+0xe6>
100016b4:	220c      	movs	r2, #12
100016b6:	2301      	movs	r3, #1
100016b8:	4093      	lsls	r3, r2
100016ba:	4a26      	ldr	r2, [pc, #152]	@ (10001754 <pll_init+0xfc>)
100016bc:	6013      	str	r3, [r2, #0]
100016be:	4a26      	ldr	r2, [pc, #152]	@ (10001758 <pll_init+0x100>)
100016c0:	6013      	str	r3, [r2, #0]
100016c2:	4a26      	ldr	r2, [pc, #152]	@ (1000175c <pll_init+0x104>)
100016c4:	6812      	ldr	r2, [r2, #0]
100016c6:	0019      	movs	r1, r3
100016c8:	4391      	bics	r1, r2
100016ca:	1e0a      	subs	r2, r1, #0
100016cc:	d1f9      	bne.n	100016c2 <pll_init+0x6a>
100016ce:	6026      	str	r6, [r4, #0]
100016d0:	60a0      	str	r0, [r4, #8]
100016d2:	4b23      	ldr	r3, [pc, #140]	@ (10001760 <pll_init+0x108>)
100016d4:	18e3      	adds	r3, r4, r3
100016d6:	3221      	adds	r2, #33	@ 0x21
100016d8:	601a      	str	r2, [r3, #0]
100016da:	6822      	ldr	r2, [r4, #0]
100016dc:	2a00      	cmp	r2, #0
100016de:	dafc      	bge.n	100016da <pll_init+0x82>
100016e0:	60e5      	str	r5, [r4, #12]
100016e2:	2208      	movs	r2, #8
100016e4:	601a      	str	r2, [r3, #0]
100016e6:	bc80      	pop	{r7}
100016e8:	46b8      	mov	r8, r7
100016ea:	bdf0      	pop	{r4, r5, r6, r7, pc}
100016ec:	4b1d      	ldr	r3, [pc, #116]	@ (10001764 <pll_init+0x10c>)
100016ee:	4a1e      	ldr	r2, [pc, #120]	@ (10001768 <pll_init+0x110>)
100016f0:	481e      	ldr	r0, [pc, #120]	@ (1000176c <pll_init+0x114>)
100016f2:	2111      	movs	r1, #17
100016f4:	f002 fa2a 	bl	10003b4c <__assert_func>
100016f8:	4b1d      	ldr	r3, [pc, #116]	@ (10001770 <pll_init+0x118>)
100016fa:	4a1b      	ldr	r2, [pc, #108]	@ (10001768 <pll_init+0x110>)
100016fc:	481b      	ldr	r0, [pc, #108]	@ (1000176c <pll_init+0x114>)
100016fe:	2119      	movs	r1, #25
10001700:	f002 fa24 	bl	10003b4c <__assert_func>
10001704:	4b1b      	ldr	r3, [pc, #108]	@ (10001774 <pll_init+0x11c>)
10001706:	4a18      	ldr	r2, [pc, #96]	@ (10001768 <pll_init+0x110>)
10001708:	4818      	ldr	r0, [pc, #96]	@ (1000176c <pll_init+0x114>)
1000170a:	211c      	movs	r1, #28
1000170c:	f002 fa1e 	bl	10003b4c <__assert_func>
10001710:	4b19      	ldr	r3, [pc, #100]	@ (10001778 <pll_init+0x120>)
10001712:	4a15      	ldr	r2, [pc, #84]	@ (10001768 <pll_init+0x110>)
10001714:	4815      	ldr	r0, [pc, #84]	@ (1000176c <pll_init+0x114>)
10001716:	2123      	movs	r1, #35	@ 0x23
10001718:	f002 fa18 	bl	10003b4c <__assert_func>
1000171c:	6822      	ldr	r2, [r4, #0]
1000171e:	233f      	movs	r3, #63	@ 0x3f
10001720:	4013      	ands	r3, r2
10001722:	42b3      	cmp	r3, r6
10001724:	d1c3      	bne.n	100016ae <pll_init+0x56>
10001726:	68a3      	ldr	r3, [r4, #8]
10001728:	051b      	lsls	r3, r3, #20
1000172a:	0d1b      	lsrs	r3, r3, #20
1000172c:	4283      	cmp	r3, r0
1000172e:	d1be      	bne.n	100016ae <pll_init+0x56>
10001730:	68e3      	ldr	r3, [r4, #12]
10001732:	22ee      	movs	r2, #238	@ 0xee
10001734:	02d2      	lsls	r2, r2, #11
10001736:	4013      	ands	r3, r2
10001738:	42ab      	cmp	r3, r5
1000173a:	d1b8      	bne.n	100016ae <pll_init+0x56>
1000173c:	e7d3      	b.n	100016e6 <pll_init+0x8e>
1000173e:	220d      	movs	r2, #13
10001740:	e7b9      	b.n	100016b6 <pll_init+0x5e>
10001742:	46c0      	nop			@ (mov r8, r8)
10001744:	00b71b00 	.word	0x00b71b00
10001748:	d34be880 	.word	0xd34be880
1000174c:	32a9f880 	.word	0x32a9f880
10001750:	4002c000 	.word	0x4002c000
10001754:	4000e000 	.word	0x4000e000
10001758:	4000f000 	.word	0x4000f000
1000175c:	4000c008 	.word	0x4000c008
10001760:	00003004 	.word	0x00003004
10001764:	10006ce4 	.word	0x10006ce4
10001768:	10007590 	.word	0x10007590
1000176c:	10006d34 	.word	0x10006d34
10001770:	10006d7c 	.word	0x10006d7c
10001774:	10006d98 	.word	0x10006d98
10001778:	10006de4 	.word	0x10006de4

1000177c <watchdog_update>:
1000177c:	4b02      	ldr	r3, [pc, #8]	@ (10001788 <watchdog_update+0xc>)
1000177e:	681a      	ldr	r2, [r3, #0]
10001780:	4b02      	ldr	r3, [pc, #8]	@ (1000178c <watchdog_update+0x10>)
10001782:	605a      	str	r2, [r3, #4]
10001784:	4770      	bx	lr
10001786:	46c0      	nop			@ (mov r8, r8)
10001788:	20001680 	.word	0x20001680
1000178c:	40058000 	.word	0x40058000

10001790 <_watchdog_enable>:
10001790:	b510      	push	{r4, lr}
10001792:	4b17      	ldr	r3, [pc, #92]	@ (100017f0 <_watchdog_enable+0x60>)
10001794:	2280      	movs	r2, #128	@ 0x80
10001796:	05d2      	lsls	r2, r2, #23
10001798:	601a      	str	r2, [r3, #0]
1000179a:	4b16      	ldr	r3, [pc, #88]	@ (100017f4 <_watchdog_enable+0x64>)
1000179c:	4a16      	ldr	r2, [pc, #88]	@ (100017f8 <_watchdog_enable+0x68>)
1000179e:	601a      	str	r2, [r3, #0]
100017a0:	2900      	cmp	r1, #0
100017a2:	d00a      	beq.n	100017ba <_watchdog_enable+0x2a>
100017a4:	4b15      	ldr	r3, [pc, #84]	@ (100017fc <_watchdog_enable+0x6c>)
100017a6:	22e0      	movs	r2, #224	@ 0xe0
100017a8:	04d2      	lsls	r2, r2, #19
100017aa:	601a      	str	r2, [r3, #0]
100017ac:	2800      	cmp	r0, #0
100017ae:	d109      	bne.n	100017c4 <_watchdog_enable+0x34>
100017b0:	4b12      	ldr	r3, [pc, #72]	@ (100017fc <_watchdog_enable+0x6c>)
100017b2:	2280      	movs	r2, #128	@ 0x80
100017b4:	0612      	lsls	r2, r2, #24
100017b6:	601a      	str	r2, [r3, #0]
100017b8:	bd10      	pop	{r4, pc}
100017ba:	4b0d      	ldr	r3, [pc, #52]	@ (100017f0 <_watchdog_enable+0x60>)
100017bc:	22e0      	movs	r2, #224	@ 0xe0
100017be:	04d2      	lsls	r2, r2, #19
100017c0:	601a      	str	r2, [r3, #0]
100017c2:	e7f3      	b.n	100017ac <_watchdog_enable+0x1c>
100017c4:	0143      	lsls	r3, r0, #5
100017c6:	1a1b      	subs	r3, r3, r0
100017c8:	009b      	lsls	r3, r3, #2
100017ca:	1818      	adds	r0, r3, r0
100017cc:	0100      	lsls	r0, r0, #4
100017ce:	4b0c      	ldr	r3, [pc, #48]	@ (10001800 <_watchdog_enable+0x70>)
100017d0:	6018      	str	r0, [r3, #0]
100017d2:	2380      	movs	r3, #128	@ 0x80
100017d4:	045b      	lsls	r3, r3, #17
100017d6:	4298      	cmp	r0, r3
100017d8:	d302      	bcc.n	100017e0 <_watchdog_enable+0x50>
100017da:	4b09      	ldr	r3, [pc, #36]	@ (10001800 <_watchdog_enable+0x70>)
100017dc:	4a09      	ldr	r2, [pc, #36]	@ (10001804 <_watchdog_enable+0x74>)
100017de:	601a      	str	r2, [r3, #0]
100017e0:	f7ff ffcc 	bl	1000177c <watchdog_update>
100017e4:	4b05      	ldr	r3, [pc, #20]	@ (100017fc <_watchdog_enable+0x6c>)
100017e6:	2280      	movs	r2, #128	@ 0x80
100017e8:	05d2      	lsls	r2, r2, #23
100017ea:	601a      	str	r2, [r3, #0]
100017ec:	e7e4      	b.n	100017b8 <_watchdog_enable+0x28>
100017ee:	46c0      	nop			@ (mov r8, r8)
100017f0:	4005b000 	.word	0x4005b000
100017f4:	40012008 	.word	0x40012008
100017f8:	0001fffc 	.word	0x0001fffc
100017fc:	4005a000 	.word	0x4005a000
10001800:	20001680 	.word	0x20001680
10001804:	00ffffff 	.word	0x00ffffff

10001808 <watchdog_reboot>:
10001808:	b510      	push	{r4, lr}
1000180a:	0003      	movs	r3, r0
1000180c:	000c      	movs	r4, r1
1000180e:	0010      	movs	r0, r2
10001810:	4a0b      	ldr	r2, [pc, #44]	@ (10001840 <watchdog_reboot+0x38>)
10001812:	2180      	movs	r1, #128	@ 0x80
10001814:	05c9      	lsls	r1, r1, #23
10001816:	6011      	str	r1, [r2, #0]
10001818:	2b00      	cmp	r3, #0
1000181a:	d00d      	beq.n	10001838 <watchdog_reboot+0x30>
1000181c:	2201      	movs	r2, #1
1000181e:	4313      	orrs	r3, r2
10001820:	4a08      	ldr	r2, [pc, #32]	@ (10001844 <watchdog_reboot+0x3c>)
10001822:	4909      	ldr	r1, [pc, #36]	@ (10001848 <watchdog_reboot+0x40>)
10001824:	61d1      	str	r1, [r2, #28]
10001826:	4909      	ldr	r1, [pc, #36]	@ (1000184c <watchdog_reboot+0x44>)
10001828:	4059      	eors	r1, r3
1000182a:	6211      	str	r1, [r2, #32]
1000182c:	6254      	str	r4, [r2, #36]	@ 0x24
1000182e:	6293      	str	r3, [r2, #40]	@ 0x28
10001830:	2100      	movs	r1, #0
10001832:	f7ff ffad 	bl	10001790 <_watchdog_enable>
10001836:	bd10      	pop	{r4, pc}
10001838:	4b02      	ldr	r3, [pc, #8]	@ (10001844 <watchdog_reboot+0x3c>)
1000183a:	2200      	movs	r2, #0
1000183c:	61da      	str	r2, [r3, #28]
1000183e:	e7f7      	b.n	10001830 <watchdog_reboot+0x28>
10001840:	4005b000 	.word	0x4005b000
10001844:	40058000 	.word	0x40058000
10001848:	b007c0d3 	.word	0xb007c0d3
1000184c:	4ff83f2d 	.word	0x4ff83f2d

10001850 <tick_start>:
10001850:	2380      	movs	r3, #128	@ 0x80
10001852:	009b      	lsls	r3, r3, #2
10001854:	430b      	orrs	r3, r1
10001856:	4a01      	ldr	r2, [pc, #4]	@ (1000185c <tick_start+0xc>)
10001858:	62d3      	str	r3, [r2, #44]	@ 0x2c
1000185a:	4770      	bx	lr
1000185c:	40058000 	.word	0x40058000

10001860 <rom_func_lookup>:
10001860:	b510      	push	{r4, lr}
10001862:	0001      	movs	r1, r0
10001864:	2318      	movs	r3, #24
10001866:	881b      	ldrh	r3, [r3, #0]
10001868:	2214      	movs	r2, #20
1000186a:	8810      	ldrh	r0, [r2, #0]
1000186c:	4798      	blx	r3
1000186e:	bd10      	pop	{r4, pc}

10001870 <rom_data_lookup>:
10001870:	b510      	push	{r4, lr}
10001872:	0001      	movs	r1, r0
10001874:	2318      	movs	r3, #24
10001876:	881b      	ldrh	r3, [r3, #0]
10001878:	2216      	movs	r2, #22
1000187a:	8810      	ldrh	r0, [r2, #0]
1000187c:	4798      	blx	r3
1000187e:	bd10      	pop	{r4, pc}

10001880 <rom_funcs_lookup>:
10001880:	b5f0      	push	{r4, r5, r6, r7, lr}
10001882:	46c6      	mov	lr, r8
10001884:	b500      	push	{lr}
10001886:	0007      	movs	r7, r0
10001888:	000e      	movs	r6, r1
1000188a:	2500      	movs	r5, #0
1000188c:	2301      	movs	r3, #1
1000188e:	4698      	mov	r8, r3
10001890:	e000      	b.n	10001894 <rom_funcs_lookup+0x14>
10001892:	3501      	adds	r5, #1
10001894:	42b5      	cmp	r5, r6
10001896:	d20a      	bcs.n	100018ae <rom_funcs_lookup+0x2e>
10001898:	00ac      	lsls	r4, r5, #2
1000189a:	193c      	adds	r4, r7, r4
1000189c:	6820      	ldr	r0, [r4, #0]
1000189e:	f7ff ffdf 	bl	10001860 <rom_func_lookup>
100018a2:	6020      	str	r0, [r4, #0]
100018a4:	2800      	cmp	r0, #0
100018a6:	d1f4      	bne.n	10001892 <rom_funcs_lookup+0x12>
100018a8:	2300      	movs	r3, #0
100018aa:	4698      	mov	r8, r3
100018ac:	e7f1      	b.n	10001892 <rom_funcs_lookup+0x12>
100018ae:	4640      	mov	r0, r8
100018b0:	bc80      	pop	{r7}
100018b2:	46b8      	mov	r8, r7
100018b4:	bdf0      	pop	{r4, r5, r6, r7, pc}
	...

100018b8 <rom_reset_usb_boot_extra>:
100018b8:	b570      	push	{r4, r5, r6, lr}
100018ba:	0004      	movs	r4, r0
100018bc:	000d      	movs	r5, r1
100018be:	4806      	ldr	r0, [pc, #24]	@ (100018d8 <rom_reset_usb_boot_extra+0x20>)
100018c0:	f7ff ffce 	bl	10001860 <rom_func_lookup>
100018c4:	0003      	movs	r3, r0
100018c6:	2c00      	cmp	r4, #0
100018c8:	db03      	blt.n	100018d2 <rom_reset_usb_boot_extra+0x1a>
100018ca:	2001      	movs	r0, #1
100018cc:	40a0      	lsls	r0, r4
100018ce:	0029      	movs	r1, r5
100018d0:	4798      	blx	r3
100018d2:	2000      	movs	r0, #0
100018d4:	e7fb      	b.n	100018ce <rom_reset_usb_boot_extra+0x16>
100018d6:	46c0      	nop			@ (mov r8, r8)
100018d8:	00004255 	.word	0x00004255

100018dc <xosc_init>:
100018dc:	4b07      	ldr	r3, [pc, #28]	@ (100018fc <xosc_init+0x20>)
100018de:	22aa      	movs	r2, #170	@ 0xaa
100018e0:	0112      	lsls	r2, r2, #4
100018e2:	601a      	str	r2, [r3, #0]
100018e4:	228d      	movs	r2, #141	@ 0x8d
100018e6:	0052      	lsls	r2, r2, #1
100018e8:	60da      	str	r2, [r3, #12]
100018ea:	4b05      	ldr	r3, [pc, #20]	@ (10001900 <xosc_init+0x24>)
100018ec:	4a05      	ldr	r2, [pc, #20]	@ (10001904 <xosc_init+0x28>)
100018ee:	601a      	str	r2, [r3, #0]
100018f0:	4b02      	ldr	r3, [pc, #8]	@ (100018fc <xosc_init+0x20>)
100018f2:	685b      	ldr	r3, [r3, #4]
100018f4:	2b00      	cmp	r3, #0
100018f6:	dafb      	bge.n	100018f0 <xosc_init+0x14>
100018f8:	4770      	bx	lr
100018fa:	46c0      	nop			@ (mov r8, r8)
100018fc:	40024000 	.word	0x40024000
10001900:	40026000 	.word	0x40026000
10001904:	00fab000 	.word	0x00fab000

10001908 <runtime_run_initializers_from>:
10001908:	b510      	push	{r4, lr}
1000190a:	0004      	movs	r4, r0
1000190c:	e001      	b.n	10001912 <runtime_run_initializers_from+0xa>
1000190e:	cc08      	ldmia	r4!, {r3}
10001910:	4798      	blx	r3
10001912:	4b02      	ldr	r3, [pc, #8]	@ (1000191c <runtime_run_initializers_from+0x14>)
10001914:	429c      	cmp	r4, r3
10001916:	d3fa      	bcc.n	1000190e <runtime_run_initializers_from+0x6>
10001918:	bd10      	pop	{r4, pc}
1000191a:	46c0      	nop			@ (mov r8, r8)
1000191c:	100067e4 	.word	0x100067e4

10001920 <first_per_core_initializer>:
10001920:	4770      	bx	lr
	...

10001924 <runtime_run_initializers>:
10001924:	b510      	push	{r4, lr}
10001926:	4802      	ldr	r0, [pc, #8]	@ (10001930 <runtime_run_initializers+0xc>)
10001928:	f7ff ffee 	bl	10001908 <runtime_run_initializers_from>
1000192c:	bd10      	pop	{r4, pc}
1000192e:	46c0      	nop			@ (mov r8, r8)
10001930:	100067a8 	.word	0x100067a8

10001934 <runtime_init_early_resets>:
10001934:	4b05      	ldr	r3, [pc, #20]	@ (1000194c <runtime_init_early_resets+0x18>)
10001936:	4a06      	ldr	r2, [pc, #24]	@ (10001950 <runtime_init_early_resets+0x1c>)
10001938:	601a      	str	r2, [r3, #0]
1000193a:	4b06      	ldr	r3, [pc, #24]	@ (10001954 <runtime_init_early_resets+0x20>)
1000193c:	4a06      	ldr	r2, [pc, #24]	@ (10001958 <runtime_init_early_resets+0x24>)
1000193e:	601a      	str	r2, [r3, #0]
10001940:	4b06      	ldr	r3, [pc, #24]	@ (1000195c <runtime_init_early_resets+0x28>)
10001942:	681a      	ldr	r2, [r3, #0]
10001944:	4b04      	ldr	r3, [pc, #16]	@ (10001958 <runtime_init_early_resets+0x24>)
10001946:	4393      	bics	r3, r2
10001948:	d1fa      	bne.n	10001940 <runtime_init_early_resets+0xc>
1000194a:	4770      	bx	lr
1000194c:	4000e000 	.word	0x4000e000
10001950:	fefbcdbf 	.word	0xfefbcdbf
10001954:	4000f000 	.word	0x4000f000
10001958:	003c7ffe 	.word	0x003c7ffe
1000195c:	4000c008 	.word	0x4000c008

10001960 <runtime_init_usb_power_down>:
10001960:	4b04      	ldr	r3, [pc, #16]	@ (10001974 <runtime_init_usb_power_down+0x14>)
10001962:	6cdb      	ldr	r3, [r3, #76]	@ 0x4c
10001964:	2b00      	cmp	r3, #0
10001966:	d103      	bne.n	10001970 <runtime_init_usb_power_down+0x10>
10001968:	4b03      	ldr	r3, [pc, #12]	@ (10001978 <runtime_init_usb_power_down+0x18>)
1000196a:	2280      	movs	r2, #128	@ 0x80
1000196c:	02d2      	lsls	r2, r2, #11
1000196e:	601a      	str	r2, [r3, #0]
10001970:	4770      	bx	lr
10001972:	46c0      	nop			@ (mov r8, r8)
10001974:	50110000 	.word	0x50110000
10001978:	5011204c 	.word	0x5011204c

1000197c <runtime_init_post_clock_resets>:
1000197c:	4b04      	ldr	r3, [pc, #16]	@ (10001990 <runtime_init_post_clock_resets+0x14>)
1000197e:	4a05      	ldr	r2, [pc, #20]	@ (10001994 <runtime_init_post_clock_resets+0x18>)
10001980:	601a      	str	r2, [r3, #0]
10001982:	4b05      	ldr	r3, [pc, #20]	@ (10001998 <runtime_init_post_clock_resets+0x1c>)
10001984:	681b      	ldr	r3, [r3, #0]
10001986:	43db      	mvns	r3, r3
10001988:	01db      	lsls	r3, r3, #7
1000198a:	d1fa      	bne.n	10001982 <runtime_init_post_clock_resets+0x6>
1000198c:	4770      	bx	lr
1000198e:	46c0      	nop			@ (mov r8, r8)
10001990:	4000f000 	.word	0x4000f000
10001994:	01ffffff 	.word	0x01ffffff
10001998:	4000c008 	.word	0x4000c008

1000199c <runtime_init_rp2040_gpio_ie_disable>:
1000199c:	4b03      	ldr	r3, [pc, #12]	@ (100019ac <runtime_init_rp2040_gpio_ie_disable+0x10>)
1000199e:	2240      	movs	r2, #64	@ 0x40
100019a0:	679a      	str	r2, [r3, #120]	@ 0x78
100019a2:	675a      	str	r2, [r3, #116]	@ 0x74
100019a4:	671a      	str	r2, [r3, #112]	@ 0x70
100019a6:	66da      	str	r2, [r3, #108]	@ 0x6c
100019a8:	4770      	bx	lr
100019aa:	46c0      	nop			@ (mov r8, r8)
100019ac:	4001f000 	.word	0x4001f000

100019b0 <runtime_init_spin_locks_reset>:
100019b0:	b510      	push	{r4, lr}
100019b2:	f7fe feaf 	bl	10000714 <spin_locks_reset>
100019b6:	bd10      	pop	{r4, pc}

100019b8 <runtime_init_install_ram_vector_table>:
100019b8:	b510      	push	{r4, lr}
100019ba:	4c0c      	ldr	r4, [pc, #48]	@ (100019ec <runtime_init_install_ram_vector_table+0x34>)
100019bc:	4b0c      	ldr	r3, [pc, #48]	@ (100019f0 <runtime_init_install_ram_vector_table+0x38>)
100019be:	1ae4      	subs	r4, r4, r3
100019c0:	08a4      	lsrs	r4, r4, #2
100019c2:	0022      	movs	r2, r4
100019c4:	2c30      	cmp	r4, #48	@ 0x30
100019c6:	d900      	bls.n	100019ca <runtime_init_install_ram_vector_table+0x12>
100019c8:	2230      	movs	r2, #48	@ 0x30
100019ca:	0092      	lsls	r2, r2, #2
100019cc:	4809      	ldr	r0, [pc, #36]	@ (100019f4 <runtime_init_install_ram_vector_table+0x3c>)
100019ce:	4908      	ldr	r1, [pc, #32]	@ (100019f0 <runtime_init_install_ram_vector_table+0x38>)
100019d0:	f000 ffbc 	bl	1000294c <__wrap___aeabi_memcpy>
100019d4:	e004      	b.n	100019e0 <runtime_init_install_ram_vector_table+0x28>
100019d6:	4a08      	ldr	r2, [pc, #32]	@ (100019f8 <runtime_init_install_ram_vector_table+0x40>)
100019d8:	4b06      	ldr	r3, [pc, #24]	@ (100019f4 <runtime_init_install_ram_vector_table+0x3c>)
100019da:	00a1      	lsls	r1, r4, #2
100019dc:	50ca      	str	r2, [r1, r3]
100019de:	3401      	adds	r4, #1
100019e0:	2c2f      	cmp	r4, #47	@ 0x2f
100019e2:	d9f8      	bls.n	100019d6 <runtime_init_install_ram_vector_table+0x1e>
100019e4:	4b03      	ldr	r3, [pc, #12]	@ (100019f4 <runtime_init_install_ram_vector_table+0x3c>)
100019e6:	4a05      	ldr	r2, [pc, #20]	@ (100019fc <runtime_init_install_ram_vector_table+0x44>)
100019e8:	6093      	str	r3, [r2, #8]
100019ea:	bd10      	pop	{r4, pc}
100019ec:	100001c0 	.word	0x100001c0
100019f0:	10000100 	.word	0x10000100
100019f4:	20000000 	.word	0x20000000
100019f8:	100001c1 	.word	0x100001c1
100019fc:	e000ed00 	.word	0xe000ed00

10001a00 <start_all_ticks>:
10001a00:	b570      	push	{r4, r5, r6, lr}
10001a02:	2004      	movs	r0, #4
10001a04:	f7ff fe22 	bl	1000164c <clock_get_hz>
10001a08:	4906      	ldr	r1, [pc, #24]	@ (10001a24 <start_all_ticks+0x24>)
10001a0a:	f000 f8a3 	bl	10001b54 <__wrap___aeabi_uidiv>
10001a0e:	0005      	movs	r5, r0
10001a10:	2400      	movs	r4, #0
10001a12:	2c00      	cmp	r4, #0
10001a14:	dd00      	ble.n	10001a18 <start_all_ticks+0x18>
10001a16:	bd70      	pop	{r4, r5, r6, pc}
10001a18:	b2e0      	uxtb	r0, r4
10001a1a:	0029      	movs	r1, r5
10001a1c:	f7ff ff18 	bl	10001850 <tick_start>
10001a20:	3401      	adds	r4, #1
10001a22:	e7f6      	b.n	10001a12 <start_all_ticks+0x12>
10001a24:	000f4240 	.word	0x000f4240

10001a28 <runtime_init_clocks>:
10001a28:	b530      	push	{r4, r5, lr}
10001a2a:	b083      	sub	sp, #12
10001a2c:	4b27      	ldr	r3, [pc, #156]	@ (10001acc <runtime_init_clocks+0xa4>)
10001a2e:	2200      	movs	r2, #0
10001a30:	679a      	str	r2, [r3, #120]	@ 0x78
10001a32:	f7ff ff53 	bl	100018dc <xosc_init>
10001a36:	4b26      	ldr	r3, [pc, #152]	@ (10001ad0 <runtime_init_clocks+0xa8>)
10001a38:	2201      	movs	r2, #1
10001a3a:	601a      	str	r2, [r3, #0]
10001a3c:	4b23      	ldr	r3, [pc, #140]	@ (10001acc <runtime_init_clocks+0xa4>)
10001a3e:	6c5b      	ldr	r3, [r3, #68]	@ 0x44
10001a40:	2b01      	cmp	r3, #1
10001a42:	d1fb      	bne.n	10001a3c <runtime_init_clocks+0x14>
10001a44:	4b23      	ldr	r3, [pc, #140]	@ (10001ad4 <runtime_init_clocks+0xac>)
10001a46:	2203      	movs	r2, #3
10001a48:	601a      	str	r2, [r3, #0]
10001a4a:	4b20      	ldr	r3, [pc, #128]	@ (10001acc <runtime_init_clocks+0xa4>)
10001a4c:	6b9b      	ldr	r3, [r3, #56]	@ 0x38
10001a4e:	2b01      	cmp	r3, #1
10001a50:	d1fb      	bne.n	10001a4a <runtime_init_clocks+0x22>
10001a52:	3301      	adds	r3, #1
10001a54:	9300      	str	r3, [sp, #0]
10001a56:	3304      	adds	r3, #4
10001a58:	4a1f      	ldr	r2, [pc, #124]	@ (10001ad8 <runtime_init_clocks+0xb0>)
10001a5a:	2101      	movs	r1, #1
10001a5c:	481f      	ldr	r0, [pc, #124]	@ (10001adc <runtime_init_clocks+0xb4>)
10001a5e:	f7ff fdfb 	bl	10001658 <pll_init>
10001a62:	2305      	movs	r3, #5
10001a64:	9300      	str	r3, [sp, #0]
10001a66:	4a1e      	ldr	r2, [pc, #120]	@ (10001ae0 <runtime_init_clocks+0xb8>)
10001a68:	2101      	movs	r1, #1
10001a6a:	481e      	ldr	r0, [pc, #120]	@ (10001ae4 <runtime_init_clocks+0xbc>)
10001a6c:	f7ff fdf4 	bl	10001658 <pll_init>
10001a70:	4b1d      	ldr	r3, [pc, #116]	@ (10001ae8 <runtime_init_clocks+0xc0>)
10001a72:	2200      	movs	r2, #0
10001a74:	2102      	movs	r1, #2
10001a76:	2004      	movs	r0, #4
10001a78:	f7ff fdde 	bl	10001638 <clock_configure_undivided>
10001a7c:	4d1b      	ldr	r5, [pc, #108]	@ (10001aec <runtime_init_clocks+0xc4>)
10001a7e:	002b      	movs	r3, r5
10001a80:	2200      	movs	r2, #0
10001a82:	2101      	movs	r1, #1
10001a84:	2005      	movs	r0, #5
10001a86:	f7ff fdd7 	bl	10001638 <clock_configure_undivided>
10001a8a:	4c19      	ldr	r4, [pc, #100]	@ (10001af0 <runtime_init_clocks+0xc8>)
10001a8c:	0023      	movs	r3, r4
10001a8e:	2200      	movs	r2, #0
10001a90:	2100      	movs	r1, #0
10001a92:	2007      	movs	r0, #7
10001a94:	f7ff fdd0 	bl	10001638 <clock_configure_undivided>
10001a98:	0023      	movs	r3, r4
10001a9a:	2200      	movs	r2, #0
10001a9c:	2100      	movs	r1, #0
10001a9e:	2008      	movs	r0, #8
10001aa0:	f7ff fdca 	bl	10001638 <clock_configure_undivided>
10001aa4:	2380      	movs	r3, #128	@ 0x80
10001aa6:	00db      	lsls	r3, r3, #3
10001aa8:	9300      	str	r3, [sp, #0]
10001aaa:	0023      	movs	r3, r4
10001aac:	2200      	movs	r2, #0
10001aae:	2100      	movs	r1, #0
10001ab0:	2009      	movs	r0, #9
10001ab2:	f7ff fdad 	bl	10001610 <clock_configure_int_divider>
10001ab6:	002b      	movs	r3, r5
10001ab8:	2200      	movs	r2, #0
10001aba:	2100      	movs	r1, #0
10001abc:	2006      	movs	r0, #6
10001abe:	f7ff fdbb 	bl	10001638 <clock_configure_undivided>
10001ac2:	f7ff ff9d 	bl	10001a00 <start_all_ticks>
10001ac6:	b003      	add	sp, #12
10001ac8:	bd30      	pop	{r4, r5, pc}
10001aca:	46c0      	nop			@ (mov r8, r8)
10001acc:	40008000 	.word	0x40008000
10001ad0:	4000b03c 	.word	0x4000b03c
10001ad4:	4000b030 	.word	0x4000b030
10001ad8:	59682f00 	.word	0x59682f00
10001adc:	40028000 	.word	0x40028000
10001ae0:	47868c00 	.word	0x47868c00
10001ae4:	4002c000 	.word	0x4002c000
10001ae8:	00b71b00 	.word	0x00b71b00
10001aec:	07735940 	.word	0x07735940
10001af0:	02dc6c00 	.word	0x02dc6c00

10001af4 <__aeabi_bits_init>:
10001af4:	4801      	ldr	r0, [pc, #4]	@ (10001afc <__aeabi_bits_init+0x8>)
10001af6:	2104      	movs	r1, #4
10001af8:	4b01      	ldr	r3, [pc, #4]	@ (10001b00 <__aeabi_bits_init+0xc>)
10001afa:	4718      	bx	r3
10001afc:	20000c60 	.word	0x20000c60
10001b00:	10001881 	.word	0x10001881

10001b04 <__wrap___aeabi_idiv>:
10001b04:	4a12      	ldr	r2, [pc, #72]	@ (10001b50 <divmod_s32s32_savestate+0x18>)
10001b06:	6f93      	ldr	r3, [r2, #120]	@ 0x78
10001b08:	089b      	lsrs	r3, r3, #2
10001b0a:	d215      	bcs.n	10001b38 <divmod_s32s32_savestate>

10001b0c <divmod_s32s32_core>:
10001b0c:	6690      	str	r0, [r2, #104]	@ 0x68
10001b0e:	66d1      	str	r1, [r2, #108]	@ 0x6c
10001b10:	2900      	cmp	r1, #0
10001b12:	d005      	beq.n	10001b20 <divmod_s32s32_core+0x14>
10001b14:	e7ff      	b.n	10001b16 <divmod_s32s32_core+0xa>
10001b16:	e7ff      	b.n	10001b18 <divmod_s32s32_core+0xc>
10001b18:	e7ff      	b.n	10001b1a <divmod_s32s32_core+0xe>
10001b1a:	6f51      	ldr	r1, [r2, #116]	@ 0x74
10001b1c:	6f10      	ldr	r0, [r2, #112]	@ 0x70
10001b1e:	4770      	bx	lr
10001b20:	b504      	push	{r2, lr}
10001b22:	2180      	movs	r1, #128	@ 0x80
10001b24:	0609      	lsls	r1, r1, #24
10001b26:	17c2      	asrs	r2, r0, #31
10001b28:	4051      	eors	r1, r2
10001b2a:	2800      	cmp	r0, #0
10001b2c:	d000      	beq.n	10001b30 <divmod_s32s32_core+0x24>
10001b2e:	43c8      	mvns	r0, r1
10001b30:	f004 fe1a 	bl	10006768 <____aeabi_idiv0_veneer>
10001b34:	2100      	movs	r1, #0
10001b36:	bd04      	pop	{r2, pc}

10001b38 <divmod_s32s32_savestate>:
10001b38:	b5f0      	push	{r4, r5, r6, r7, lr}
10001b3a:	6e14      	ldr	r4, [r2, #96]	@ 0x60
10001b3c:	6e55      	ldr	r5, [r2, #100]	@ 0x64
10001b3e:	6f57      	ldr	r7, [r2, #116]	@ 0x74
10001b40:	6f16      	ldr	r6, [r2, #112]	@ 0x70
10001b42:	f7ff ffe3 	bl	10001b0c <divmod_s32s32_core>
10001b46:	6614      	str	r4, [r2, #96]	@ 0x60
10001b48:	6655      	str	r5, [r2, #100]	@ 0x64
10001b4a:	6757      	str	r7, [r2, #116]	@ 0x74
10001b4c:	6716      	str	r6, [r2, #112]	@ 0x70
10001b4e:	bdf0      	pop	{r4, r5, r6, r7, pc}
10001b50:	d0000000 	.word	0xd0000000

10001b54 <__wrap___aeabi_uidiv>:
10001b54:	4a11      	ldr	r2, [pc, #68]	@ (10001b9c <divmod_u32u32_savestate+0x18>)
10001b56:	6f93      	ldr	r3, [r2, #120]	@ 0x78
10001b58:	089b      	lsrs	r3, r3, #2
10001b5a:	d213      	bcs.n	10001b84 <divmod_u32u32_savestate>

10001b5c <divmod_u32u32_core>:
10001b5c:	6610      	str	r0, [r2, #96]	@ 0x60
10001b5e:	6651      	str	r1, [r2, #100]	@ 0x64
10001b60:	2900      	cmp	r1, #0
10001b62:	d005      	beq.n	10001b70 <divmod_u32u32_core+0x14>
10001b64:	e7ff      	b.n	10001b66 <divmod_u32u32_core+0xa>
10001b66:	e7ff      	b.n	10001b68 <divmod_u32u32_core+0xc>
10001b68:	e7ff      	b.n	10001b6a <divmod_u32u32_core+0xe>
10001b6a:	6f51      	ldr	r1, [r2, #116]	@ 0x74
10001b6c:	6f10      	ldr	r0, [r2, #112]	@ 0x70
10001b6e:	4770      	bx	lr
10001b70:	b504      	push	{r2, lr}
10001b72:	2800      	cmp	r0, #0
10001b74:	d001      	beq.n	10001b7a <divmod_u32u32_core+0x1e>
10001b76:	2000      	movs	r0, #0
10001b78:	43c0      	mvns	r0, r0
10001b7a:	f004 fdf5 	bl	10006768 <____aeabi_idiv0_veneer>
10001b7e:	2100      	movs	r1, #0
10001b80:	bd04      	pop	{r2, pc}
10001b82:	46c0      	nop			@ (mov r8, r8)

10001b84 <divmod_u32u32_savestate>:
10001b84:	b5f0      	push	{r4, r5, r6, r7, lr}
10001b86:	6e14      	ldr	r4, [r2, #96]	@ 0x60
10001b88:	6e55      	ldr	r5, [r2, #100]	@ 0x64
10001b8a:	6f57      	ldr	r7, [r2, #116]	@ 0x74
10001b8c:	6f16      	ldr	r6, [r2, #112]	@ 0x70
10001b8e:	f7ff ffe5 	bl	10001b5c <divmod_u32u32_core>
10001b92:	6614      	str	r4, [r2, #96]	@ 0x60
10001b94:	6655      	str	r5, [r2, #100]	@ 0x64
10001b96:	6757      	str	r7, [r2, #116]	@ 0x74
10001b98:	6716      	str	r6, [r2, #112]	@ 0x70
10001b9a:	bdf0      	pop	{r4, r5, r6, r7, pc}
10001b9c:	d0000000 	.word	0xd0000000

10001ba0 <__wrap___aeabi_ldivmod>:
10001ba0:	4694      	mov	ip, r2
10001ba2:	4a4a      	ldr	r2, [pc, #296]	@ (10001ccc <udiv0+0x1a>)
10001ba4:	6f92      	ldr	r2, [r2, #120]	@ 0x78
10001ba6:	0892      	lsrs	r2, r2, #2
10001ba8:	4662      	mov	r2, ip
10001baa:	d201      	bcs.n	10001bb0 <divmod_s64s64_savestate>
10001bac:	e028      	b.n	10001c00 <divmod_s64s64_unsafe>
10001bae:	46c0      	nop			@ (mov r8, r8)

10001bb0 <divmod_s64s64_savestate>:
10001bb0:	b5f0      	push	{r4, r5, r6, r7, lr}
10001bb2:	4e46      	ldr	r6, [pc, #280]	@ (10001ccc <udiv0+0x1a>)
10001bb4:	6e34      	ldr	r4, [r6, #96]	@ 0x60
10001bb6:	6e75      	ldr	r5, [r6, #100]	@ 0x64
10001bb8:	6f77      	ldr	r7, [r6, #116]	@ 0x74
10001bba:	6f36      	ldr	r6, [r6, #112]	@ 0x70
10001bbc:	f000 f820 	bl	10001c00 <divmod_s64s64_unsafe>
10001bc0:	4694      	mov	ip, r2
10001bc2:	4a42      	ldr	r2, [pc, #264]	@ (10001ccc <udiv0+0x1a>)
10001bc4:	6614      	str	r4, [r2, #96]	@ 0x60
10001bc6:	6655      	str	r5, [r2, #100]	@ 0x64
10001bc8:	6757      	str	r7, [r2, #116]	@ 0x74
10001bca:	6716      	str	r6, [r2, #112]	@ 0x70
10001bcc:	4662      	mov	r2, ip
10001bce:	bdf0      	pop	{r4, r5, r6, r7, pc}

10001bd0 <__wrap___aeabi_uldivmod>:
10001bd0:	4694      	mov	ip, r2
10001bd2:	4a3e      	ldr	r2, [pc, #248]	@ (10001ccc <udiv0+0x1a>)
10001bd4:	6f92      	ldr	r2, [r2, #120]	@ 0x78
10001bd6:	0892      	lsrs	r2, r2, #2
10001bd8:	4662      	mov	r2, ip
10001bda:	d201      	bcs.n	10001be0 <divmod_u64u64_savestate>
10001bdc:	e054      	b.n	10001c88 <divmod_u64u64_unsafe>
10001bde:	46c0      	nop			@ (mov r8, r8)

10001be0 <divmod_u64u64_savestate>:
10001be0:	b5f0      	push	{r4, r5, r6, r7, lr}
10001be2:	4e3a      	ldr	r6, [pc, #232]	@ (10001ccc <udiv0+0x1a>)
10001be4:	6e34      	ldr	r4, [r6, #96]	@ 0x60
10001be6:	6e75      	ldr	r5, [r6, #100]	@ 0x64
10001be8:	6f77      	ldr	r7, [r6, #116]	@ 0x74
10001bea:	6f36      	ldr	r6, [r6, #112]	@ 0x70
10001bec:	f000 f84c 	bl	10001c88 <divmod_u64u64_unsafe>
10001bf0:	4694      	mov	ip, r2
10001bf2:	4a36      	ldr	r2, [pc, #216]	@ (10001ccc <udiv0+0x1a>)
10001bf4:	6614      	str	r4, [r2, #96]	@ 0x60
10001bf6:	6655      	str	r5, [r2, #100]	@ 0x64
10001bf8:	6757      	str	r7, [r2, #116]	@ 0x74
10001bfa:	6716      	str	r6, [r2, #112]	@ 0x70
10001bfc:	4662      	mov	r2, ip
10001bfe:	bdf0      	pop	{r4, r5, r6, r7, pc}

10001c00 <divmod_s64s64_unsafe>:
10001c00:	2b00      	cmp	r3, #0
10001c02:	db24      	blt.n	10001c4e <l46_1+0x26>
10001c04:	d011      	beq.n	10001c2a <l46_1+0x2>
10001c06:	2900      	cmp	r1, #0
10001c08:	da3e      	bge.n	10001c88 <divmod_u64u64_unsafe>
10001c0a:	b500      	push	{lr}
10001c0c:	43c9      	mvns	r1, r1
10001c0e:	4240      	negs	r0, r0
10001c10:	d100      	bne.n	10001c14 <l44_1>
10001c12:	3101      	adds	r1, #1

10001c14 <l44_1>:
10001c14:	f000 f838 	bl	10001c88 <divmod_u64u64_unsafe>
10001c18:	43c9      	mvns	r1, r1
10001c1a:	4240      	negs	r0, r0
10001c1c:	d100      	bne.n	10001c20 <l45_1>
10001c1e:	3101      	adds	r1, #1

10001c20 <l45_1>:
10001c20:	43db      	mvns	r3, r3
10001c22:	4252      	negs	r2, r2
10001c24:	d100      	bne.n	10001c28 <l46_1>
10001c26:	3301      	adds	r3, #1

10001c28 <l46_1>:
10001c28:	bd00      	pop	{pc}
10001c2a:	2a00      	cmp	r2, #0
10001c2c:	d1eb      	bne.n	10001c06 <divmod_s64s64_unsafe+0x6>
10001c2e:	2800      	cmp	r0, #0
10001c30:	d101      	bne.n	10001c36 <l46_1+0xe>
10001c32:	2900      	cmp	r1, #0
10001c34:	d005      	beq.n	10001c42 <l46_1+0x1a>
10001c36:	2000      	movs	r0, #0
10001c38:	0fc9      	lsrs	r1, r1, #31
10001c3a:	07c9      	lsls	r1, r1, #31
10001c3c:	d101      	bne.n	10001c42 <l46_1+0x1a>
10001c3e:	43c0      	mvns	r0, r0
10001c40:	0841      	lsrs	r1, r0, #1
10001c42:	b500      	push	{lr}
10001c44:	f004 fd58 	bl	100066f8 <____aeabi_ldiv0_veneer>
10001c48:	2200      	movs	r2, #0
10001c4a:	2300      	movs	r3, #0
10001c4c:	bd00      	pop	{pc}
10001c4e:	b500      	push	{lr}
10001c50:	2900      	cmp	r1, #0
10001c52:	db0a      	blt.n	10001c6a <l48_1+0x2>
10001c54:	43db      	mvns	r3, r3
10001c56:	4252      	negs	r2, r2
10001c58:	d100      	bne.n	10001c5c <l47_1>
10001c5a:	3301      	adds	r3, #1

10001c5c <l47_1>:
10001c5c:	f000 f814 	bl	10001c88 <divmod_u64u64_unsafe>
10001c60:	43c9      	mvns	r1, r1
10001c62:	4240      	negs	r0, r0
10001c64:	d100      	bne.n	10001c68 <l48_1>
10001c66:	3101      	adds	r1, #1

10001c68 <l48_1>:
10001c68:	bd00      	pop	{pc}
10001c6a:	43c9      	mvns	r1, r1
10001c6c:	4240      	negs	r0, r0
10001c6e:	d100      	bne.n	10001c72 <l49_1>
10001c70:	3101      	adds	r1, #1

10001c72 <l49_1>:
10001c72:	43db      	mvns	r3, r3
10001c74:	4252      	negs	r2, r2
10001c76:	d100      	bne.n	10001c7a <l50_1>
10001c78:	3301      	adds	r3, #1

10001c7a <l50_1>:
10001c7a:	f000 f805 	bl	10001c88 <divmod_u64u64_unsafe>
10001c7e:	43db      	mvns	r3, r3
10001c80:	4252      	negs	r2, r2
10001c82:	d100      	bne.n	10001c86 <l51_1>
10001c84:	3301      	adds	r3, #1

10001c86 <l51_1>:
10001c86:	bd00      	pop	{pc}

10001c88 <divmod_u64u64_unsafe>:
10001c88:	2900      	cmp	r1, #0
10001c8a:	d123      	bne.n	10001cd4 <y64>
10001c8c:	2b00      	cmp	r3, #0
10001c8e:	d118      	bne.n	10001cc2 <udiv0+0x10>
10001c90:	2a00      	cmp	r2, #0
10001c92:	d00c      	beq.n	10001cae <divmod_u64u64_unsafe+0x26>
10001c94:	46bc      	mov	ip, r7
10001c96:	4f0d      	ldr	r7, [pc, #52]	@ (10001ccc <udiv0+0x1a>)
10001c98:	6638      	str	r0, [r7, #96]	@ 0x60
10001c9a:	667a      	str	r2, [r7, #100]	@ 0x64
10001c9c:	2100      	movs	r1, #0
10001c9e:	2300      	movs	r3, #0
10001ca0:	e7ff      	b.n	10001ca2 <divmod_u64u64_unsafe+0x1a>
10001ca2:	e7ff      	b.n	10001ca4 <divmod_u64u64_unsafe+0x1c>
10001ca4:	e7ff      	b.n	10001ca6 <divmod_u64u64_unsafe+0x1e>
10001ca6:	6f7a      	ldr	r2, [r7, #116]	@ 0x74
10001ca8:	6f38      	ldr	r0, [r7, #112]	@ 0x70
10001caa:	4667      	mov	r7, ip
10001cac:	4770      	bx	lr
10001cae:	2800      	cmp	r0, #0
10001cb0:	d001      	beq.n	10001cb6 <udiv0+0x4>

10001cb2 <udiv0>:
10001cb2:	4807      	ldr	r0, [pc, #28]	@ (10001cd0 <udiv0+0x1e>)
10001cb4:	0001      	movs	r1, r0
10001cb6:	b500      	push	{lr}
10001cb8:	f004 fd1e 	bl	100066f8 <____aeabi_ldiv0_veneer>
10001cbc:	2200      	movs	r2, #0
10001cbe:	2300      	movs	r3, #0
10001cc0:	bd00      	pop	{pc}
10001cc2:	0002      	movs	r2, r0
10001cc4:	000b      	movs	r3, r1
10001cc6:	2000      	movs	r0, #0
10001cc8:	2100      	movs	r1, #0
10001cca:	4770      	bx	lr
10001ccc:	d0000000 	.word	0xd0000000
10001cd0:	ffffffff 	.word	0xffffffff

10001cd4 <y64>:
10001cd4:	2b00      	cmp	r3, #0
10001cd6:	d000      	beq.n	10001cda <y64+0x6>
10001cd8:	e0bf      	b.n	10001e5a <y64_x48>
10001cda:	0c13      	lsrs	r3, r2, #16
10001cdc:	d128      	bne.n	10001d30 <y64_x32>
10001cde:	2a00      	cmp	r2, #0
10001ce0:	d0e7      	beq.n	10001cb2 <udiv0>
10001ce2:	b480      	push	{r7}
10001ce4:	4f11      	ldr	r7, [pc, #68]	@ (10001d2c <y64+0x58>)
10001ce6:	6639      	str	r1, [r7, #96]	@ 0x60
10001ce8:	667a      	str	r2, [r7, #100]	@ 0x64
10001cea:	e7ff      	b.n	10001cec <y64+0x18>
10001cec:	e7ff      	b.n	10001cee <y64+0x1a>
10001cee:	b430      	push	{r4, r5}
10001cf0:	0c04      	lsrs	r4, r0, #16
10001cf2:	6f7b      	ldr	r3, [r7, #116]	@ 0x74
10001cf4:	6f39      	ldr	r1, [r7, #112]	@ 0x70
10001cf6:	041b      	lsls	r3, r3, #16
10001cf8:	4323      	orrs	r3, r4
10001cfa:	663b      	str	r3, [r7, #96]	@ 0x60
10001cfc:	667a      	str	r2, [r7, #100]	@ 0x64
10001cfe:	e7ff      	b.n	10001d00 <y64+0x2c>
10001d00:	e7ff      	b.n	10001d02 <y64+0x2e>
10001d02:	e7ff      	b.n	10001d04 <y64+0x30>
10001d04:	46c0      	nop			@ (mov r8, r8)
10001d06:	b284      	uxth	r4, r0
10001d08:	6f7b      	ldr	r3, [r7, #116]	@ 0x74
10001d0a:	6f3d      	ldr	r5, [r7, #112]	@ 0x70
10001d0c:	041b      	lsls	r3, r3, #16
10001d0e:	4323      	orrs	r3, r4
10001d10:	663b      	str	r3, [r7, #96]	@ 0x60
10001d12:	667a      	str	r2, [r7, #100]	@ 0x64
10001d14:	e7ff      	b.n	10001d16 <y64+0x42>
10001d16:	e7ff      	b.n	10001d18 <y64+0x44>
10001d18:	46c0      	nop			@ (mov r8, r8)
10001d1a:	2300      	movs	r3, #0
10001d1c:	042c      	lsls	r4, r5, #16
10001d1e:	0c2d      	lsrs	r5, r5, #16
10001d20:	6f7a      	ldr	r2, [r7, #116]	@ 0x74
10001d22:	6f38      	ldr	r0, [r7, #112]	@ 0x70
10001d24:	1900      	adds	r0, r0, r4
10001d26:	4169      	adcs	r1, r5
10001d28:	bcb0      	pop	{r4, r5, r7}
10001d2a:	4770      	bx	lr
10001d2c:	d0000000 	.word	0xd0000000

10001d30 <y64_x32>:
10001d30:	b5f0      	push	{r4, r5, r6, r7, lr}
10001d32:	4694      	mov	ip, r2
10001d34:	2500      	movs	r5, #0
10001d36:	0e14      	lsrs	r4, r2, #24
10001d38:	d101      	bne.n	10001d3e <y64_x32+0xe>
10001d3a:	0212      	lsls	r2, r2, #8
10001d3c:	3508      	adds	r5, #8
10001d3e:	0f14      	lsrs	r4, r2, #28
10001d40:	d101      	bne.n	10001d46 <y64_x32+0x16>
10001d42:	0112      	lsls	r2, r2, #4
10001d44:	3504      	adds	r5, #4
10001d46:	0f94      	lsrs	r4, r2, #30
10001d48:	d101      	bne.n	10001d4e <y64_x32+0x1e>
10001d4a:	0092      	lsls	r2, r2, #2
10001d4c:	3502      	adds	r5, #2
10001d4e:	0fd4      	lsrs	r4, r2, #31
10001d50:	d101      	bne.n	10001d56 <y64_x32+0x26>
10001d52:	0052      	lsls	r2, r2, #1
10001d54:	3501      	adds	r5, #1
10001d56:	0bd4      	lsrs	r4, r2, #15
10001d58:	3401      	adds	r4, #1
10001d5a:	4f25      	ldr	r7, [pc, #148]	@ (10001df0 <y64_x32+0xc0>)
10001d5c:	667c      	str	r4, [r7, #100]	@ 0x64
10001d5e:	4c25      	ldr	r4, [pc, #148]	@ (10001df4 <y64_x32+0xc4>)
10001d60:	663c      	str	r4, [r7, #96]	@ 0x60
10001d62:	0c0e      	lsrs	r6, r1, #16
10001d64:	b293      	uxth	r3, r2
10001d66:	e7ff      	b.n	10001d68 <y64_x32+0x38>
10001d68:	e7ff      	b.n	10001d6a <y64_x32+0x3a>
10001d6a:	e7ff      	b.n	10001d6c <y64_x32+0x3c>
10001d6c:	6f3c      	ldr	r4, [r7, #112]	@ 0x70
10001d6e:	4366      	muls	r6, r4
10001d70:	0c36      	lsrs	r6, r6, #16
10001d72:	0377      	lsls	r7, r6, #13
10001d74:	46be      	mov	lr, r7
10001d76:	4373      	muls	r3, r6
10001d78:	0bdf      	lsrs	r7, r3, #15
10001d7a:	045b      	lsls	r3, r3, #17
10001d7c:	1ac0      	subs	r0, r0, r3
10001d7e:	41b9      	sbcs	r1, r7
10001d80:	0c13      	lsrs	r3, r2, #16
10001d82:	4373      	muls	r3, r6
10001d84:	18db      	adds	r3, r3, r3
10001d86:	1ac9      	subs	r1, r1, r3
10001d88:	08ce      	lsrs	r6, r1, #3
10001d8a:	4366      	muls	r6, r4
10001d8c:	0c36      	lsrs	r6, r6, #16
10001d8e:	44b6      	add	lr, r6
10001d90:	b293      	uxth	r3, r2
10001d92:	4373      	muls	r3, r6
10001d94:	0f1f      	lsrs	r7, r3, #28
10001d96:	011b      	lsls	r3, r3, #4
10001d98:	1ac0      	subs	r0, r0, r3
10001d9a:	41b9      	sbcs	r1, r7
10001d9c:	0c13      	lsrs	r3, r2, #16
10001d9e:	4373      	muls	r3, r6
10001da0:	0b1f      	lsrs	r7, r3, #12
10001da2:	051b      	lsls	r3, r3, #20
10001da4:	1ac0      	subs	r0, r0, r3
10001da6:	41b9      	sbcs	r1, r7
10001da8:	0d86      	lsrs	r6, r0, #22
10001daa:	028f      	lsls	r7, r1, #10
10001dac:	433e      	orrs	r6, r7
10001dae:	4366      	muls	r6, r4
10001db0:	0c36      	lsrs	r6, r6, #16
10001db2:	2d09      	cmp	r5, #9
10001db4:	db24      	blt.n	10001e00 <last0>
10001db6:	0a52      	lsrs	r2, r2, #9
10001db8:	4372      	muls	r2, r6
10001dba:	1a80      	subs	r0, r0, r2
10001dbc:	0377      	lsls	r7, r6, #13
10001dbe:	0a46      	lsrs	r6, r0, #9
10001dc0:	4366      	muls	r6, r4
10001dc2:	0c36      	lsrs	r6, r6, #16
10001dc4:	2316      	movs	r3, #22
10001dc6:	1b5b      	subs	r3, r3, r5
10001dc8:	40de      	lsrs	r6, r3
10001dca:	40df      	lsrs	r7, r3
10001dcc:	19bf      	adds	r7, r7, r6
10001dce:	4664      	mov	r4, ip
10001dd0:	4366      	muls	r6, r4
10001dd2:	1b82      	subs	r2, r0, r6
10001dd4:	4670      	mov	r0, lr
10001dd6:	3504      	adds	r5, #4
10001dd8:	3306      	adds	r3, #6
10001dda:	0001      	movs	r1, r0
10001ddc:	40d9      	lsrs	r1, r3
10001dde:	40a8      	lsls	r0, r5
10001de0:	19c0      	adds	r0, r0, r7
10001de2:	d300      	bcc.n	10001de6 <y64_x32+0xb6>
10001de4:	3101      	adds	r1, #1
10001de6:	42a2      	cmp	r2, r4
10001de8:	d206      	bcs.n	10001df8 <y64_x32+0xc8>
10001dea:	2300      	movs	r3, #0
10001dec:	bdf0      	pop	{r4, r5, r6, r7, pc}
10001dee:	0000      	.short	0x0000
10001df0:	d0000000 	.word	0xd0000000
10001df4:	ffffffff 	.word	0xffffffff
10001df8:	1b12      	subs	r2, r2, r4
10001dfa:	3001      	adds	r0, #1
10001dfc:	d3f3      	bcc.n	10001de6 <y64_x32+0xb6>
10001dfe:	e7f1      	b.n	10001de4 <y64_x32+0xb4>

10001e00 <last0>:
10001e00:	2709      	movs	r7, #9
10001e02:	1b7f      	subs	r7, r7, r5
10001e04:	40fe      	lsrs	r6, r7
10001e06:	4664      	mov	r4, ip
10001e08:	b2a2      	uxth	r2, r4
10001e0a:	4372      	muls	r2, r6
10001e0c:	1a80      	subs	r0, r0, r2
10001e0e:	d200      	bcs.n	10001e12 <last0+0x12>
10001e10:	3901      	subs	r1, #1
10001e12:	0c22      	lsrs	r2, r4, #16
10001e14:	4372      	muls	r2, r6
10001e16:	0c13      	lsrs	r3, r2, #16
10001e18:	0412      	lsls	r2, r2, #16
10001e1a:	1a82      	subs	r2, r0, r2
10001e1c:	4199      	sbcs	r1, r3
10001e1e:	000b      	movs	r3, r1
10001e20:	4670      	mov	r0, lr
10001e22:	3504      	adds	r5, #4
10001e24:	3713      	adds	r7, #19
10001e26:	0001      	movs	r1, r0
10001e28:	40f9      	lsrs	r1, r7
10001e2a:	40a8      	lsls	r0, r5
10001e2c:	1980      	adds	r0, r0, r6
10001e2e:	d300      	bcc.n	10001e32 <last0+0x32>
10001e30:	3101      	adds	r1, #1
10001e32:	2b00      	cmp	r3, #0
10001e34:	d102      	bne.n	10001e3c <last0+0x3c>
10001e36:	42a2      	cmp	r2, r4
10001e38:	d20a      	bcs.n	10001e50 <last0+0x50>
10001e3a:	bdf0      	pop	{r4, r5, r6, r7, pc}
10001e3c:	3001      	adds	r0, #1
10001e3e:	d300      	bcc.n	10001e42 <last0+0x42>
10001e40:	3101      	adds	r1, #1
10001e42:	1b12      	subs	r2, r2, r4
10001e44:	d2fa      	bcs.n	10001e3c <last0+0x3c>
10001e46:	3b01      	subs	r3, #1
10001e48:	d1f8      	bne.n	10001e3c <last0+0x3c>
10001e4a:	42a2      	cmp	r2, r4
10001e4c:	d200      	bcs.n	10001e50 <last0+0x50>
10001e4e:	bdf0      	pop	{r4, r5, r6, r7, pc}
10001e50:	3001      	adds	r0, #1
10001e52:	d300      	bcc.n	10001e56 <last0+0x56>
10001e54:	3101      	adds	r1, #1
10001e56:	1b12      	subs	r2, r2, r4
10001e58:	e7f7      	b.n	10001e4a <last0+0x4a>

10001e5a <y64_x48>:
10001e5a:	b5f0      	push	{r4, r5, r6, r7, lr}
10001e5c:	0c1c      	lsrs	r4, r3, #16
10001e5e:	d000      	beq.n	10001e62 <y64_x48+0x8>
10001e60:	e080      	b.n	10001f64 <y64_x64>
10001e62:	b40c      	push	{r2, r3}
10001e64:	2500      	movs	r5, #0
10001e66:	0a1c      	lsrs	r4, r3, #8
10001e68:	d104      	bne.n	10001e74 <y64_x48+0x1a>
10001e6a:	021b      	lsls	r3, r3, #8
10001e6c:	0e16      	lsrs	r6, r2, #24
10001e6e:	4333      	orrs	r3, r6
10001e70:	0212      	lsls	r2, r2, #8
10001e72:	3508      	adds	r5, #8
10001e74:	0b1c      	lsrs	r4, r3, #12
10001e76:	d104      	bne.n	10001e82 <y64_x48+0x28>
10001e78:	011b      	lsls	r3, r3, #4
10001e7a:	0f16      	lsrs	r6, r2, #28
10001e7c:	4333      	orrs	r3, r6
10001e7e:	0112      	lsls	r2, r2, #4
10001e80:	3504      	adds	r5, #4
10001e82:	0b9c      	lsrs	r4, r3, #14
10001e84:	d104      	bne.n	10001e90 <y64_x48+0x36>
10001e86:	009b      	lsls	r3, r3, #2
10001e88:	0f96      	lsrs	r6, r2, #30
10001e8a:	4333      	orrs	r3, r6
10001e8c:	0092      	lsls	r2, r2, #2
10001e8e:	3502      	adds	r5, #2
10001e90:	0bdc      	lsrs	r4, r3, #15
10001e92:	d102      	bne.n	10001e9a <y64_x48+0x40>
10001e94:	1892      	adds	r2, r2, r2
10001e96:	415b      	adcs	r3, r3
10001e98:	3501      	adds	r5, #1
10001e9a:	001c      	movs	r4, r3
10001e9c:	1897      	adds	r7, r2, r2
10001e9e:	4164      	adcs	r4, r4
10001ea0:	3401      	adds	r4, #1
10001ea2:	4f46      	ldr	r7, [pc, #280]	@ (10001fbc <y64_x64+0x58>)
10001ea4:	667c      	str	r4, [r7, #100]	@ 0x64
10001ea6:	4c46      	ldr	r4, [pc, #280]	@ (10001fc0 <y64_x64+0x5c>)
10001ea8:	663c      	str	r4, [r7, #96]	@ 0x60
10001eaa:	0c0e      	lsrs	r6, r1, #16
10001eac:	e7ff      	b.n	10001eae <y64_x48+0x54>
10001eae:	e7ff      	b.n	10001eb0 <y64_x48+0x56>
10001eb0:	e7ff      	b.n	10001eb2 <y64_x48+0x58>
10001eb2:	46c0      	nop			@ (mov r8, r8)
10001eb4:	6f3c      	ldr	r4, [r7, #112]	@ 0x70
10001eb6:	4366      	muls	r6, r4
10001eb8:	0c36      	lsrs	r6, r6, #16
10001eba:	0377      	lsls	r7, r6, #13
10001ebc:	46be      	mov	lr, r7
10001ebe:	b297      	uxth	r7, r2
10001ec0:	4377      	muls	r7, r6
10001ec2:	1bc0      	subs	r0, r0, r7
10001ec4:	d200      	bcs.n	10001ec8 <y64_x48+0x6e>
10001ec6:	3901      	subs	r1, #1
10001ec8:	1bc0      	subs	r0, r0, r7
10001eca:	d200      	bcs.n	10001ece <y64_x48+0x74>
10001ecc:	3901      	subs	r1, #1
10001ece:	b29f      	uxth	r7, r3
10001ed0:	4377      	muls	r7, r6
10001ed2:	1bc9      	subs	r1, r1, r7
10001ed4:	1bc9      	subs	r1, r1, r7
10001ed6:	0c17      	lsrs	r7, r2, #16
10001ed8:	4377      	muls	r7, r6
10001eda:	047e      	lsls	r6, r7, #17
10001edc:	0bff      	lsrs	r7, r7, #15
10001ede:	1b80      	subs	r0, r0, r6
10001ee0:	41b9      	sbcs	r1, r7
10001ee2:	08ce      	lsrs	r6, r1, #3
10001ee4:	4366      	muls	r6, r4
10001ee6:	0c36      	lsrs	r6, r6, #16
10001ee8:	2d0c      	cmp	r5, #12
10001eea:	db33      	blt.n	10001f54 <last1>
10001eec:	44b6      	add	lr, r6
10001eee:	0b12      	lsrs	r2, r2, #12
10001ef0:	051f      	lsls	r7, r3, #20
10001ef2:	433a      	orrs	r2, r7
10001ef4:	0b1b      	lsrs	r3, r3, #12
10001ef6:	b297      	uxth	r7, r2
10001ef8:	4377      	muls	r7, r6
10001efa:	1bc0      	subs	r0, r0, r7
10001efc:	d200      	bcs.n	10001f00 <y64_x48+0xa6>
10001efe:	3901      	subs	r1, #1
10001f00:	b29f      	uxth	r7, r3
10001f02:	4377      	muls	r7, r6
10001f04:	1bc9      	subs	r1, r1, r7
10001f06:	0c17      	lsrs	r7, r2, #16
10001f08:	4377      	muls	r7, r6
10001f0a:	043e      	lsls	r6, r7, #16
10001f0c:	0c3f      	lsrs	r7, r7, #16
10001f0e:	1b80      	subs	r0, r0, r6
10001f10:	41b9      	sbcs	r1, r7
10001f12:	0d86      	lsrs	r6, r0, #22
10001f14:	028f      	lsls	r7, r1, #10
10001f16:	433e      	orrs	r6, r7
10001f18:	4366      	muls	r6, r4
10001f1a:	2729      	movs	r7, #41	@ 0x29
10001f1c:	1b7f      	subs	r7, r7, r5
10001f1e:	40fe      	lsrs	r6, r7
10001f20:	3d0c      	subs	r5, #12
10001f22:	4677      	mov	r7, lr
10001f24:	40af      	lsls	r7, r5
10001f26:	19bf      	adds	r7, r7, r6
10001f28:	bc30      	pop	{r4, r5}
10001f2a:	b2a2      	uxth	r2, r4
10001f2c:	b2ab      	uxth	r3, r5
10001f2e:	4372      	muls	r2, r6
10001f30:	4373      	muls	r3, r6
10001f32:	1a80      	subs	r0, r0, r2
10001f34:	4199      	sbcs	r1, r3
10001f36:	0c22      	lsrs	r2, r4, #16
10001f38:	4372      	muls	r2, r6
10001f3a:	0c13      	lsrs	r3, r2, #16
10001f3c:	0412      	lsls	r2, r2, #16
10001f3e:	1a80      	subs	r0, r0, r2
10001f40:	4199      	sbcs	r1, r3
10001f42:	0002      	movs	r2, r0
10001f44:	000b      	movs	r3, r1
10001f46:	3701      	adds	r7, #1
10001f48:	1b00      	subs	r0, r0, r4
10001f4a:	41a9      	sbcs	r1, r5
10001f4c:	d2f9      	bcs.n	10001f42 <y64_x48+0xe8>
10001f4e:	1e78      	subs	r0, r7, #1
10001f50:	2100      	movs	r1, #0
10001f52:	bdf0      	pop	{r4, r5, r6, r7, pc}

10001f54 <last1>:
10001f54:	270c      	movs	r7, #12
10001f56:	1b7f      	subs	r7, r7, r5
10001f58:	40fe      	lsrs	r6, r7
10001f5a:	4677      	mov	r7, lr
10001f5c:	0b7f      	lsrs	r7, r7, #13
10001f5e:	40af      	lsls	r7, r5
10001f60:	19ff      	adds	r7, r7, r7
10001f62:	e7e0      	b.n	10001f26 <y64_x48+0xcc>

10001f64 <y64_x64>:
10001f64:	2400      	movs	r4, #0
10001f66:	1c5d      	adds	r5, r3, #1
10001f68:	d007      	beq.n	10001f7a <y64_x64+0x16>
10001f6a:	4f14      	ldr	r7, [pc, #80]	@ (10001fbc <y64_x64+0x58>)
10001f6c:	667d      	str	r5, [r7, #100]	@ 0x64
10001f6e:	6639      	str	r1, [r7, #96]	@ 0x60
10001f70:	e7ff      	b.n	10001f72 <y64_x64+0xe>
10001f72:	e7ff      	b.n	10001f74 <y64_x64+0x10>
10001f74:	e7ff      	b.n	10001f76 <y64_x64+0x12>
10001f76:	e7ff      	b.n	10001f78 <y64_x64+0x14>
10001f78:	6f3c      	ldr	r4, [r7, #112]	@ 0x70
10001f7a:	b295      	uxth	r5, r2
10001f7c:	b29e      	uxth	r6, r3
10001f7e:	4365      	muls	r5, r4
10001f80:	4366      	muls	r6, r4
10001f82:	1b40      	subs	r0, r0, r5
10001f84:	41b1      	sbcs	r1, r6
10001f86:	0c15      	lsrs	r5, r2, #16
10001f88:	0c1e      	lsrs	r6, r3, #16
10001f8a:	4365      	muls	r5, r4
10001f8c:	4366      	muls	r6, r4
10001f8e:	0436      	lsls	r6, r6, #16
10001f90:	0c2f      	lsrs	r7, r5, #16
10001f92:	433e      	orrs	r6, r7
10001f94:	042d      	lsls	r5, r5, #16
10001f96:	1b40      	subs	r0, r0, r5
10001f98:	41b1      	sbcs	r1, r6
10001f9a:	4299      	cmp	r1, r3
10001f9c:	d204      	bcs.n	10001fa8 <y64_x64+0x44>
10001f9e:	0002      	movs	r2, r0
10001fa0:	000b      	movs	r3, r1
10001fa2:	0020      	movs	r0, r4
10001fa4:	2100      	movs	r1, #0
10001fa6:	bdf0      	pop	{r4, r5, r6, r7, pc}
10001fa8:	d101      	bne.n	10001fae <y64_x64+0x4a>
10001faa:	4290      	cmp	r0, r2
10001fac:	d3f7      	bcc.n	10001f9e <y64_x64+0x3a>
10001fae:	1a80      	subs	r0, r0, r2
10001fb0:	4199      	sbcs	r1, r3
10001fb2:	3401      	adds	r4, #1
10001fb4:	4299      	cmp	r1, r3
10001fb6:	d3f2      	bcc.n	10001f9e <y64_x64+0x3a>
10001fb8:	e7f6      	b.n	10001fa8 <y64_x64+0x44>
10001fba:	0000      	.short	0x0000
10001fbc:	d0000000 	.word	0xd0000000
10001fc0:	ffffffff 	.word	0xffffffff

10001fc4 <__wrap___aeabi_drsub>:
10001fc4:	4048      	eors	r0, r1
10001fc6:	4041      	eors	r1, r0
10001fc8:	4048      	eors	r0, r1

10001fca <__wrap___aeabi_dsub>:
10001fca:	b418      	push	{r3, r4}
10001fcc:	4b1b      	ldr	r3, [pc, #108]	@ (1000203c <__wrap___aeabi_dmul+0x12>)
10001fce:	685b      	ldr	r3, [r3, #4]
10001fd0:	46fc      	mov	ip, pc
10001fd2:	9301      	str	r3, [sp, #4]
10001fd4:	bd08      	pop	{r3, pc}
10001fd6:	df04      	.short	0xdf04
10001fd8:	1000229f 	.word	0x1000229f

10001fdc <__wrap___aeabi_dadd>:
10001fdc:	b418      	push	{r3, r4}
10001fde:	4b17      	ldr	r3, [pc, #92]	@ (1000203c <__wrap___aeabi_dmul+0x12>)
10001fe0:	681b      	ldr	r3, [r3, #0]
10001fe2:	46fc      	mov	ip, pc
10001fe4:	9301      	str	r3, [sp, #4]
10001fe6:	bd08      	pop	{r3, pc}
10001fe8:	22a9df00 	.word	0x22a9df00
10001fec:	1000      	.short	0x1000

10001fee <__wrap___aeabi_ddiv>:
10001fee:	4694      	mov	ip, r2
10001ff0:	4a13      	ldr	r2, [pc, #76]	@ (10002040 <__wrap___aeabi_dmul+0x16>)
10001ff2:	6f92      	ldr	r2, [r2, #120]	@ 0x78
10001ff4:	0892      	lsrs	r2, r2, #2
10001ff6:	d209      	bcs.n	1000200c <ddiv_save_state>
10001ff8:	4662      	mov	r2, ip

10001ffa <ddiv_shim_call>:
10001ffa:	b418      	push	{r3, r4}
10001ffc:	4b0f      	ldr	r3, [pc, #60]	@ (1000203c <__wrap___aeabi_dmul+0x12>)
10001ffe:	68db      	ldr	r3, [r3, #12]
10002000:	46fc      	mov	ip, pc
10002002:	9301      	str	r3, [sp, #4]
10002004:	bd08      	pop	{r3, pc}
10002006:	df0c      	.short	0xdf0c
10002008:	10002561 	.word	0x10002561

1000200c <ddiv_save_state>:
1000200c:	4a0c      	ldr	r2, [pc, #48]	@ (10002040 <__wrap___aeabi_dmul+0x16>)
1000200e:	b5f0      	push	{r4, r5, r6, r7, lr}
10002010:	6e14      	ldr	r4, [r2, #96]	@ 0x60
10002012:	6e55      	ldr	r5, [r2, #100]	@ 0x64
10002014:	6f57      	ldr	r7, [r2, #116]	@ 0x74
10002016:	6f16      	ldr	r6, [r2, #112]	@ 0x70
10002018:	4662      	mov	r2, ip
1000201a:	f7ff ffee 	bl	10001ffa <ddiv_shim_call>
1000201e:	4a08      	ldr	r2, [pc, #32]	@ (10002040 <__wrap___aeabi_dmul+0x16>)
10002020:	6614      	str	r4, [r2, #96]	@ 0x60
10002022:	6655      	str	r5, [r2, #100]	@ 0x64
10002024:	6757      	str	r7, [r2, #116]	@ 0x74
10002026:	6716      	str	r6, [r2, #112]	@ 0x70
10002028:	bdf0      	pop	{r4, r5, r6, r7, pc}

1000202a <__wrap___aeabi_dmul>:
1000202a:	b418      	push	{r3, r4}
1000202c:	4b03      	ldr	r3, [pc, #12]	@ (1000203c <__wrap___aeabi_dmul+0x12>)
1000202e:	689b      	ldr	r3, [r3, #8]
10002030:	46fc      	mov	ip, pc
10002032:	9301      	str	r3, [sp, #4]
10002034:	bd08      	pop	{r3, pc}
10002036:	df08      	.short	0xdf08
10002038:	10002405 	.word	0x10002405
1000203c:	200016a8 	.word	0x200016a8
10002040:	d0000000 	.word	0xd0000000

10002044 <__wrap___aeabi_cdrcmple>:
10002044:	b5ff      	push	{r0, r1, r2, r3, r4, r5, r6, r7, lr}
10002046:	4050      	eors	r0, r2
10002048:	4042      	eors	r2, r0
1000204a:	4050      	eors	r0, r2
1000204c:	4059      	eors	r1, r3
1000204e:	404b      	eors	r3, r1
10002050:	4059      	eors	r1, r3
10002052:	e000      	b.n	10002056 <__aeabi_dfcmple_guts>

10002054 <__wrap___aeabi_cdcmpeq>:
10002054:	b5ff      	push	{r0, r1, r2, r3, r4, r5, r6, r7, lr}

10002056 <__aeabi_dfcmple_guts>:
10002056:	4f15      	ldr	r7, [pc, #84]	@ (100020ac <__aeabi_dfcmple_guts+0x56>)
10002058:	004c      	lsls	r4, r1, #1
1000205a:	0d64      	lsrs	r4, r4, #21
1000205c:	d003      	beq.n	10002066 <__aeabi_dfcmple_guts+0x10>
1000205e:	42bc      	cmp	r4, r7
10002060:	d104      	bne.n	1000206c <__aeabi_dfcmple_guts+0x16>
10002062:	030c      	lsls	r4, r1, #12
10002064:	d814      	bhi.n	10002090 <__aeabi_dfcmple_guts+0x3a>
10002066:	2000      	movs	r0, #0
10002068:	0d09      	lsrs	r1, r1, #20
1000206a:	0509      	lsls	r1, r1, #20
1000206c:	005c      	lsls	r4, r3, #1
1000206e:	0d64      	lsrs	r4, r4, #21
10002070:	d003      	beq.n	1000207a <__aeabi_dfcmple_guts+0x24>
10002072:	42bc      	cmp	r4, r7
10002074:	d104      	bne.n	10002080 <__aeabi_dfcmple_guts+0x2a>
10002076:	031c      	lsls	r4, r3, #12
10002078:	d80a      	bhi.n	10002090 <__aeabi_dfcmple_guts+0x3a>
1000207a:	2200      	movs	r2, #0
1000207c:	0d1b      	lsrs	r3, r3, #20
1000207e:	051b      	lsls	r3, r3, #20
10002080:	2601      	movs	r6, #1
10002082:	404b      	eors	r3, r1
10002084:	d409      	bmi.n	1000209a <__aeabi_dfcmple_guts+0x44>
10002086:	404b      	eors	r3, r1
10002088:	d503      	bpl.n	10002092 <__aeabi_dfcmple_guts+0x3c>
1000208a:	428b      	cmp	r3, r1
1000208c:	d100      	bne.n	10002090 <__aeabi_dfcmple_guts+0x3a>
1000208e:	4282      	cmp	r2, r0
10002090:	bdff      	pop	{r0, r1, r2, r3, r4, r5, r6, r7, pc}
10002092:	4299      	cmp	r1, r3
10002094:	d1fc      	bne.n	10002090 <__aeabi_dfcmple_guts+0x3a>
10002096:	4290      	cmp	r0, r2
10002098:	bdff      	pop	{r0, r1, r2, r3, r4, r5, r6, r7, pc}
1000209a:	430b      	orrs	r3, r1
1000209c:	18db      	adds	r3, r3, r3
1000209e:	4303      	orrs	r3, r0
100020a0:	4313      	orrs	r3, r2
100020a2:	d0f5      	beq.n	10002090 <__aeabi_dfcmple_guts+0x3a>
100020a4:	43c9      	mvns	r1, r1
100020a6:	1849      	adds	r1, r1, r1
100020a8:	bdff      	pop	{r0, r1, r2, r3, r4, r5, r6, r7, pc}
100020aa:	0000      	.short	0x0000
100020ac:	000007ff 	.word	0x000007ff

100020b0 <__wrap___aeabi_dcmplt>:
100020b0:	b500      	push	{lr}
100020b2:	f7ff ffcf 	bl	10002054 <__wrap___aeabi_cdcmpeq>
100020b6:	4180      	sbcs	r0, r0
100020b8:	bd00      	pop	{pc}
100020ba:	46c0      	nop			@ (mov r8, r8)

100020bc <__wrap___aeabi_dcmple>:
100020bc:	b500      	push	{lr}
100020be:	f7ff ffc9 	bl	10002054 <__wrap___aeabi_cdcmpeq>
100020c2:	d901      	bls.n	100020c8 <__wrap___aeabi_dcmple+0xc>
100020c4:	2000      	movs	r0, #0
100020c6:	bd00      	pop	{pc}
100020c8:	2001      	movs	r0, #1
100020ca:	bd00      	pop	{pc}

100020cc <__wrap___aeabi_dcmpge>:
100020cc:	b500      	push	{lr}
100020ce:	f7ff ffb9 	bl	10002044 <__wrap___aeabi_cdrcmple>
100020d2:	d901      	bls.n	100020d8 <__wrap___aeabi_dcmpge+0xc>
100020d4:	2000      	movs	r0, #0
100020d6:	bd00      	pop	{pc}
100020d8:	2001      	movs	r0, #1
100020da:	bd00      	pop	{pc}

100020dc <__wrap___aeabi_dcmpgt>:
100020dc:	b500      	push	{lr}
100020de:	f7ff ffb1 	bl	10002044 <__wrap___aeabi_cdrcmple>
100020e2:	4180      	sbcs	r0, r0
100020e4:	bd00      	pop	{pc}

100020e6 <__wrap___aeabi_dcmpun>:
100020e6:	2001      	movs	r0, #1
100020e8:	0540      	lsls	r0, r0, #21
100020ea:	004a      	lsls	r2, r1, #1
100020ec:	1812      	adds	r2, r2, r0
100020ee:	d804      	bhi.n	100020fa <__wrap___aeabi_dcmpun+0x14>
100020f0:	005a      	lsls	r2, r3, #1
100020f2:	1812      	adds	r2, r2, r0
100020f4:	d801      	bhi.n	100020fa <__wrap___aeabi_dcmpun+0x14>
100020f6:	2000      	movs	r0, #0
100020f8:	4770      	bx	lr
100020fa:	2001      	movs	r0, #1
100020fc:	4770      	bx	lr
	...

10002100 <__wrap___aeabi_ui2d>:
10002100:	2100      	movs	r1, #0
10002102:	2800      	cmp	r0, #0
10002104:	d105      	bne.n	10002112 <__wrap___aeabi_i2d+0xa>
10002106:	4770      	bx	lr

10002108 <__wrap___aeabi_i2d>:
10002108:	17c1      	asrs	r1, r0, #31
1000210a:	4048      	eors	r0, r1
1000210c:	1a40      	subs	r0, r0, r1
1000210e:	d0fa      	beq.n	10002106 <__wrap___aeabi_ui2d+0x6>
10002110:	07c9      	lsls	r1, r1, #31
10002112:	b513      	push	{r0, r1, r4, lr}
10002114:	4b06      	ldr	r3, [pc, #24]	@ (10002130 <__wrap___aeabi_i2d+0x28>)
10002116:	681b      	ldr	r3, [r3, #0]
10002118:	4798      	blx	r3
1000211a:	bc0c      	pop	{r2, r3}
1000211c:	1c44      	adds	r4, r0, #1
1000211e:	40a2      	lsls	r2, r4
10002120:	0510      	lsls	r0, r2, #20
10002122:	0b12      	lsrs	r2, r2, #12
10002124:	4903      	ldr	r1, [pc, #12]	@ (10002134 <__wrap___aeabi_i2d+0x2c>)
10002126:	1b09      	subs	r1, r1, r4
10002128:	0509      	lsls	r1, r1, #20
1000212a:	4319      	orrs	r1, r3
1000212c:	4311      	orrs	r1, r2
1000212e:	bd10      	pop	{r4, pc}
10002130:	200017a8 	.word	0x200017a8
10002134:	0000041f 	.word	0x0000041f

10002138 <__wrap___aeabi_d2iz>:
10002138:	b510      	push	{r4, lr}
1000213a:	004c      	lsls	r4, r1, #1
1000213c:	0d62      	lsrs	r2, r4, #21
1000213e:	2380      	movs	r3, #128	@ 0x80
10002140:	18d2      	adds	r2, r2, r3
10002142:	00db      	lsls	r3, r3, #3
10002144:	1ad2      	subs	r2, r2, r3
10002146:	055b      	lsls	r3, r3, #21
10002148:	2a7e      	cmp	r2, #126	@ 0x7e
1000214a:	dd10      	ble.n	1000216e <__wrap___aeabi_d2iz+0x36>
1000214c:	3a9e      	subs	r2, #158	@ 0x9e
1000214e:	da13      	bge.n	10002178 <__wrap___aeabi_d2iz+0x40>
10002150:	17cc      	asrs	r4, r1, #31
10002152:	0309      	lsls	r1, r1, #12
10002154:	0849      	lsrs	r1, r1, #1
10002156:	4319      	orrs	r1, r3
10002158:	4252      	negs	r2, r2
1000215a:	40d1      	lsrs	r1, r2
1000215c:	0064      	lsls	r4, r4, #1
1000215e:	3401      	adds	r4, #1
10002160:	3215      	adds	r2, #21
10002162:	2a20      	cmp	r2, #32
10002164:	da05      	bge.n	10002172 <__wrap___aeabi_d2iz+0x3a>
10002166:	40d0      	lsrs	r0, r2
10002168:	4308      	orrs	r0, r1
1000216a:	4360      	muls	r0, r4
1000216c:	bd10      	pop	{r4, pc}
1000216e:	2000      	movs	r0, #0
10002170:	bd10      	pop	{r4, pc}
10002172:	4608      	mov	r0, r1
10002174:	4360      	muls	r0, r4
10002176:	bd10      	pop	{r4, pc}
10002178:	0fc8      	lsrs	r0, r1, #31
1000217a:	18c0      	adds	r0, r0, r3
1000217c:	3801      	subs	r0, #1
1000217e:	bd10      	pop	{r4, pc}

10002180 <__wrap___aeabi_d2uiz>:
10002180:	b418      	push	{r3, r4}
10002182:	4b04      	ldr	r3, [pc, #16]	@ (10002194 <__wrap___aeabi_d2uiz+0x14>)
10002184:	6a5b      	ldr	r3, [r3, #36]	@ 0x24
10002186:	46fc      	mov	ip, pc
10002188:	9301      	str	r3, [sp, #4]
1000218a:	bd08      	pop	{r3, pc}
1000218c:	2711df24 	.word	0x2711df24
10002190:	00001000 	.word	0x00001000
10002194:	200016a8 	.word	0x200016a8

10002198 <__aeabi_double_init>:
10002198:	b570      	push	{r4, r5, r6, lr}
1000219a:	2313      	movs	r3, #19
1000219c:	781c      	ldrb	r4, [r3, #0]
1000219e:	2c01      	cmp	r4, #1
100021a0:	d012      	beq.n	100021c8 <__aeabi_double_init+0x30>
100021a2:	2c01      	cmp	r4, #1
100021a4:	dc12      	bgt.n	100021cc <__aeabi_double_init+0x34>
100021a6:	4b21      	ldr	r3, [pc, #132]	@ (1000222c <__aeabi_double_init+0x94>)
100021a8:	4a21      	ldr	r2, [pc, #132]	@ (10002230 <__aeabi_double_init+0x98>)
100021aa:	6493      	str	r3, [r2, #72]	@ 0x48
100021ac:	4821      	ldr	r0, [pc, #132]	@ (10002234 <__aeabi_double_init+0x9c>)
100021ae:	f7ff fb57 	bl	10001860 <rom_func_lookup>
100021b2:	4b21      	ldr	r3, [pc, #132]	@ (10002238 <__aeabi_double_init+0xa0>)
100021b4:	6018      	str	r0, [r3, #0]
100021b6:	bd70      	pop	{r4, r5, r6, pc}
100021b8:	491c      	ldr	r1, [pc, #112]	@ (1000222c <__aeabi_double_init+0x94>)
100021ba:	4a1d      	ldr	r2, [pc, #116]	@ (10002230 <__aeabi_double_init+0x98>)
100021bc:	0098      	lsls	r0, r3, #2
100021be:	5081      	str	r1, [r0, r2]
100021c0:	3301      	adds	r3, #1
100021c2:	2b1f      	cmp	r3, #31
100021c4:	d9f8      	bls.n	100021b8 <__aeabi_double_init+0x20>
100021c6:	e7ec      	b.n	100021a2 <__aeabi_double_init+0xa>
100021c8:	2300      	movs	r3, #0
100021ca:	e7fa      	b.n	100021c2 <__aeabi_double_init+0x2a>
100021cc:	481b      	ldr	r0, [pc, #108]	@ (1000223c <__aeabi_double_init+0xa4>)
100021ce:	f7ff fb4f 	bl	10001870 <rom_data_lookup>
100021d2:	0005      	movs	r5, r0
100021d4:	481a      	ldr	r0, [pc, #104]	@ (10002240 <__aeabi_double_init+0xa8>)
100021d6:	f7ff fb4b 	bl	10001870 <rom_data_lookup>
100021da:	3802      	subs	r0, #2
100021dc:	7803      	ldrb	r3, [r0, #0]
100021de:	009b      	lsls	r3, r3, #2
100021e0:	2b7f      	cmp	r3, #127	@ 0x7f
100021e2:	dd09      	ble.n	100021f8 <__aeabi_double_init+0x60>
100021e4:	4812      	ldr	r0, [pc, #72]	@ (10002230 <__aeabi_double_init+0x98>)
100021e6:	2280      	movs	r2, #128	@ 0x80
100021e8:	0029      	movs	r1, r5
100021ea:	f000 fbaf 	bl	1000294c <__wrap___aeabi_memcpy>
100021ee:	2c02      	cmp	r4, #2
100021f0:	d008      	beq.n	10002204 <__aeabi_double_init+0x6c>
100021f2:	2c02      	cmp	r4, #2
100021f4:	dcda      	bgt.n	100021ac <__aeabi_double_init+0x14>
100021f6:	e7d6      	b.n	100021a6 <__aeabi_double_init+0xe>
100021f8:	4b12      	ldr	r3, [pc, #72]	@ (10002244 <__aeabi_double_init+0xac>)
100021fa:	4a13      	ldr	r2, [pc, #76]	@ (10002248 <__aeabi_double_init+0xb0>)
100021fc:	4813      	ldr	r0, [pc, #76]	@ (1000224c <__aeabi_double_init+0xb4>)
100021fe:	2134      	movs	r1, #52	@ 0x34
10002200:	f001 fca4 	bl	10003b4c <__assert_func>
10002204:	4b12      	ldr	r3, [pc, #72]	@ (10002250 <__aeabi_double_init+0xb8>)
10002206:	881a      	ldrh	r2, [r3, #0]
10002208:	23b5      	movs	r3, #181	@ 0xb5
1000220a:	021b      	lsls	r3, r3, #8
1000220c:	429a      	cmp	r2, r3
1000220e:	d109      	bne.n	10002224 <__aeabi_double_init+0x8c>
10002210:	4b10      	ldr	r3, [pc, #64]	@ (10002254 <__aeabi_double_init+0xbc>)
10002212:	881a      	ldrh	r2, [r3, #0]
10002214:	4b10      	ldr	r3, [pc, #64]	@ (10002258 <__aeabi_double_init+0xc0>)
10002216:	429a      	cmp	r2, r3
10002218:	d104      	bne.n	10002224 <__aeabi_double_init+0x8c>
1000221a:	4b10      	ldr	r3, [pc, #64]	@ (1000225c <__aeabi_double_init+0xc4>)
1000221c:	881a      	ldrh	r2, [r3, #0]
1000221e:	4b10      	ldr	r3, [pc, #64]	@ (10002260 <__aeabi_double_init+0xc8>)
10002220:	429a      	cmp	r2, r3
10002222:	d0e6      	beq.n	100021f2 <__aeabi_double_init+0x5a>
10002224:	2000      	movs	r0, #0
10002226:	f7fe f9e5 	bl	100005f4 <panic>
1000222a:	46c0      	nop			@ (mov r8, r8)
1000222c:	10002265 	.word	0x10002265
10002230:	200016a8 	.word	0x200016a8
10002234:	0000334c 	.word	0x0000334c
10002238:	200017a8 	.word	0x200017a8
1000223c:	00004453 	.word	0x00004453
10002240:	00004653 	.word	0x00004653
10002244:	10006e00 	.word	0x10006e00
10002248:	1000759c 	.word	0x1000759c
1000224c:	10006e44 	.word	0x10006e44
10002250:	00003854 	.word	0x00003854
10002254:	000038d8 	.word	0x000038d8
10002258:	00004649 	.word	0x00004649
1000225c:	0000389c 	.word	0x0000389c
10002260:	00004659 	.word	0x00004659

10002264 <double_table_shim_on_use_helper>:
10002264:	b507      	push	{r0, r1, r2, lr}
10002266:	4660      	mov	r0, ip
10002268:	2800      	cmp	r0, #0
1000226a:	d100      	bne.n	1000226e <double_table_shim_on_use_helper+0xa>
1000226c:	be00      	bkpt	0x0000
1000226e:	8801      	ldrh	r1, [r0, #0]
10002270:	0a0a      	lsrs	r2, r1, #8
10002272:	3002      	adds	r0, #2
10002274:	2adf      	cmp	r2, #223	@ 0xdf
10002276:	d1fa      	bne.n	1000226e <double_table_shim_on_use_helper+0xa>
10002278:	b2c9      	uxtb	r1, r1
1000227a:	0882      	lsrs	r2, r0, #2
1000227c:	d304      	bcc.n	10002288 <double_table_shim_on_use_helper+0x24>
1000227e:	8802      	ldrh	r2, [r0, #0]
10002280:	8840      	ldrh	r0, [r0, #2]
10002282:	0400      	lsls	r0, r0, #16
10002284:	4310      	orrs	r0, r2
10002286:	e000      	b.n	1000228a <double_table_shim_on_use_helper+0x26>
10002288:	6800      	ldr	r0, [r0, #0]
1000228a:	4a02      	ldr	r2, [pc, #8]	@ (10002294 <double_table_shim_on_use_helper+0x30>)
1000228c:	5050      	str	r0, [r2, r1]
1000228e:	9003      	str	r0, [sp, #12]
10002290:	bd07      	pop	{r0, r1, r2, pc}
10002292:	0000      	.short	0x0000
10002294:	200016a8 	.word	0x200016a8

10002298 <drsub_shim>:
10002298:	b40f      	push	{r0, r1, r2, r3}
1000229a:	bc03      	pop	{r0, r1}
1000229c:	bc0c      	pop	{r2, r3}

1000229e <dsub_shim>:
1000229e:	b5f0      	push	{r4, r5, r6, r7, lr}
100022a0:	2401      	movs	r4, #1
100022a2:	07e4      	lsls	r4, r4, #31
100022a4:	4063      	eors	r3, r4
100022a6:	e000      	b.n	100022aa <da_entry>

100022a8 <dadd_shim>:
100022a8:	b5f0      	push	{r4, r5, r6, r7, lr}

100022aa <da_entry>:
100022aa:	0d0c      	lsrs	r4, r1, #20
100022ac:	0fcf      	lsrs	r7, r1, #31
100022ae:	1e66      	subs	r6, r4, #1
100022b0:	0536      	lsls	r6, r6, #20
100022b2:	1b89      	subs	r1, r1, r6
100022b4:	0564      	lsls	r4, r4, #21
100022b6:	d303      	bcc.n	100022c0 <l8_1>
100022b8:	43c9      	mvns	r1, r1
100022ba:	4240      	negs	r0, r0
100022bc:	d300      	bcc.n	100022c0 <l8_1>
100022be:	3101      	adds	r1, #1

100022c0 <l8_1>:
100022c0:	0d64      	lsrs	r4, r4, #21
100022c2:	d003      	beq.n	100022cc <l8_2>
100022c4:	1c66      	adds	r6, r4, #1
100022c6:	0af6      	lsrs	r6, r6, #11
100022c8:	d007      	beq.n	100022da <l8_3>
100022ca:	1be4      	subs	r4, r4, r7

100022cc <l8_2>:
100022cc:	2000      	movs	r0, #0
100022ce:	007f      	lsls	r7, r7, #1
100022d0:	1c79      	adds	r1, r7, #1
100022d2:	0789      	lsls	r1, r1, #30
100022d4:	1289      	asrs	r1, r1, #10
100022d6:	3c80      	subs	r4, #128	@ 0x80
100022d8:	0324      	lsls	r4, r4, #12

100022da <l8_3>:
100022da:	0d1d      	lsrs	r5, r3, #20
100022dc:	0fdf      	lsrs	r7, r3, #31
100022de:	1e6e      	subs	r6, r5, #1
100022e0:	0536      	lsls	r6, r6, #20
100022e2:	1b9b      	subs	r3, r3, r6
100022e4:	056d      	lsls	r5, r5, #21
100022e6:	d303      	bcc.n	100022f0 <l9_1>
100022e8:	43db      	mvns	r3, r3
100022ea:	4252      	negs	r2, r2
100022ec:	d300      	bcc.n	100022f0 <l9_1>
100022ee:	3301      	adds	r3, #1

100022f0 <l9_1>:
100022f0:	0d6d      	lsrs	r5, r5, #21
100022f2:	d003      	beq.n	100022fc <l9_2>
100022f4:	1c6e      	adds	r6, r5, #1
100022f6:	0af6      	lsrs	r6, r6, #11
100022f8:	d007      	beq.n	1000230a <l9_3>
100022fa:	1bed      	subs	r5, r5, r7

100022fc <l9_2>:
100022fc:	2200      	movs	r2, #0
100022fe:	007f      	lsls	r7, r7, #1
10002300:	1c7b      	adds	r3, r7, #1
10002302:	079b      	lsls	r3, r3, #30
10002304:	129b      	asrs	r3, r3, #10
10002306:	3d80      	subs	r5, #128	@ 0x80
10002308:	032d      	lsls	r5, r5, #12

1000230a <l9_3>:
1000230a:	1b2f      	subs	r7, r5, r4
1000230c:	1b66      	subs	r6, r4, r5
1000230e:	d458      	bmi.n	100023c2 <da_ygtx>
10002310:	46a4      	mov	ip, r4
10002312:	2e20      	cmp	r6, #32
10002314:	da46      	bge.n	100023a4 <da_xrgty>
10002316:	3720      	adds	r7, #32
10002318:	0014      	movs	r4, r2
1000231a:	40bc      	lsls	r4, r7

1000231c <da_xgty0>:
1000231c:	001d      	movs	r5, r3
1000231e:	40bd      	lsls	r5, r7
10002320:	40f2      	lsrs	r2, r6
10002322:	4133      	asrs	r3, r6
10002324:	432a      	orrs	r2, r5

10002326 <da_add>:
10002326:	1880      	adds	r0, r0, r2
10002328:	4159      	adcs	r1, r3

1000232a <da_pack>:
1000232a:	0fcb      	lsrs	r3, r1, #31
1000232c:	d005      	beq.n	1000233a <da_pack+0x10>
1000232e:	43c9      	mvns	r1, r1
10002330:	43c0      	mvns	r0, r0
10002332:	2200      	movs	r2, #0
10002334:	4264      	negs	r4, r4
10002336:	4150      	adcs	r0, r2
10002338:	4151      	adcs	r1, r2
1000233a:	4662      	mov	r2, ip
1000233c:	0d4d      	lsrs	r5, r1, #21
1000233e:	d128      	bne.n	10002392 <da_0>
10002340:	0d0d      	lsrs	r5, r1, #20
10002342:	d107      	bne.n	10002354 <da_1>
10002344:	2800      	cmp	r0, #0
10002346:	d01f      	beq.n	10002388 <da_5>

10002348 <da_2>:
10002348:	1924      	adds	r4, r4, r4
1000234a:	4140      	adcs	r0, r0
1000234c:	4149      	adcs	r1, r1
1000234e:	3a01      	subs	r2, #1
10002350:	0d0d      	lsrs	r5, r1, #20
10002352:	d0f9      	beq.n	10002348 <da_2>

10002354 <da_1>:
10002354:	0064      	lsls	r4, r4, #1
10002356:	d306      	bcc.n	10002366 <da_3>

10002358 <da_4>:
10002358:	3001      	adds	r0, #1
1000235a:	d300      	bcc.n	1000235e <da_4+0x6>
1000235c:	3101      	adds	r1, #1
1000235e:	2c00      	cmp	r4, #0
10002360:	d101      	bne.n	10002366 <da_3>
10002362:	0840      	lsrs	r0, r0, #1
10002364:	0040      	lsls	r0, r0, #1

10002366 <da_3>:
10002366:	3a01      	subs	r2, #1
10002368:	d40b      	bmi.n	10002382 <da_6>
1000236a:	1c94      	adds	r4, r2, #2
1000236c:	0ae4      	lsrs	r4, r4, #11
1000236e:	d104      	bne.n	1000237a <da_7>
10002370:	0512      	lsls	r2, r2, #20
10002372:	4411      	add	r1, r2
10002374:	07db      	lsls	r3, r3, #31
10002376:	4419      	add	r1, r3
10002378:	bdf0      	pop	{r4, r5, r6, r7, pc}

1000237a <da_7>:
1000237a:	07d9      	lsls	r1, r3, #31
1000237c:	4b20      	ldr	r3, [pc, #128]	@ (10002400 <da_xmgty+0x4>)
1000237e:	4319      	orrs	r1, r3
10002380:	e000      	b.n	10002384 <da_6+0x2>

10002382 <da_6>:
10002382:	07d9      	lsls	r1, r3, #31
10002384:	2000      	movs	r0, #0
10002386:	bdf0      	pop	{r4, r5, r6, r7, pc}

10002388 <da_5>:
10002388:	2900      	cmp	r1, #0
1000238a:	d1dd      	bne.n	10002348 <da_2>
1000238c:	2c00      	cmp	r4, #0
1000238e:	d1db      	bne.n	10002348 <da_2>
10002390:	bdf0      	pop	{r4, r5, r6, r7, pc}

10002392 <da_0>:
10002392:	3201      	adds	r2, #1
10002394:	07c6      	lsls	r6, r0, #31
10002396:	0840      	lsrs	r0, r0, #1
10002398:	07cd      	lsls	r5, r1, #31
1000239a:	4328      	orrs	r0, r5
1000239c:	0849      	lsrs	r1, r1, #1
1000239e:	2e00      	cmp	r6, #0
100023a0:	d0e1      	beq.n	10002366 <da_3>
100023a2:	e7d9      	b.n	10002358 <da_4>

100023a4 <da_xrgty>:
100023a4:	2e3c      	cmp	r6, #60	@ 0x3c
100023a6:	da29      	bge.n	100023fc <da_xmgty>
100023a8:	3e20      	subs	r6, #32
100023aa:	3740      	adds	r7, #64	@ 0x40
100023ac:	0014      	movs	r4, r2
100023ae:	40bc      	lsls	r4, r7
100023b0:	d000      	beq.n	100023b4 <da_xrgty+0x10>
100023b2:	2401      	movs	r4, #1
100023b4:	40f2      	lsrs	r2, r6
100023b6:	4314      	orrs	r4, r2
100023b8:	001a      	movs	r2, r3
100023ba:	40bb      	lsls	r3, r7
100023bc:	431c      	orrs	r4, r3
100023be:	17d3      	asrs	r3, r2, #31
100023c0:	e7ac      	b.n	1000231c <da_xgty0>

100023c2 <da_ygtx>:
100023c2:	46ac      	mov	ip, r5
100023c4:	2f20      	cmp	r7, #32
100023c6:	da08      	bge.n	100023da <da_yrgtx>
100023c8:	3620      	adds	r6, #32
100023ca:	0004      	movs	r4, r0
100023cc:	40b4      	lsls	r4, r6

100023ce <da_ygtx0>:
100023ce:	000d      	movs	r5, r1
100023d0:	40b5      	lsls	r5, r6
100023d2:	40f8      	lsrs	r0, r7
100023d4:	4139      	asrs	r1, r7
100023d6:	4328      	orrs	r0, r5
100023d8:	e7a5      	b.n	10002326 <da_add>

100023da <da_yrgtx>:
100023da:	2f3c      	cmp	r7, #60	@ 0x3c
100023dc:	da0c      	bge.n	100023f8 <da_ymgtx>
100023de:	3f20      	subs	r7, #32
100023e0:	3640      	adds	r6, #64	@ 0x40
100023e2:	0004      	movs	r4, r0
100023e4:	40b4      	lsls	r4, r6
100023e6:	d000      	beq.n	100023ea <da_yrgtx+0x10>
100023e8:	2401      	movs	r4, #1
100023ea:	40f8      	lsrs	r0, r7
100023ec:	4304      	orrs	r4, r0
100023ee:	0008      	movs	r0, r1
100023f0:	40b1      	lsls	r1, r6
100023f2:	430c      	orrs	r4, r1
100023f4:	17c1      	asrs	r1, r0, #31
100023f6:	e7ea      	b.n	100023ce <da_ygtx0>

100023f8 <da_ymgtx>:
100023f8:	0010      	movs	r0, r2
100023fa:	0019      	movs	r1, r3

100023fc <da_xmgty>:
100023fc:	2400      	movs	r4, #0
100023fe:	e794      	b.n	1000232a <da_pack>
10002400:	7ff00000 	.word	0x7ff00000

10002404 <dmul_shim>:
10002404:	b5f0      	push	{r4, r5, r6, r7, lr}
10002406:	0d0c      	lsrs	r4, r1, #20
10002408:	1e66      	subs	r6, r4, #1
1000240a:	0536      	lsls	r6, r6, #20
1000240c:	1b89      	subs	r1, r1, r6
1000240e:	0ae6      	lsrs	r6, r4, #11
10002410:	0564      	lsls	r4, r4, #21
10002412:	0d64      	lsrs	r4, r4, #21
10002414:	d002      	beq.n	1000241c <l12_1>
10002416:	1c65      	adds	r5, r4, #1
10002418:	0aed      	lsrs	r5, r5, #11
1000241a:	d004      	beq.n	10002426 <l12_2>

1000241c <l12_1>:
1000241c:	2000      	movs	r0, #0
1000241e:	2101      	movs	r1, #1
10002420:	0509      	lsls	r1, r1, #20
10002422:	3c80      	subs	r4, #128	@ 0x80
10002424:	0324      	lsls	r4, r4, #12

10002426 <l12_2>:
10002426:	46a4      	mov	ip, r4
10002428:	0d1c      	lsrs	r4, r3, #20
1000242a:	1e67      	subs	r7, r4, #1
1000242c:	053f      	lsls	r7, r7, #20
1000242e:	1bdb      	subs	r3, r3, r7
10002430:	0ae7      	lsrs	r7, r4, #11
10002432:	0564      	lsls	r4, r4, #21
10002434:	0d64      	lsrs	r4, r4, #21
10002436:	d002      	beq.n	1000243e <l13_1>
10002438:	1c65      	adds	r5, r4, #1
1000243a:	0aed      	lsrs	r5, r5, #11
1000243c:	d004      	beq.n	10002448 <l13_2>

1000243e <l13_1>:
1000243e:	2200      	movs	r2, #0
10002440:	2301      	movs	r3, #1
10002442:	051b      	lsls	r3, r3, #20
10002444:	3c80      	subs	r4, #128	@ 0x80
10002446:	0324      	lsls	r4, r4, #12

10002448 <l13_2>:
10002448:	4077      	eors	r7, r6
1000244a:	4464      	add	r4, ip
1000244c:	b497      	push	{r0, r1, r2, r4, r7}
1000244e:	b284      	uxth	r4, r0
10002450:	b296      	uxth	r6, r2
10002452:	4374      	muls	r4, r6
10002454:	0c07      	lsrs	r7, r0, #16
10002456:	437e      	muls	r6, r7
10002458:	0c15      	lsrs	r5, r2, #16
1000245a:	436f      	muls	r7, r5
1000245c:	b280      	uxth	r0, r0
1000245e:	4368      	muls	r0, r5
10002460:	1836      	adds	r6, r6, r0
10002462:	d302      	bcc.n	1000246a <l14_1>
10002464:	2001      	movs	r0, #1
10002466:	0400      	lsls	r0, r0, #16
10002468:	183f      	adds	r7, r7, r0

1000246a <l14_1>:
1000246a:	0430      	lsls	r0, r6, #16
1000246c:	0c35      	lsrs	r5, r6, #16
1000246e:	1900      	adds	r0, r0, r4
10002470:	417d      	adcs	r5, r7
10002472:	4684      	mov	ip, r0
10002474:	b288      	uxth	r0, r1
10002476:	b29a      	uxth	r2, r3
10002478:	4350      	muls	r0, r2
1000247a:	0c0c      	lsrs	r4, r1, #16
1000247c:	4362      	muls	r2, r4
1000247e:	0c1f      	lsrs	r7, r3, #16
10002480:	437c      	muls	r4, r7
10002482:	b28e      	uxth	r6, r1
10002484:	437e      	muls	r6, r7
10002486:	1992      	adds	r2, r2, r6
10002488:	d302      	bcc.n	10002490 <l15_1>
1000248a:	2601      	movs	r6, #1
1000248c:	0436      	lsls	r6, r6, #16
1000248e:	19a4      	adds	r4, r4, r6

10002490 <l15_1>:
10002490:	0416      	lsls	r6, r2, #16
10002492:	0c17      	lsrs	r7, r2, #16
10002494:	1836      	adds	r6, r6, r0
10002496:	4167      	adcs	r7, r4
10002498:	bc01      	pop	{r0}
1000249a:	b281      	uxth	r1, r0
1000249c:	b29a      	uxth	r2, r3
1000249e:	4351      	muls	r1, r2
100024a0:	0c04      	lsrs	r4, r0, #16
100024a2:	4362      	muls	r2, r4
100024a4:	0c1b      	lsrs	r3, r3, #16
100024a6:	435c      	muls	r4, r3
100024a8:	b280      	uxth	r0, r0
100024aa:	4358      	muls	r0, r3
100024ac:	1812      	adds	r2, r2, r0
100024ae:	d302      	bcc.n	100024b6 <l16_1>
100024b0:	2001      	movs	r0, #1
100024b2:	0400      	lsls	r0, r0, #16
100024b4:	1824      	adds	r4, r4, r0

100024b6 <l16_1>:
100024b6:	0410      	lsls	r0, r2, #16
100024b8:	0c13      	lsrs	r3, r2, #16
100024ba:	1840      	adds	r0, r0, r1
100024bc:	4163      	adcs	r3, r4
100024be:	182d      	adds	r5, r5, r0
100024c0:	415e      	adcs	r6, r3
100024c2:	2000      	movs	r0, #0
100024c4:	4147      	adcs	r7, r0
100024c6:	bc06      	pop	{r1, r2}
100024c8:	b288      	uxth	r0, r1
100024ca:	b293      	uxth	r3, r2
100024cc:	4358      	muls	r0, r3
100024ce:	0c0c      	lsrs	r4, r1, #16
100024d0:	4363      	muls	r3, r4
100024d2:	0c12      	lsrs	r2, r2, #16
100024d4:	4354      	muls	r4, r2
100024d6:	b289      	uxth	r1, r1
100024d8:	4351      	muls	r1, r2
100024da:	185b      	adds	r3, r3, r1
100024dc:	d302      	bcc.n	100024e4 <l17_1>
100024de:	2101      	movs	r1, #1
100024e0:	0409      	lsls	r1, r1, #16
100024e2:	1864      	adds	r4, r4, r1

100024e4 <l17_1>:
100024e4:	0419      	lsls	r1, r3, #16
100024e6:	0c1a      	lsrs	r2, r3, #16
100024e8:	1809      	adds	r1, r1, r0
100024ea:	4162      	adcs	r2, r4
100024ec:	186d      	adds	r5, r5, r1
100024ee:	4156      	adcs	r6, r2
100024f0:	2000      	movs	r0, #0
100024f2:	4147      	adcs	r7, r0
100024f4:	bc18      	pop	{r3, r4}
100024f6:	02f9      	lsls	r1, r7, #11
100024f8:	0d72      	lsrs	r2, r6, #21
100024fa:	4311      	orrs	r1, r2
100024fc:	02f0      	lsls	r0, r6, #11
100024fe:	0d6a      	lsrs	r2, r5, #21
10002500:	4310      	orrs	r0, r2
10002502:	02ed      	lsls	r5, r5, #11
10002504:	0d0a      	lsrs	r2, r1, #20
10002506:	d103      	bne.n	10002510 <l17_1+0x2c>
10002508:	196d      	adds	r5, r5, r5
1000250a:	4140      	adcs	r0, r0
1000250c:	4149      	adcs	r1, r1
1000250e:	3b01      	subs	r3, #1
10002510:	4e12      	ldr	r6, [pc, #72]	@ (1000255c <dm_1+0xa>)
10002512:	1b9b      	subs	r3, r3, r6
10002514:	0076      	lsls	r6, r6, #1
10002516:	42b3      	cmp	r3, r6
10002518:	d20e      	bcs.n	10002538 <dm_0>
1000251a:	006d      	lsls	r5, r5, #1
1000251c:	d307      	bcc.n	1000252e <l17_1+0x4a>
1000251e:	3001      	adds	r0, #1
10002520:	2600      	movs	r6, #0
10002522:	4171      	adcs	r1, r6
10002524:	4666      	mov	r6, ip
10002526:	4335      	orrs	r5, r6
10002528:	d101      	bne.n	1000252e <l17_1+0x4a>
1000252a:	0840      	lsrs	r0, r0, #1
1000252c:	0040      	lsls	r0, r0, #1
1000252e:	051b      	lsls	r3, r3, #20
10002530:	18c9      	adds	r1, r1, r3

10002532 <dm_2>:
10002532:	07e4      	lsls	r4, r4, #31
10002534:	4421      	add	r1, r4
10002536:	bdf0      	pop	{r4, r5, r6, r7, pc}

10002538 <dm_0>:
10002538:	da0b      	bge.n	10002552 <dm_1>
1000253a:	3301      	adds	r3, #1
1000253c:	d106      	bne.n	1000254c <dm_0+0x14>
1000253e:	3001      	adds	r0, #1
10002540:	d104      	bne.n	1000254c <dm_0+0x14>
10002542:	3101      	adds	r1, #1
10002544:	0d4f      	lsrs	r7, r1, #21
10002546:	d001      	beq.n	1000254c <dm_0+0x14>
10002548:	0849      	lsrs	r1, r1, #1
1000254a:	e7f2      	b.n	10002532 <dm_2>
1000254c:	07e1      	lsls	r1, r4, #31
1000254e:	2000      	movs	r0, #0
10002550:	bdf0      	pop	{r4, r5, r6, r7, pc}

10002552 <dm_1>:
10002552:	3601      	adds	r6, #1
10002554:	0531      	lsls	r1, r6, #20
10002556:	2000      	movs	r0, #0
10002558:	e7eb      	b.n	10002532 <dm_2>
1000255a:	0000      	.short	0x0000
1000255c:	000003ff 	.word	0x000003ff

10002560 <ddiv_shim>:
10002560:	b5f0      	push	{r4, r5, r6, r7, lr}

10002562 <ddiv0>:
10002562:	0d1c      	lsrs	r4, r3, #20
10002564:	1e67      	subs	r7, r4, #1
10002566:	053f      	lsls	r7, r7, #20
10002568:	1bdb      	subs	r3, r3, r7
1000256a:	0ae7      	lsrs	r7, r4, #11
1000256c:	0564      	lsls	r4, r4, #21
1000256e:	0d64      	lsrs	r4, r4, #21
10002570:	d002      	beq.n	10002578 <l20_1>
10002572:	1c66      	adds	r6, r4, #1
10002574:	0af6      	lsrs	r6, r6, #11
10002576:	d004      	beq.n	10002582 <l20_2>

10002578 <l20_1>:
10002578:	2200      	movs	r2, #0
1000257a:	2301      	movs	r3, #1
1000257c:	051b      	lsls	r3, r3, #20
1000257e:	3c80      	subs	r4, #128	@ 0x80
10002580:	0324      	lsls	r4, r4, #12

10002582 <l20_2>:
10002582:	25d0      	movs	r5, #208	@ 0xd0
10002584:	062d      	lsls	r5, r5, #24
10002586:	2600      	movs	r6, #0
10002588:	43f6      	mvns	r6, r6
1000258a:	662e      	str	r6, [r5, #96]	@ 0x60
1000258c:	091e      	lsrs	r6, r3, #4
1000258e:	666e      	str	r6, [r5, #100]	@ 0x64
10002590:	0fce      	lsrs	r6, r1, #31
10002592:	19f6      	adds	r6, r6, r7
10002594:	46b4      	mov	ip, r6
10002596:	0049      	lsls	r1, r1, #1
10002598:	0d4f      	lsrs	r7, r1, #21
1000259a:	d002      	beq.n	100025a2 <l20_2+0x20>
1000259c:	1c7e      	adds	r6, r7, #1
1000259e:	0af6      	lsrs	r6, r6, #11
100025a0:	d003      	beq.n	100025aa <l20_2+0x28>
100025a2:	2000      	movs	r0, #0
100025a4:	2100      	movs	r1, #0
100025a6:	3f40      	subs	r7, #64	@ 0x40
100025a8:	033f      	lsls	r7, r7, #12
100025aa:	1b3e      	subs	r6, r7, r4
100025ac:	00b6      	lsls	r6, r6, #2
100025ae:	44b4      	add	ip, r6
100025b0:	3f01      	subs	r7, #1
100025b2:	057f      	lsls	r7, r7, #21
100025b4:	1bc9      	subs	r1, r1, r7
100025b6:	0849      	lsrs	r1, r1, #1
100025b8:	6f2e      	ldr	r6, [r5, #112]	@ 0x70
100025ba:	3601      	adds	r6, #1
100025bc:	0876      	lsrs	r6, r6, #1
100025be:	029c      	lsls	r4, r3, #10
100025c0:	0d95      	lsrs	r5, r2, #22
100025c2:	4325      	orrs	r5, r4
100025c4:	4375      	muls	r5, r6
100025c6:	13ed      	asrs	r5, r5, #15
100025c8:	4375      	muls	r5, r6
100025ca:	13ad      	asrs	r5, r5, #14
100025cc:	3501      	adds	r5, #1
100025ce:	106d      	asrs	r5, r5, #1
100025d0:	03f6      	lsls	r6, r6, #15
100025d2:	1b76      	subs	r6, r6, r5
100025d4:	b40c      	push	{r2, r3}
100025d6:	02cc      	lsls	r4, r1, #11
100025d8:	0d45      	lsrs	r5, r0, #21
100025da:	432c      	orrs	r4, r5
100025dc:	b2a2      	uxth	r2, r4
100025de:	b2b3      	uxth	r3, r6
100025e0:	435a      	muls	r2, r3
100025e2:	0c27      	lsrs	r7, r4, #16
100025e4:	437b      	muls	r3, r7
100025e6:	0c35      	lsrs	r5, r6, #16
100025e8:	436f      	muls	r7, r5
100025ea:	b2a4      	uxth	r4, r4
100025ec:	436c      	muls	r4, r5
100025ee:	191b      	adds	r3, r3, r4
100025f0:	d302      	bcc.n	100025f8 <l21_1>
100025f2:	2401      	movs	r4, #1
100025f4:	0424      	lsls	r4, r4, #16
100025f6:	193f      	adds	r7, r7, r4

100025f8 <l21_1>:
100025f8:	041c      	lsls	r4, r3, #16
100025fa:	0c1d      	lsrs	r5, r3, #16
100025fc:	18a4      	adds	r4, r4, r2
100025fe:	417d      	adcs	r5, r7
10002600:	1924      	adds	r4, r4, r4
10002602:	416d      	adcs	r5, r5
10002604:	9a00      	ldr	r2, [sp, #0]
10002606:	b291      	uxth	r1, r2
10002608:	b2ac      	uxth	r4, r5
1000260a:	4361      	muls	r1, r4
1000260c:	0c17      	lsrs	r7, r2, #16
1000260e:	437c      	muls	r4, r7
10002610:	0c2b      	lsrs	r3, r5, #16
10002612:	435f      	muls	r7, r3
10002614:	b292      	uxth	r2, r2
10002616:	435a      	muls	r2, r3
10002618:	18a4      	adds	r4, r4, r2
1000261a:	d302      	bcc.n	10002622 <l22_1>
1000261c:	2201      	movs	r2, #1
1000261e:	0412      	lsls	r2, r2, #16
10002620:	18bf      	adds	r7, r7, r2

10002622 <l22_1>:
10002622:	0422      	lsls	r2, r4, #16
10002624:	0c23      	lsrs	r3, r4, #16
10002626:	1852      	adds	r2, r2, r1
10002628:	417b      	adcs	r3, r7
1000262a:	9c01      	ldr	r4, [sp, #4]
1000262c:	436c      	muls	r4, r5
1000262e:	191b      	adds	r3, r3, r4
10002630:	0e52      	lsrs	r2, r2, #25
10002632:	01d9      	lsls	r1, r3, #7
10002634:	430a      	orrs	r2, r1
10002636:	0144      	lsls	r4, r0, #5
10002638:	1aa0      	subs	r0, r4, r2
1000263a:	b281      	uxth	r1, r0
1000263c:	b2b2      	uxth	r2, r6
1000263e:	4351      	muls	r1, r2
10002640:	1403      	asrs	r3, r0, #16
10002642:	435a      	muls	r2, r3
10002644:	0c36      	lsrs	r6, r6, #16
10002646:	4373      	muls	r3, r6
10002648:	b287      	uxth	r7, r0
1000264a:	4377      	muls	r7, r6
1000264c:	17d6      	asrs	r6, r2, #31
1000264e:	19d2      	adds	r2, r2, r7
10002650:	2700      	movs	r7, #0
10002652:	417e      	adcs	r6, r7
10002654:	0436      	lsls	r6, r6, #16
10002656:	199b      	adds	r3, r3, r6
10002658:	0417      	lsls	r7, r2, #16
1000265a:	0c16      	lsrs	r6, r2, #16
1000265c:	187f      	adds	r7, r7, r1
1000265e:	415e      	adcs	r6, r3
10002660:	1673      	asrs	r3, r6, #25
10002662:	18ed      	adds	r5, r5, r3
10002664:	01f3      	lsls	r3, r6, #7
10002666:	2600      	movs	r6, #0
10002668:	3380      	adds	r3, #128	@ 0x80
1000266a:	4175      	adcs	r5, r6
1000266c:	0fa9      	lsrs	r1, r5, #30
1000266e:	d106      	bne.n	1000267e <dd_0>
10002670:	0064      	lsls	r4, r4, #1
10002672:	0a69      	lsrs	r1, r5, #9
10002674:	05e8      	lsls	r0, r5, #23
10002676:	0a5b      	lsrs	r3, r3, #9
10002678:	4318      	orrs	r0, r3
1000267a:	d209      	bcs.n	10002690 <dd_1>
1000267c:	e02f      	b.n	100026de <dd_2>

1000267e <dd_0>:
1000267e:	2204      	movs	r2, #4
10002680:	4494      	add	ip, r2
10002682:	3380      	adds	r3, #128	@ 0x80
10002684:	4175      	adcs	r5, r6
10002686:	0aa9      	lsrs	r1, r5, #10
10002688:	05a8      	lsls	r0, r5, #22
1000268a:	0a9b      	lsrs	r3, r3, #10
1000268c:	4318      	orrs	r0, r3
1000268e:	d326      	bcc.n	100026de <dd_2>

10002690 <dd_1>:
10002690:	4140      	adcs	r0, r0
10002692:	4149      	adcs	r1, r1
10002694:	0424      	lsls	r4, r4, #16
10002696:	9a00      	ldr	r2, [sp, #0]
10002698:	9b01      	ldr	r3, [sp, #4]
1000269a:	000d      	movs	r5, r1
1000269c:	4355      	muls	r5, r2
1000269e:	1b64      	subs	r4, r4, r5
100026a0:	4343      	muls	r3, r0
100026a2:	1ae4      	subs	r4, r4, r3
100026a4:	b295      	uxth	r5, r2
100026a6:	b286      	uxth	r6, r0
100026a8:	4375      	muls	r5, r6
100026aa:	0c17      	lsrs	r7, r2, #16
100026ac:	437e      	muls	r6, r7
100026ae:	0c03      	lsrs	r3, r0, #16
100026b0:	435f      	muls	r7, r3
100026b2:	b292      	uxth	r2, r2
100026b4:	435a      	muls	r2, r3
100026b6:	18b6      	adds	r6, r6, r2
100026b8:	d302      	bcc.n	100026c0 <l24_1>
100026ba:	2201      	movs	r2, #1
100026bc:	0412      	lsls	r2, r2, #16
100026be:	18bf      	adds	r7, r7, r2

100026c0 <l24_1>:
100026c0:	0432      	lsls	r2, r6, #16
100026c2:	0c33      	lsrs	r3, r6, #16
100026c4:	1952      	adds	r2, r2, r5
100026c6:	417b      	adcs	r3, r7
100026c8:	4252      	negs	r2, r2
100026ca:	419c      	sbcs	r4, r3
100026cc:	2c00      	cmp	r4, #0
100026ce:	d402      	bmi.n	100026d6 <l24_1+0x16>
100026d0:	2200      	movs	r2, #0
100026d2:	3001      	adds	r0, #1
100026d4:	4151      	adcs	r1, r2
100026d6:	0840      	lsrs	r0, r0, #1
100026d8:	07ca      	lsls	r2, r1, #31
100026da:	4310      	orrs	r0, r2
100026dc:	0849      	lsrs	r1, r1, #1

100026de <dd_2>:
100026de:	b002      	add	sp, #8
100026e0:	4662      	mov	r2, ip
100026e2:	07d7      	lsls	r7, r2, #31
100026e4:	1092      	asrs	r2, r2, #2
100026e6:	4b08      	ldr	r3, [pc, #32]	@ (10002708 <dd_4+0x6>)
100026e8:	18d2      	adds	r2, r2, r3
100026ea:	4b08      	ldr	r3, [pc, #32]	@ (1000270c <dd_4+0xa>)
100026ec:	429a      	cmp	r2, r3
100026ee:	d203      	bcs.n	100026f8 <dd_3>
100026f0:	0512      	lsls	r2, r2, #20
100026f2:	1889      	adds	r1, r1, r2

100026f4 <dd_5>:
100026f4:	19c9      	adds	r1, r1, r7
100026f6:	bdf0      	pop	{r4, r5, r6, r7, pc}

100026f8 <dd_3>:
100026f8:	2000      	movs	r0, #0
100026fa:	2a00      	cmp	r2, #0
100026fc:	dc01      	bgt.n	10002702 <dd_4>
100026fe:	0039      	movs	r1, r7
10002700:	bdf0      	pop	{r4, r5, r6, r7, pc}

10002702 <dd_4>:
10002702:	3301      	adds	r3, #1
10002704:	0519      	lsls	r1, r3, #20
10002706:	e7f5      	b.n	100026f4 <dd_5>
10002708:	000003fd 	.word	0x000003fd
1000270c:	000007fe 	.word	0x000007fe

10002710 <double2uint_shim>:
10002710:	2200      	movs	r2, #0

10002712 <double2ufix_shim>:
10002712:	b500      	push	{lr}
10002714:	3220      	adds	r2, #32
10002716:	f000 f804 	bl	10002722 <double2ufix64_shim>
1000271a:	0008      	movs	r0, r1
1000271c:	bd00      	pop	{pc}
	...

10002720 <double2uint64_shim>:
10002720:	2200      	movs	r2, #0

10002722 <double2ufix64_shim>:
10002722:	150b      	asrs	r3, r1, #20
10002724:	d40a      	bmi.n	1000273c <ret_dzero>

10002726 <d2fix>:
10002726:	b510      	push	{r4, lr}
10002728:	4694      	mov	ip, r2
1000272a:	f000 f831 	bl	10002790 <dunpacks>
1000272e:	1414      	asrs	r4, r2, #16
10002730:	3401      	adds	r4, #1
10002732:	da00      	bge.n	10002736 <d2fix+0x10>
10002734:	2100      	movs	r1, #0
10002736:	17cb      	asrs	r3, r1, #31
10002738:	4c14      	ldr	r4, [pc, #80]	@ (1000278c <d2fix_a+0x4a>)
1000273a:	4720      	bx	r4

1000273c <ret_dzero>:
1000273c:	2000      	movs	r0, #0
1000273e:	2100      	movs	r1, #0
10002740:	4770      	bx	lr

10002742 <d2fix_a>:
10002742:	4462      	add	r2, ip
10002744:	3a34      	subs	r2, #52	@ 0x34
10002746:	d40c      	bmi.n	10002762 <d2fix_a+0x20>
10002748:	2a0c      	cmp	r2, #12
1000274a:	da07      	bge.n	1000275c <d2fix_a+0x1a>
1000274c:	0004      	movs	r4, r0
1000274e:	4091      	lsls	r1, r2
10002750:	4090      	lsls	r0, r2
10002752:	4252      	negs	r2, r2
10002754:	3220      	adds	r2, #32
10002756:	40d4      	lsrs	r4, r2
10002758:	4321      	orrs	r1, r4
1000275a:	bd10      	pop	{r4, pc}
1000275c:	43d8      	mvns	r0, r3
1000275e:	43d9      	mvns	r1, r3
10002760:	bd10      	pop	{r4, pc}
10002762:	3220      	adds	r2, #32
10002764:	d407      	bmi.n	10002776 <d2fix_a+0x34>
10002766:	460c      	mov	r4, r1
10002768:	4094      	lsls	r4, r2
1000276a:	4252      	negs	r2, r2
1000276c:	3220      	adds	r2, #32
1000276e:	4111      	asrs	r1, r2
10002770:	40d0      	lsrs	r0, r2
10002772:	4320      	orrs	r0, r4
10002774:	bd10      	pop	{r4, pc}
10002776:	0008      	movs	r0, r1
10002778:	17c9      	asrs	r1, r1, #31
1000277a:	3220      	adds	r2, #32
1000277c:	d403      	bmi.n	10002786 <d2fix_a+0x44>
1000277e:	4252      	negs	r2, r2
10002780:	3220      	adds	r2, #32
10002782:	4110      	asrs	r0, r2
10002784:	bd10      	pop	{r4, pc}
10002786:	0018      	movs	r0, r3
10002788:	0019      	movs	r1, r3
1000278a:	bd10      	pop	{r4, pc}
1000278c:	10002743 	.word	0x10002743

10002790 <dunpacks>:
10002790:	0d0a      	lsrs	r2, r1, #20
10002792:	0fcc      	lsrs	r4, r1, #31
10002794:	1e53      	subs	r3, r2, #1
10002796:	051b      	lsls	r3, r3, #20
10002798:	1ac9      	subs	r1, r1, r3
1000279a:	0552      	lsls	r2, r2, #21
1000279c:	d303      	bcc.n	100027a6 <l60_1>
1000279e:	43c9      	mvns	r1, r1
100027a0:	4240      	negs	r0, r0
100027a2:	d300      	bcc.n	100027a6 <l60_1>
100027a4:	3101      	adds	r1, #1

100027a6 <l60_1>:
100027a6:	0d52      	lsrs	r2, r2, #21
100027a8:	d003      	beq.n	100027b2 <l60_2>
100027aa:	1c53      	adds	r3, r2, #1
100027ac:	0adb      	lsrs	r3, r3, #11
100027ae:	d007      	beq.n	100027c0 <l60_3>
100027b0:	1b12      	subs	r2, r2, r4

100027b2 <l60_2>:
100027b2:	2000      	movs	r0, #0
100027b4:	0064      	lsls	r4, r4, #1
100027b6:	1c61      	adds	r1, r4, #1
100027b8:	0789      	lsls	r1, r1, #30
100027ba:	1289      	asrs	r1, r1, #10
100027bc:	3a80      	subs	r2, #128	@ 0x80
100027be:	0312      	lsls	r2, r2, #12

100027c0 <l60_3>:
100027c0:	4b01      	ldr	r3, [pc, #4]	@ (100027c8 <l60_3+0x8>)
100027c2:	1ad2      	subs	r2, r2, r3
100027c4:	4770      	bx	lr
100027c6:	0000      	.short	0x0000
100027c8:	000003ff 	.word	0x000003ff

100027cc <__wrap___aeabi_lmul>:
100027cc:	4351      	muls	r1, r2
100027ce:	4343      	muls	r3, r0
100027d0:	18c9      	adds	r1, r1, r3
100027d2:	468c      	mov	ip, r1
100027d4:	0c11      	lsrs	r1, r2, #16
100027d6:	b283      	uxth	r3, r0
100027d8:	434b      	muls	r3, r1
100027da:	b410      	push	{r4}
100027dc:	0c04      	lsrs	r4, r0, #16
100027de:	4361      	muls	r1, r4
100027e0:	b292      	uxth	r2, r2
100027e2:	b280      	uxth	r0, r0
100027e4:	4350      	muls	r0, r2
100027e6:	4362      	muls	r2, r4
100027e8:	041c      	lsls	r4, r3, #16
100027ea:	0c1b      	lsrs	r3, r3, #16
100027ec:	1900      	adds	r0, r0, r4
100027ee:	bc10      	pop	{r4}
100027f0:	4159      	adcs	r1, r3
100027f2:	0413      	lsls	r3, r2, #16
100027f4:	0c12      	lsrs	r2, r2, #16
100027f6:	18c0      	adds	r0, r0, r3
100027f8:	4151      	adcs	r1, r2
100027fa:	4461      	add	r1, ip
100027fc:	4770      	bx	lr
	...

10002800 <__aeabi_float_init>:
10002800:	b570      	push	{r4, r5, r6, lr}
10002802:	2313      	movs	r3, #19
10002804:	781c      	ldrb	r4, [r3, #0]
10002806:	482a      	ldr	r0, [pc, #168]	@ (100028b0 <__aeabi_float_init+0xb0>)
10002808:	f7ff f832 	bl	10001870 <rom_data_lookup>
1000280c:	0005      	movs	r5, r0
1000280e:	2c01      	cmp	r4, #1
10002810:	d012      	beq.n	10002838 <__aeabi_float_init+0x38>
10002812:	2c01      	cmp	r4, #1
10002814:	dd0a      	ble.n	1000282c <__aeabi_float_init+0x2c>
10002816:	002b      	movs	r3, r5
10002818:	3b02      	subs	r3, #2
1000281a:	781b      	ldrb	r3, [r3, #0]
1000281c:	009b      	lsls	r3, r3, #2
1000281e:	2b7f      	cmp	r3, #127	@ 0x7f
10002820:	dd40      	ble.n	100028a4 <__aeabi_float_init+0xa4>
10002822:	4824      	ldr	r0, [pc, #144]	@ (100028b4 <__aeabi_float_init+0xb4>)
10002824:	2280      	movs	r2, #128	@ 0x80
10002826:	0029      	movs	r1, r5
10002828:	f000 f890 	bl	1000294c <__wrap___aeabi_memcpy>
1000282c:	4822      	ldr	r0, [pc, #136]	@ (100028b8 <__aeabi_float_init+0xb8>)
1000282e:	f7ff f817 	bl	10001860 <rom_func_lookup>
10002832:	4b22      	ldr	r3, [pc, #136]	@ (100028bc <__aeabi_float_init+0xbc>)
10002834:	6018      	str	r0, [r3, #0]
10002836:	bd70      	pop	{r4, r5, r6, pc}
10002838:	481e      	ldr	r0, [pc, #120]	@ (100028b4 <__aeabi_float_init+0xb4>)
1000283a:	2254      	movs	r2, #84	@ 0x54
1000283c:	0029      	movs	r1, r5
1000283e:	f000 f885 	bl	1000294c <__wrap___aeabi_memcpy>
10002842:	4b1f      	ldr	r3, [pc, #124]	@ (100028c0 <__aeabi_float_init+0xc0>)
10002844:	881a      	ldrh	r2, [r3, #0]
10002846:	4b1f      	ldr	r3, [pc, #124]	@ (100028c4 <__aeabi_float_init+0xc4>)
10002848:	429a      	cmp	r2, r3
1000284a:	d11c      	bne.n	10002886 <__aeabi_float_init+0x86>
1000284c:	23a7      	movs	r3, #167	@ 0xa7
1000284e:	019b      	lsls	r3, r3, #6
10002850:	881a      	ldrh	r2, [r3, #0]
10002852:	4b1d      	ldr	r3, [pc, #116]	@ (100028c8 <__aeabi_float_init+0xc8>)
10002854:	429a      	cmp	r2, r3
10002856:	d116      	bne.n	10002886 <__aeabi_float_init+0x86>
10002858:	4b1c      	ldr	r3, [pc, #112]	@ (100028cc <__aeabi_float_init+0xcc>)
1000285a:	881a      	ldrh	r2, [r3, #0]
1000285c:	4b1c      	ldr	r3, [pc, #112]	@ (100028d0 <__aeabi_float_init+0xd0>)
1000285e:	429a      	cmp	r2, r3
10002860:	d111      	bne.n	10002886 <__aeabi_float_init+0x86>
10002862:	4b1c      	ldr	r3, [pc, #112]	@ (100028d4 <__aeabi_float_init+0xd4>)
10002864:	881a      	ldrh	r2, [r3, #0]
10002866:	2394      	movs	r3, #148	@ 0x94
10002868:	019b      	lsls	r3, r3, #6
1000286a:	429a      	cmp	r2, r3
1000286c:	d10b      	bne.n	10002886 <__aeabi_float_init+0x86>
1000286e:	4b1a      	ldr	r3, [pc, #104]	@ (100028d8 <__aeabi_float_init+0xd8>)
10002870:	881a      	ldrh	r2, [r3, #0]
10002872:	4b1a      	ldr	r3, [pc, #104]	@ (100028dc <__aeabi_float_init+0xdc>)
10002874:	429a      	cmp	r2, r3
10002876:	d106      	bne.n	10002886 <__aeabi_float_init+0x86>
10002878:	4b19      	ldr	r3, [pc, #100]	@ (100028e0 <__aeabi_float_init+0xe0>)
1000287a:	681a      	ldr	r2, [r3, #0]
1000287c:	4b19      	ldr	r3, [pc, #100]	@ (100028e4 <__aeabi_float_init+0xe4>)
1000287e:	429a      	cmp	r2, r3
10002880:	d101      	bne.n	10002886 <__aeabi_float_init+0x86>
10002882:	2315      	movs	r3, #21
10002884:	e007      	b.n	10002896 <__aeabi_float_init+0x96>
10002886:	4818      	ldr	r0, [pc, #96]	@ (100028e8 <__aeabi_float_init+0xe8>)
10002888:	f7fd feb4 	bl	100005f4 <panic>
1000288c:	4917      	ldr	r1, [pc, #92]	@ (100028ec <__aeabi_float_init+0xec>)
1000288e:	4a09      	ldr	r2, [pc, #36]	@ (100028b4 <__aeabi_float_init+0xb4>)
10002890:	0098      	lsls	r0, r3, #2
10002892:	5081      	str	r1, [r0, r2]
10002894:	3301      	adds	r3, #1
10002896:	2b1f      	cmp	r3, #31
10002898:	d9f8      	bls.n	1000288c <__aeabi_float_init+0x8c>
1000289a:	4b14      	ldr	r3, [pc, #80]	@ (100028ec <__aeabi_float_init+0xec>)
1000289c:	4a05      	ldr	r2, [pc, #20]	@ (100028b4 <__aeabi_float_init+0xb4>)
1000289e:	6213      	str	r3, [r2, #32]
100028a0:	61d3      	str	r3, [r2, #28]
100028a2:	e7b6      	b.n	10002812 <__aeabi_float_init+0x12>
100028a4:	4b12      	ldr	r3, [pc, #72]	@ (100028f0 <__aeabi_float_init+0xf0>)
100028a6:	4a13      	ldr	r2, [pc, #76]	@ (100028f4 <__aeabi_float_init+0xf4>)
100028a8:	4813      	ldr	r0, [pc, #76]	@ (100028f8 <__aeabi_float_init+0xf8>)
100028aa:	2143      	movs	r1, #67	@ 0x43
100028ac:	f001 f94e 	bl	10003b4c <__assert_func>
100028b0:	00004653 	.word	0x00004653
100028b4:	200017ac 	.word	0x200017ac
100028b8:	0000334c 	.word	0x0000334c
100028bc:	200017a8 	.word	0x200017a8
100028c0:	000029ee 	.word	0x000029ee
100028c4:	00000fc4 	.word	0x00000fc4
100028c8:	00000dc2 	.word	0x00000dc2
100028cc:	00002b96 	.word	0x00002b96
100028d0:	0000b5c0 	.word	0x0000b5c0
100028d4:	00002b18 	.word	0x00002b18
100028d8:	00002acc 	.word	0x00002acc
100028dc:	0000b510 	.word	0x0000b510
100028e0:	00002cfc 	.word	0x00002cfc
100028e4:	6487ed51 	.word	0x6487ed51
100028e8:	10006f88 	.word	0x10006f88
100028ec:	100028fd 	.word	0x100028fd
100028f0:	10006e9c 	.word	0x10006e9c
100028f4:	100075b0 	.word	0x100075b0
100028f8:	10006ed0 	.word	0x10006ed0

100028fc <float_table_shim_on_use_helper>:
100028fc:	b507      	push	{r0, r1, r2, lr}
100028fe:	4660      	mov	r0, ip
10002900:	2800      	cmp	r0, #0
10002902:	d100      	bne.n	10002906 <float_table_shim_on_use_helper+0xa>
10002904:	be00      	bkpt	0x0000
10002906:	8801      	ldrh	r1, [r0, #0]
10002908:	0a0a      	lsrs	r2, r1, #8
1000290a:	3002      	adds	r0, #2
1000290c:	2adf      	cmp	r2, #223	@ 0xdf
1000290e:	d1fa      	bne.n	10002906 <float_table_shim_on_use_helper+0xa>
10002910:	b2c9      	uxtb	r1, r1
10002912:	0882      	lsrs	r2, r0, #2
10002914:	d304      	bcc.n	10002920 <float_table_shim_on_use_helper+0x24>
10002916:	8802      	ldrh	r2, [r0, #0]
10002918:	8840      	ldrh	r0, [r0, #2]
1000291a:	0400      	lsls	r0, r0, #16
1000291c:	4310      	orrs	r0, r2
1000291e:	e000      	b.n	10002922 <float_table_shim_on_use_helper+0x26>
10002920:	6800      	ldr	r0, [r0, #0]
10002922:	4a02      	ldr	r2, [pc, #8]	@ (1000292c <float_table_shim_on_use_helper+0x30>)
10002924:	5050      	str	r0, [r2, r1]
10002926:	9003      	str	r0, [sp, #12]
10002928:	bd07      	pop	{r0, r1, r2, pc}
1000292a:	0000      	.short	0x0000
1000292c:	200017ac 	.word	0x200017ac

10002930 <__aeabi_mem_init>:
10002930:	4801      	ldr	r0, [pc, #4]	@ (10002938 <__aeabi_mem_init+0x8>)
10002932:	2104      	movs	r1, #4
10002934:	4b01      	ldr	r3, [pc, #4]	@ (1000293c <__aeabi_mem_init+0xc>)
10002936:	4718      	bx	r3
10002938:	20000c70 	.word	0x20000c70
1000293c:	10001881 	.word	0x10001881

10002940 <__wrap_memset>:
10002940:	4b01      	ldr	r3, [pc, #4]	@ (10002948 <__wrap_memset+0x8>)
10002942:	681b      	ldr	r3, [r3, #0]
10002944:	4718      	bx	r3
10002946:	0000      	.short	0x0000
10002948:	20000c70 	.word	0x20000c70

1000294c <__wrap___aeabi_memcpy>:
1000294c:	4b01      	ldr	r3, [pc, #4]	@ (10002954 <__wrap___aeabi_memcpy+0x8>)
1000294e:	685b      	ldr	r3, [r3, #4]
10002950:	4718      	bx	r3
10002952:	0000      	.short	0x0000
10002954:	20000c70 	.word	0x20000c70

10002958 <_out_null>:
10002958:	4770      	bx	lr

1000295a <_out_fct>:
1000295a:	b510      	push	{r4, lr}
1000295c:	2800      	cmp	r0, #0
1000295e:	d002      	beq.n	10002966 <_out_fct+0xc>
10002960:	680b      	ldr	r3, [r1, #0]
10002962:	6849      	ldr	r1, [r1, #4]
10002964:	4798      	blx	r3
10002966:	bd10      	pop	{r4, pc}

10002968 <_atoi>:
10002968:	0001      	movs	r1, r0
1000296a:	2000      	movs	r0, #0
1000296c:	e007      	b.n	1000297e <_atoi+0x16>
1000296e:	0083      	lsls	r3, r0, #2
10002970:	181b      	adds	r3, r3, r0
10002972:	005b      	lsls	r3, r3, #1
10002974:	1c50      	adds	r0, r2, #1
10002976:	6008      	str	r0, [r1, #0]
10002978:	7810      	ldrb	r0, [r2, #0]
1000297a:	18c0      	adds	r0, r0, r3
1000297c:	3830      	subs	r0, #48	@ 0x30
1000297e:	680a      	ldr	r2, [r1, #0]
10002980:	7813      	ldrb	r3, [r2, #0]
10002982:	3b30      	subs	r3, #48	@ 0x30
10002984:	b2db      	uxtb	r3, r3
10002986:	2b09      	cmp	r3, #9
10002988:	d9f1      	bls.n	1000296e <_atoi+0x6>
1000298a:	4770      	bx	lr

1000298c <_out_rev>:
1000298c:	b5f0      	push	{r4, r5, r6, r7, lr}
1000298e:	46d6      	mov	lr, sl
10002990:	464f      	mov	r7, r9
10002992:	4646      	mov	r6, r8
10002994:	b5c0      	push	{r6, r7, lr}
10002996:	0005      	movs	r5, r0
10002998:	000e      	movs	r6, r1
1000299a:	0010      	movs	r0, r2
1000299c:	4691      	mov	r9, r2
1000299e:	001f      	movs	r7, r3
100029a0:	9c09      	ldr	r4, [sp, #36]	@ 0x24
100029a2:	9b0b      	ldr	r3, [sp, #44]	@ 0x2c
100029a4:	2202      	movs	r2, #2
100029a6:	0011      	movs	r1, r2
100029a8:	4019      	ands	r1, r3
100029aa:	468a      	mov	sl, r1
100029ac:	421a      	tst	r2, r3
100029ae:	d134      	bne.n	10002a1a <_out_rev+0x8e>
100029b0:	07db      	lsls	r3, r3, #31
100029b2:	d516      	bpl.n	100029e2 <_out_rev+0x56>
100029b4:	0002      	movs	r2, r0
100029b6:	46b8      	mov	r8, r7
100029b8:	0037      	movs	r7, r6
100029ba:	002e      	movs	r6, r5
100029bc:	e01f      	b.n	100029fe <_out_rev+0x72>
100029be:	1c55      	adds	r5, r2, #1
100029c0:	0033      	movs	r3, r6
100029c2:	4641      	mov	r1, r8
100029c4:	2020      	movs	r0, #32
100029c6:	47b8      	blx	r7
100029c8:	3401      	adds	r4, #1
100029ca:	002a      	movs	r2, r5
100029cc:	9b0a      	ldr	r3, [sp, #40]	@ 0x28
100029ce:	429c      	cmp	r4, r3
100029d0:	d3f5      	bcc.n	100029be <_out_rev+0x32>
100029d2:	003d      	movs	r5, r7
100029d4:	0037      	movs	r7, r6
100029d6:	4646      	mov	r6, r8
100029d8:	9c09      	ldr	r4, [sp, #36]	@ 0x24
100029da:	46b8      	mov	r8, r7
100029dc:	0037      	movs	r7, r6
100029de:	002e      	movs	r6, r5
100029e0:	e00d      	b.n	100029fe <_out_rev+0x72>
100029e2:	0002      	movs	r2, r0
100029e4:	46b0      	mov	r8, r6
100029e6:	003e      	movs	r6, r7
100029e8:	002f      	movs	r7, r5
100029ea:	9409      	str	r4, [sp, #36]	@ 0x24
100029ec:	e7ee      	b.n	100029cc <_out_rev+0x40>
100029ee:	3c01      	subs	r4, #1
100029f0:	1c55      	adds	r5, r2, #1
100029f2:	9b08      	ldr	r3, [sp, #32]
100029f4:	5d18      	ldrb	r0, [r3, r4]
100029f6:	4643      	mov	r3, r8
100029f8:	0039      	movs	r1, r7
100029fa:	47b0      	blx	r6
100029fc:	002a      	movs	r2, r5
100029fe:	2c00      	cmp	r4, #0
10002a00:	d1f5      	bne.n	100029ee <_out_rev+0x62>
10002a02:	0035      	movs	r5, r6
10002a04:	003e      	movs	r6, r7
10002a06:	4647      	mov	r7, r8
10002a08:	4653      	mov	r3, sl
10002a0a:	2b00      	cmp	r3, #0
10002a0c:	d116      	bne.n	10002a3c <_out_rev+0xb0>
10002a0e:	0010      	movs	r0, r2
10002a10:	bce0      	pop	{r5, r6, r7}
10002a12:	46ba      	mov	sl, r7
10002a14:	46b1      	mov	r9, r6
10002a16:	46a8      	mov	r8, r5
10002a18:	bdf0      	pop	{r4, r5, r6, r7, pc}
10002a1a:	0002      	movs	r2, r0
10002a1c:	46b8      	mov	r8, r7
10002a1e:	0037      	movs	r7, r6
10002a20:	002e      	movs	r6, r5
10002a22:	e7ec      	b.n	100029fe <_out_rev+0x72>
10002a24:	1c54      	adds	r4, r2, #1
10002a26:	0033      	movs	r3, r6
10002a28:	0029      	movs	r1, r5
10002a2a:	2020      	movs	r0, #32
10002a2c:	47b8      	blx	r7
10002a2e:	0022      	movs	r2, r4
10002a30:	464b      	mov	r3, r9
10002a32:	1ad3      	subs	r3, r2, r3
10002a34:	990a      	ldr	r1, [sp, #40]	@ 0x28
10002a36:	428b      	cmp	r3, r1
10002a38:	d3f4      	bcc.n	10002a24 <_out_rev+0x98>
10002a3a:	e7e8      	b.n	10002a0e <_out_rev+0x82>
10002a3c:	003b      	movs	r3, r7
10002a3e:	002f      	movs	r7, r5
10002a40:	0035      	movs	r5, r6
10002a42:	001e      	movs	r6, r3
10002a44:	e7f4      	b.n	10002a30 <_out_rev+0xa4>

10002a46 <_ntoa_format>:
10002a46:	b5f0      	push	{r4, r5, r6, r7, lr}
10002a48:	46ce      	mov	lr, r9
10002a4a:	4647      	mov	r7, r8
10002a4c:	b580      	push	{r7, lr}
10002a4e:	b085      	sub	sp, #20
10002a50:	0006      	movs	r6, r0
10002a52:	000f      	movs	r7, r1
10002a54:	4690      	mov	r8, r2
10002a56:	4699      	mov	r9, r3
10002a58:	9a0c      	ldr	r2, [sp, #48]	@ 0x30
10002a5a:	9b0d      	ldr	r3, [sp, #52]	@ 0x34
10002a5c:	a90e      	add	r1, sp, #56	@ 0x38
10002a5e:	7809      	ldrb	r1, [r1, #0]
10002a60:	468c      	mov	ip, r1
10002a62:	9d10      	ldr	r5, [sp, #64]	@ 0x40
10002a64:	9c11      	ldr	r4, [sp, #68]	@ 0x44
10002a66:	9912      	ldr	r1, [sp, #72]	@ 0x48
10002a68:	0788      	lsls	r0, r1, #30
10002a6a:	d41c      	bmi.n	10002aa6 <_ntoa_format+0x60>
10002a6c:	2c00      	cmp	r4, #0
10002a6e:	d00c      	beq.n	10002a8a <_ntoa_format+0x44>
10002a70:	07c8      	lsls	r0, r1, #31
10002a72:	d50a      	bpl.n	10002a8a <_ntoa_format+0x44>
10002a74:	4660      	mov	r0, ip
10002a76:	2800      	cmp	r0, #0
10002a78:	d102      	bne.n	10002a80 <_ntoa_format+0x3a>
10002a7a:	300c      	adds	r0, #12
10002a7c:	4208      	tst	r0, r1
10002a7e:	d004      	beq.n	10002a8a <_ntoa_format+0x44>
10002a80:	3c01      	subs	r4, #1
10002a82:	e002      	b.n	10002a8a <_ntoa_format+0x44>
10002a84:	2030      	movs	r0, #48	@ 0x30
10002a86:	54d0      	strb	r0, [r2, r3]
10002a88:	3301      	adds	r3, #1
10002a8a:	42ab      	cmp	r3, r5
10002a8c:	d201      	bcs.n	10002a92 <_ntoa_format+0x4c>
10002a8e:	2b1f      	cmp	r3, #31
10002a90:	d9f8      	bls.n	10002a84 <_ntoa_format+0x3e>
10002a92:	07c8      	lsls	r0, r1, #31
10002a94:	d507      	bpl.n	10002aa6 <_ntoa_format+0x60>
10002a96:	42a3      	cmp	r3, r4
10002a98:	d205      	bcs.n	10002aa6 <_ntoa_format+0x60>
10002a9a:	2b1f      	cmp	r3, #31
10002a9c:	d803      	bhi.n	10002aa6 <_ntoa_format+0x60>
10002a9e:	2030      	movs	r0, #48	@ 0x30
10002aa0:	54d0      	strb	r0, [r2, r3]
10002aa2:	3301      	adds	r3, #1
10002aa4:	e7f5      	b.n	10002a92 <_ntoa_format+0x4c>
10002aa6:	06c8      	lsls	r0, r1, #27
10002aa8:	d512      	bpl.n	10002ad0 <_ntoa_format+0x8a>
10002aaa:	0548      	lsls	r0, r1, #21
10002aac:	d405      	bmi.n	10002aba <_ntoa_format+0x74>
10002aae:	2b00      	cmp	r3, #0
10002ab0:	d003      	beq.n	10002aba <_ntoa_format+0x74>
10002ab2:	42ab      	cmp	r3, r5
10002ab4:	d023      	beq.n	10002afe <_ntoa_format+0xb8>
10002ab6:	42a3      	cmp	r3, r4
10002ab8:	d021      	beq.n	10002afe <_ntoa_format+0xb8>
10002aba:	980f      	ldr	r0, [sp, #60]	@ 0x3c
10002abc:	2810      	cmp	r0, #16
10002abe:	d031      	beq.n	10002b24 <_ntoa_format+0xde>
10002ac0:	980f      	ldr	r0, [sp, #60]	@ 0x3c
10002ac2:	2802      	cmp	r0, #2
10002ac4:	d038      	beq.n	10002b38 <_ntoa_format+0xf2>
10002ac6:	2b1f      	cmp	r3, #31
10002ac8:	d80a      	bhi.n	10002ae0 <_ntoa_format+0x9a>
10002aca:	2030      	movs	r0, #48	@ 0x30
10002acc:	54d0      	strb	r0, [r2, r3]
10002ace:	3301      	adds	r3, #1
10002ad0:	2b1f      	cmp	r3, #31
10002ad2:	d805      	bhi.n	10002ae0 <_ntoa_format+0x9a>
10002ad4:	4660      	mov	r0, ip
10002ad6:	2800      	cmp	r0, #0
10002ad8:	d034      	beq.n	10002b44 <_ntoa_format+0xfe>
10002ada:	202d      	movs	r0, #45	@ 0x2d
10002adc:	54d0      	strb	r0, [r2, r3]
10002ade:	3301      	adds	r3, #1
10002ae0:	9103      	str	r1, [sp, #12]
10002ae2:	9402      	str	r4, [sp, #8]
10002ae4:	9301      	str	r3, [sp, #4]
10002ae6:	9200      	str	r2, [sp, #0]
10002ae8:	464b      	mov	r3, r9
10002aea:	4642      	mov	r2, r8
10002aec:	0039      	movs	r1, r7
10002aee:	0030      	movs	r0, r6
10002af0:	f7ff ff4c 	bl	1000298c <_out_rev>
10002af4:	b005      	add	sp, #20
10002af6:	bcc0      	pop	{r6, r7}
10002af8:	46b9      	mov	r9, r7
10002afa:	46b0      	mov	r8, r6
10002afc:	bdf0      	pop	{r4, r5, r6, r7, pc}
10002afe:	1e58      	subs	r0, r3, #1
10002b00:	2b01      	cmp	r3, #1
10002b02:	d017      	beq.n	10002b34 <_ntoa_format+0xee>
10002b04:	9d0f      	ldr	r5, [sp, #60]	@ 0x3c
10002b06:	2d10      	cmp	r5, #16
10002b08:	d00b      	beq.n	10002b22 <_ntoa_format+0xdc>
10002b0a:	0003      	movs	r3, r0
10002b0c:	980f      	ldr	r0, [sp, #60]	@ 0x3c
10002b0e:	2810      	cmp	r0, #16
10002b10:	d1d6      	bne.n	10002ac0 <_ntoa_format+0x7a>
10002b12:	0688      	lsls	r0, r1, #26
10002b14:	d5d4      	bpl.n	10002ac0 <_ntoa_format+0x7a>
10002b16:	2b1f      	cmp	r3, #31
10002b18:	d8d2      	bhi.n	10002ac0 <_ntoa_format+0x7a>
10002b1a:	2058      	movs	r0, #88	@ 0x58
10002b1c:	54d0      	strb	r0, [r2, r3]
10002b1e:	3301      	adds	r3, #1
10002b20:	e7d1      	b.n	10002ac6 <_ntoa_format+0x80>
10002b22:	3b02      	subs	r3, #2
10002b24:	0688      	lsls	r0, r1, #26
10002b26:	d4f1      	bmi.n	10002b0c <_ntoa_format+0xc6>
10002b28:	2b1f      	cmp	r3, #31
10002b2a:	d8ef      	bhi.n	10002b0c <_ntoa_format+0xc6>
10002b2c:	2078      	movs	r0, #120	@ 0x78
10002b2e:	54d0      	strb	r0, [r2, r3]
10002b30:	3301      	adds	r3, #1
10002b32:	e7c8      	b.n	10002ac6 <_ntoa_format+0x80>
10002b34:	0003      	movs	r3, r0
10002b36:	e7c0      	b.n	10002aba <_ntoa_format+0x74>
10002b38:	2b1f      	cmp	r3, #31
10002b3a:	d8d1      	bhi.n	10002ae0 <_ntoa_format+0x9a>
10002b3c:	3060      	adds	r0, #96	@ 0x60
10002b3e:	54d0      	strb	r0, [r2, r3]
10002b40:	3301      	adds	r3, #1
10002b42:	e7c0      	b.n	10002ac6 <_ntoa_format+0x80>
10002b44:	0748      	lsls	r0, r1, #29
10002b46:	d503      	bpl.n	10002b50 <_ntoa_format+0x10a>
10002b48:	202b      	movs	r0, #43	@ 0x2b
10002b4a:	54d0      	strb	r0, [r2, r3]
10002b4c:	3301      	adds	r3, #1
10002b4e:	e7c7      	b.n	10002ae0 <_ntoa_format+0x9a>
10002b50:	0708      	lsls	r0, r1, #28
10002b52:	d5c5      	bpl.n	10002ae0 <_ntoa_format+0x9a>
10002b54:	2020      	movs	r0, #32
10002b56:	54d0      	strb	r0, [r2, r3]
10002b58:	3301      	adds	r3, #1
10002b5a:	e7c1      	b.n	10002ae0 <_ntoa_format+0x9a>

10002b5c <_ntoa_long>:
10002b5c:	b5f0      	push	{r4, r5, r6, r7, lr}
10002b5e:	46de      	mov	lr, fp
10002b60:	4657      	mov	r7, sl
10002b62:	464e      	mov	r6, r9
10002b64:	4645      	mov	r5, r8
10002b66:	b5e0      	push	{r5, r6, r7, lr}
10002b68:	b093      	sub	sp, #76	@ 0x4c
10002b6a:	4680      	mov	r8, r0
10002b6c:	4689      	mov	r9, r1
10002b6e:	4692      	mov	sl, r2
10002b70:	469b      	mov	fp, r3
10002b72:	ab1c      	add	r3, sp, #112	@ 0x70
10002b74:	cb10      	ldmia	r3!, {r4}
10002b76:	781b      	ldrb	r3, [r3, #0]
10002b78:	9309      	str	r3, [sp, #36]	@ 0x24
10002b7a:	9d1e      	ldr	r5, [sp, #120]	@ 0x78
10002b7c:	2c00      	cmp	r4, #0
10002b7e:	d103      	bne.n	10002b88 <_ntoa_long+0x2c>
10002b80:	2310      	movs	r3, #16
10002b82:	9a21      	ldr	r2, [sp, #132]	@ 0x84
10002b84:	439a      	bics	r2, r3
10002b86:	9221      	str	r2, [sp, #132]	@ 0x84
10002b88:	2380      	movs	r3, #128	@ 0x80
10002b8a:	00db      	lsls	r3, r3, #3
10002b8c:	9e21      	ldr	r6, [sp, #132]	@ 0x84
10002b8e:	401e      	ands	r6, r3
10002b90:	9a21      	ldr	r2, [sp, #132]	@ 0x84
10002b92:	421a      	tst	r2, r3
10002b94:	d018      	beq.n	10002bc8 <_ntoa_long+0x6c>
10002b96:	2c00      	cmp	r4, #0
10002b98:	d022      	beq.n	10002be0 <_ntoa_long+0x84>
10002b9a:	2600      	movs	r6, #0
10002b9c:	e014      	b.n	10002bc8 <_ntoa_long+0x6c>
10002b9e:	9a21      	ldr	r2, [sp, #132]	@ 0x84
10002ba0:	0692      	lsls	r2, r2, #26
10002ba2:	d51b      	bpl.n	10002bdc <_ntoa_long+0x80>
10002ba4:	2141      	movs	r1, #65	@ 0x41
10002ba6:	18c9      	adds	r1, r1, r3
10002ba8:	b2c9      	uxtb	r1, r1
10002baa:	390a      	subs	r1, #10
10002bac:	b2c9      	uxtb	r1, r1
10002bae:	1c77      	adds	r7, r6, #1
10002bb0:	ab0a      	add	r3, sp, #40	@ 0x28
10002bb2:	5599      	strb	r1, [r3, r6]
10002bb4:	0029      	movs	r1, r5
10002bb6:	0020      	movs	r0, r4
10002bb8:	f7fe ffcc 	bl	10001b54 <__wrap___aeabi_uidiv>
10002bbc:	42ac      	cmp	r4, r5
10002bbe:	d310      	bcc.n	10002be2 <_ntoa_long+0x86>
10002bc0:	2f1f      	cmp	r7, #31
10002bc2:	d80e      	bhi.n	10002be2 <_ntoa_long+0x86>
10002bc4:	003e      	movs	r6, r7
10002bc6:	0004      	movs	r4, r0
10002bc8:	0029      	movs	r1, r5
10002bca:	0020      	movs	r0, r4
10002bcc:	f7fe ffc2 	bl	10001b54 <__wrap___aeabi_uidiv>
10002bd0:	b2cb      	uxtb	r3, r1
10002bd2:	2b09      	cmp	r3, #9
10002bd4:	d8e3      	bhi.n	10002b9e <_ntoa_long+0x42>
10002bd6:	3330      	adds	r3, #48	@ 0x30
10002bd8:	b2d9      	uxtb	r1, r3
10002bda:	e7e8      	b.n	10002bae <_ntoa_long+0x52>
10002bdc:	2161      	movs	r1, #97	@ 0x61
10002bde:	e7e2      	b.n	10002ba6 <_ntoa_long+0x4a>
10002be0:	0027      	movs	r7, r4
10002be2:	9b21      	ldr	r3, [sp, #132]	@ 0x84
10002be4:	9306      	str	r3, [sp, #24]
10002be6:	9b20      	ldr	r3, [sp, #128]	@ 0x80
10002be8:	9305      	str	r3, [sp, #20]
10002bea:	9b1f      	ldr	r3, [sp, #124]	@ 0x7c
10002bec:	9304      	str	r3, [sp, #16]
10002bee:	9503      	str	r5, [sp, #12]
10002bf0:	9b09      	ldr	r3, [sp, #36]	@ 0x24
10002bf2:	9302      	str	r3, [sp, #8]
10002bf4:	9701      	str	r7, [sp, #4]
10002bf6:	ab0a      	add	r3, sp, #40	@ 0x28
10002bf8:	9300      	str	r3, [sp, #0]
10002bfa:	465b      	mov	r3, fp
10002bfc:	4652      	mov	r2, sl
10002bfe:	4649      	mov	r1, r9
10002c00:	4640      	mov	r0, r8
10002c02:	f7ff ff20 	bl	10002a46 <_ntoa_format>
10002c06:	b013      	add	sp, #76	@ 0x4c
10002c08:	bcf0      	pop	{r4, r5, r6, r7}
10002c0a:	46bb      	mov	fp, r7
10002c0c:	46b2      	mov	sl, r6
10002c0e:	46a9      	mov	r9, r5
10002c10:	46a0      	mov	r8, r4
10002c12:	bdf0      	pop	{r4, r5, r6, r7, pc}

10002c14 <_ntoa_long_long>:
10002c14:	b5f0      	push	{r4, r5, r6, r7, lr}
10002c16:	46de      	mov	lr, fp
10002c18:	4657      	mov	r7, sl
10002c1a:	464e      	mov	r6, r9
10002c1c:	4645      	mov	r5, r8
10002c1e:	b5e0      	push	{r5, r6, r7, lr}
10002c20:	b095      	sub	sp, #84	@ 0x54
10002c22:	4683      	mov	fp, r0
10002c24:	9108      	str	r1, [sp, #32]
10002c26:	9209      	str	r2, [sp, #36]	@ 0x24
10002c28:	930a      	str	r3, [sp, #40]	@ 0x28
10002c2a:	9b1e      	ldr	r3, [sp, #120]	@ 0x78
10002c2c:	4699      	mov	r9, r3
10002c2e:	9f1f      	ldr	r7, [sp, #124]	@ 0x7c
10002c30:	ab20      	add	r3, sp, #128	@ 0x80
10002c32:	781b      	ldrb	r3, [r3, #0]
10002c34:	930b      	str	r3, [sp, #44]	@ 0x2c
10002c36:	9b22      	ldr	r3, [sp, #136]	@ 0x88
10002c38:	4698      	mov	r8, r3
10002c3a:	9c23      	ldr	r4, [sp, #140]	@ 0x8c
10002c3c:	464b      	mov	r3, r9
10002c3e:	433b      	orrs	r3, r7
10002c40:	d103      	bne.n	10002c4a <_ntoa_long_long+0x36>
10002c42:	3310      	adds	r3, #16
10002c44:	9a26      	ldr	r2, [sp, #152]	@ 0x98
10002c46:	439a      	bics	r2, r3
10002c48:	9226      	str	r2, [sp, #152]	@ 0x98
10002c4a:	2380      	movs	r3, #128	@ 0x80
10002c4c:	00db      	lsls	r3, r3, #3
10002c4e:	9d26      	ldr	r5, [sp, #152]	@ 0x98
10002c50:	401d      	ands	r5, r3
10002c52:	9a26      	ldr	r2, [sp, #152]	@ 0x98
10002c54:	421a      	tst	r2, r3
10002c56:	d008      	beq.n	10002c6a <_ntoa_long_long+0x56>
10002c58:	464b      	mov	r3, r9
10002c5a:	433b      	orrs	r3, r7
10002c5c:	d039      	beq.n	10002cd2 <_ntoa_long_long+0xbe>
10002c5e:	2500      	movs	r5, #0
10002c60:	464e      	mov	r6, r9
10002c62:	0023      	movs	r3, r4
10002c64:	002c      	movs	r4, r5
10002c66:	001d      	movs	r5, r3
10002c68:	e01f      	b.n	10002caa <_ntoa_long_long+0x96>
10002c6a:	464e      	mov	r6, r9
10002c6c:	0023      	movs	r3, r4
10002c6e:	002c      	movs	r4, r5
10002c70:	001d      	movs	r5, r3
10002c72:	e01a      	b.n	10002caa <_ntoa_long_long+0x96>
10002c74:	9a26      	ldr	r2, [sp, #152]	@ 0x98
10002c76:	0692      	lsls	r2, r2, #26
10002c78:	d523      	bpl.n	10002cc2 <_ntoa_long_long+0xae>
10002c7a:	2241      	movs	r2, #65	@ 0x41
10002c7c:	18d2      	adds	r2, r2, r3
10002c7e:	b2d2      	uxtb	r2, r2
10002c80:	3a0a      	subs	r2, #10
10002c82:	b2d2      	uxtb	r2, r2
10002c84:	1c63      	adds	r3, r4, #1
10002c86:	469a      	mov	sl, r3
10002c88:	ab0c      	add	r3, sp, #48	@ 0x30
10002c8a:	551a      	strb	r2, [r3, r4]
10002c8c:	4642      	mov	r2, r8
10002c8e:	002b      	movs	r3, r5
10002c90:	0030      	movs	r0, r6
10002c92:	0039      	movs	r1, r7
10002c94:	f7fe ff9c 	bl	10001bd0 <__wrap___aeabi_uldivmod>
10002c98:	42bd      	cmp	r5, r7
10002c9a:	d81c      	bhi.n	10002cd6 <_ntoa_long_long+0xc2>
10002c9c:	d013      	beq.n	10002cc6 <_ntoa_long_long+0xb2>
10002c9e:	4653      	mov	r3, sl
10002ca0:	2b1f      	cmp	r3, #31
10002ca2:	d814      	bhi.n	10002cce <_ntoa_long_long+0xba>
10002ca4:	4654      	mov	r4, sl
10002ca6:	0006      	movs	r6, r0
10002ca8:	000f      	movs	r7, r1
10002caa:	4642      	mov	r2, r8
10002cac:	002b      	movs	r3, r5
10002cae:	0030      	movs	r0, r6
10002cb0:	0039      	movs	r1, r7
10002cb2:	f7fe ff8d 	bl	10001bd0 <__wrap___aeabi_uldivmod>
10002cb6:	b2d3      	uxtb	r3, r2
10002cb8:	2b09      	cmp	r3, #9
10002cba:	d8db      	bhi.n	10002c74 <_ntoa_long_long+0x60>
10002cbc:	3330      	adds	r3, #48	@ 0x30
10002cbe:	b2da      	uxtb	r2, r3
10002cc0:	e7e0      	b.n	10002c84 <_ntoa_long_long+0x70>
10002cc2:	2261      	movs	r2, #97	@ 0x61
10002cc4:	e7da      	b.n	10002c7c <_ntoa_long_long+0x68>
10002cc6:	45b0      	cmp	r8, r6
10002cc8:	d9e9      	bls.n	10002c9e <_ntoa_long_long+0x8a>
10002cca:	4656      	mov	r6, sl
10002ccc:	e004      	b.n	10002cd8 <_ntoa_long_long+0xc4>
10002cce:	4656      	mov	r6, sl
10002cd0:	e002      	b.n	10002cd8 <_ntoa_long_long+0xc4>
10002cd2:	2600      	movs	r6, #0
10002cd4:	e000      	b.n	10002cd8 <_ntoa_long_long+0xc4>
10002cd6:	4656      	mov	r6, sl
10002cd8:	9b26      	ldr	r3, [sp, #152]	@ 0x98
10002cda:	9306      	str	r3, [sp, #24]
10002cdc:	9b25      	ldr	r3, [sp, #148]	@ 0x94
10002cde:	9305      	str	r3, [sp, #20]
10002ce0:	9b24      	ldr	r3, [sp, #144]	@ 0x90
10002ce2:	9304      	str	r3, [sp, #16]
10002ce4:	4643      	mov	r3, r8
10002ce6:	9303      	str	r3, [sp, #12]
10002ce8:	9b0b      	ldr	r3, [sp, #44]	@ 0x2c
10002cea:	9302      	str	r3, [sp, #8]
10002cec:	9601      	str	r6, [sp, #4]
10002cee:	ab0c      	add	r3, sp, #48	@ 0x30
10002cf0:	9300      	str	r3, [sp, #0]
10002cf2:	9b0a      	ldr	r3, [sp, #40]	@ 0x28
10002cf4:	9a09      	ldr	r2, [sp, #36]	@ 0x24
10002cf6:	9908      	ldr	r1, [sp, #32]
10002cf8:	4658      	mov	r0, fp
10002cfa:	f7ff fea4 	bl	10002a46 <_ntoa_format>
10002cfe:	b015      	add	sp, #84	@ 0x54
10002d00:	bcf0      	pop	{r4, r5, r6, r7}
10002d02:	46bb      	mov	fp, r7
10002d04:	46b2      	mov	sl, r6
10002d06:	46a9      	mov	r9, r5
10002d08:	46a0      	mov	r8, r4
10002d0a:	bdf0      	pop	{r4, r5, r6, r7, pc}

10002d0c <_etoa>:
10002d0c:	b5f0      	push	{r4, r5, r6, r7, lr}
10002d0e:	46de      	mov	lr, fp
10002d10:	4657      	mov	r7, sl
10002d12:	464e      	mov	r6, r9
10002d14:	4645      	mov	r5, r8
10002d16:	b5e0      	push	{r5, r6, r7, lr}
10002d18:	b095      	sub	sp, #84	@ 0x54
10002d1a:	0004      	movs	r4, r0
10002d1c:	468a      	mov	sl, r1
10002d1e:	4693      	mov	fp, r2
10002d20:	4699      	mov	r9, r3
10002d22:	9e1e      	ldr	r6, [sp, #120]	@ 0x78
10002d24:	9f1f      	ldr	r7, [sp, #124]	@ 0x7c
10002d26:	0032      	movs	r2, r6
10002d28:	003b      	movs	r3, r7
10002d2a:	0030      	movs	r0, r6
10002d2c:	0039      	movs	r1, r7
10002d2e:	f7ff f9da 	bl	100020e6 <__wrap___aeabi_dcmpun>
10002d32:	2800      	cmp	r0, #0
10002d34:	d000      	beq.n	10002d38 <_etoa+0x2c>
10002d36:	e0fb      	b.n	10002f30 <_etoa+0x224>
10002d38:	2201      	movs	r2, #1
10002d3a:	4252      	negs	r2, r2
10002d3c:	4bd6      	ldr	r3, [pc, #856]	@ (10003098 <_etoa+0x38c>)
10002d3e:	0030      	movs	r0, r6
10002d40:	0039      	movs	r1, r7
10002d42:	f7ff f9cb 	bl	100020dc <__wrap___aeabi_dcmpgt>
10002d46:	2800      	cmp	r0, #0
10002d48:	d000      	beq.n	10002d4c <_etoa+0x40>
10002d4a:	e0f1      	b.n	10002f30 <_etoa+0x224>
10002d4c:	2201      	movs	r2, #1
10002d4e:	4252      	negs	r2, r2
10002d50:	4bd2      	ldr	r3, [pc, #840]	@ (1000309c <_etoa+0x390>)
10002d52:	0030      	movs	r0, r6
10002d54:	0039      	movs	r1, r7
10002d56:	f7ff f9ab 	bl	100020b0 <__wrap___aeabi_dcmplt>
10002d5a:	2800      	cmp	r0, #0
10002d5c:	d000      	beq.n	10002d60 <_etoa+0x54>
10002d5e:	e0e7      	b.n	10002f30 <_etoa+0x224>
10002d60:	2200      	movs	r2, #0
10002d62:	2300      	movs	r3, #0
10002d64:	0030      	movs	r0, r6
10002d66:	0039      	movs	r1, r7
10002d68:	f7ff f9a2 	bl	100020b0 <__wrap___aeabi_dcmplt>
10002d6c:	2800      	cmp	r0, #0
10002d6e:	d000      	beq.n	10002d72 <_etoa+0x66>
10002d70:	e0f3      	b.n	10002f5a <_etoa+0x24e>
10002d72:	9606      	str	r6, [sp, #24]
10002d74:	9707      	str	r7, [sp, #28]
10002d76:	2380      	movs	r3, #128	@ 0x80
10002d78:	00db      	lsls	r3, r3, #3
10002d7a:	9a22      	ldr	r2, [sp, #136]	@ 0x88
10002d7c:	401a      	ands	r2, r3
10002d7e:	9211      	str	r2, [sp, #68]	@ 0x44
10002d80:	9a22      	ldr	r2, [sp, #136]	@ 0x88
10002d82:	421a      	tst	r2, r3
10002d84:	d101      	bne.n	10002d8a <_etoa+0x7e>
10002d86:	2306      	movs	r3, #6
10002d88:	9320      	str	r3, [sp, #128]	@ 0x80
10002d8a:	9806      	ldr	r0, [sp, #24]
10002d8c:	9907      	ldr	r1, [sp, #28]
10002d8e:	0002      	movs	r2, r0
10002d90:	000b      	movs	r3, r1
10002d92:	920a      	str	r2, [sp, #40]	@ 0x28
10002d94:	930b      	str	r3, [sp, #44]	@ 0x2c
10002d96:	0003      	movs	r3, r0
10002d98:	000a      	movs	r2, r1
10002d9a:	4302      	orrs	r2, r0
10002d9c:	d100      	bne.n	10002da0 <_etoa+0x94>
10002d9e:	e0e8      	b.n	10002f72 <_etoa+0x266>
10002da0:	0d08      	lsrs	r0, r1, #20
10002da2:	0540      	lsls	r0, r0, #21
10002da4:	0d40      	lsrs	r0, r0, #21
10002da6:	4dbe      	ldr	r5, [pc, #760]	@ (100030a0 <_etoa+0x394>)
10002da8:	46ac      	mov	ip, r5
10002daa:	4460      	add	r0, ip
10002dac:	0005      	movs	r5, r0
10002dae:	9807      	ldr	r0, [sp, #28]
10002db0:	0302      	lsls	r2, r0, #12
10002db2:	0b12      	lsrs	r2, r2, #12
10002db4:	2000      	movs	r0, #0
10002db6:	2100      	movs	r1, #0
10002db8:	9008      	str	r0, [sp, #32]
10002dba:	9109      	str	r1, [sp, #36]	@ 0x24
10002dbc:	9308      	str	r3, [sp, #32]
10002dbe:	4bb9      	ldr	r3, [pc, #740]	@ (100030a4 <_etoa+0x398>)
10002dc0:	4313      	orrs	r3, r2
10002dc2:	9309      	str	r3, [sp, #36]	@ 0x24
10002dc4:	0028      	movs	r0, r5
10002dc6:	f7ff f99f 	bl	10002108 <__wrap___aeabi_i2d>
10002dca:	4ab7      	ldr	r2, [pc, #732]	@ (100030a8 <_etoa+0x39c>)
10002dcc:	4bb7      	ldr	r3, [pc, #732]	@ (100030ac <_etoa+0x3a0>)
10002dce:	f7ff f92c 	bl	1000202a <__wrap___aeabi_dmul>
10002dd2:	4ab7      	ldr	r2, [pc, #732]	@ (100030b0 <_etoa+0x3a4>)
10002dd4:	4bb7      	ldr	r3, [pc, #732]	@ (100030b4 <_etoa+0x3a8>)
10002dd6:	f7ff f901 	bl	10001fdc <__wrap___aeabi_dadd>
10002dda:	900a      	str	r0, [sp, #40]	@ 0x28
10002ddc:	910b      	str	r1, [sp, #44]	@ 0x2c
10002dde:	2200      	movs	r2, #0
10002de0:	4bb5      	ldr	r3, [pc, #724]	@ (100030b8 <_etoa+0x3ac>)
10002de2:	9808      	ldr	r0, [sp, #32]
10002de4:	9909      	ldr	r1, [sp, #36]	@ 0x24
10002de6:	f7ff f8f0 	bl	10001fca <__wrap___aeabi_dsub>
10002dea:	4ab4      	ldr	r2, [pc, #720]	@ (100030bc <_etoa+0x3b0>)
10002dec:	4bb4      	ldr	r3, [pc, #720]	@ (100030c0 <_etoa+0x3b4>)
10002dee:	f7ff f91c 	bl	1000202a <__wrap___aeabi_dmul>
10002df2:	0002      	movs	r2, r0
10002df4:	000b      	movs	r3, r1
10002df6:	980a      	ldr	r0, [sp, #40]	@ 0x28
10002df8:	990b      	ldr	r1, [sp, #44]	@ 0x2c
10002dfa:	f7ff f8ef 	bl	10001fdc <__wrap___aeabi_dadd>
10002dfe:	f7ff f99b 	bl	10002138 <__wrap___aeabi_d2iz>
10002e02:	4680      	mov	r8, r0
10002e04:	9008      	str	r0, [sp, #32]
10002e06:	f7ff f97f 	bl	10002108 <__wrap___aeabi_i2d>
10002e0a:	4aae      	ldr	r2, [pc, #696]	@ (100030c4 <_etoa+0x3b8>)
10002e0c:	4bae      	ldr	r3, [pc, #696]	@ (100030c8 <_etoa+0x3bc>)
10002e0e:	900a      	str	r0, [sp, #40]	@ 0x28
10002e10:	910b      	str	r1, [sp, #44]	@ 0x2c
10002e12:	f7ff f90a 	bl	1000202a <__wrap___aeabi_dmul>
10002e16:	2200      	movs	r2, #0
10002e18:	4bac      	ldr	r3, [pc, #688]	@ (100030cc <_etoa+0x3c0>)
10002e1a:	f7ff f8df 	bl	10001fdc <__wrap___aeabi_dadd>
10002e1e:	f7ff f98b 	bl	10002138 <__wrap___aeabi_d2iz>
10002e22:	0005      	movs	r5, r0
10002e24:	4aaa      	ldr	r2, [pc, #680]	@ (100030d0 <_etoa+0x3c4>)
10002e26:	4bab      	ldr	r3, [pc, #684]	@ (100030d4 <_etoa+0x3c8>)
10002e28:	980a      	ldr	r0, [sp, #40]	@ 0x28
10002e2a:	990b      	ldr	r1, [sp, #44]	@ 0x2c
10002e2c:	f7ff f8fd 	bl	1000202a <__wrap___aeabi_dmul>
10002e30:	900a      	str	r0, [sp, #40]	@ 0x28
10002e32:	910b      	str	r1, [sp, #44]	@ 0x2c
10002e34:	0028      	movs	r0, r5
10002e36:	f7ff f967 	bl	10002108 <__wrap___aeabi_i2d>
10002e3a:	4aa7      	ldr	r2, [pc, #668]	@ (100030d8 <_etoa+0x3cc>)
10002e3c:	4ba7      	ldr	r3, [pc, #668]	@ (100030dc <_etoa+0x3d0>)
10002e3e:	f7ff f8f4 	bl	1000202a <__wrap___aeabi_dmul>
10002e42:	0002      	movs	r2, r0
10002e44:	000b      	movs	r3, r1
10002e46:	980a      	ldr	r0, [sp, #40]	@ 0x28
10002e48:	990b      	ldr	r1, [sp, #44]	@ 0x2c
10002e4a:	f7ff f8be 	bl	10001fca <__wrap___aeabi_dsub>
10002e4e:	0002      	movs	r2, r0
10002e50:	000b      	movs	r3, r1
10002e52:	900a      	str	r0, [sp, #40]	@ 0x28
10002e54:	910b      	str	r1, [sp, #44]	@ 0x2c
10002e56:	f7ff f8e8 	bl	1000202a <__wrap___aeabi_dmul>
10002e5a:	900e      	str	r0, [sp, #56]	@ 0x38
10002e5c:	910f      	str	r1, [sp, #60]	@ 0x3c
10002e5e:	002b      	movs	r3, r5
10002e60:	4d9f      	ldr	r5, [pc, #636]	@ (100030e0 <_etoa+0x3d4>)
10002e62:	46ac      	mov	ip, r5
10002e64:	4463      	add	r3, ip
10002e66:	2100      	movs	r1, #0
10002e68:	2200      	movs	r2, #0
10002e6a:	910c      	str	r1, [sp, #48]	@ 0x30
10002e6c:	920d      	str	r2, [sp, #52]	@ 0x34
10002e6e:	051b      	lsls	r3, r3, #20
10002e70:	930d      	str	r3, [sp, #52]	@ 0x34
10002e72:	2300      	movs	r3, #0
10002e74:	930c      	str	r3, [sp, #48]	@ 0x30
10002e76:	980a      	ldr	r0, [sp, #40]	@ 0x28
10002e78:	990b      	ldr	r1, [sp, #44]	@ 0x2c
10002e7a:	0002      	movs	r2, r0
10002e7c:	000b      	movs	r3, r1
10002e7e:	f7ff f8ad 	bl	10001fdc <__wrap___aeabi_dadd>
10002e82:	9012      	str	r0, [sp, #72]	@ 0x48
10002e84:	9113      	str	r1, [sp, #76]	@ 0x4c
10002e86:	9a0a      	ldr	r2, [sp, #40]	@ 0x28
10002e88:	9b0b      	ldr	r3, [sp, #44]	@ 0x2c
10002e8a:	2000      	movs	r0, #0
10002e8c:	2180      	movs	r1, #128	@ 0x80
10002e8e:	05c9      	lsls	r1, r1, #23
10002e90:	f7ff f89b 	bl	10001fca <__wrap___aeabi_dsub>
10002e94:	900a      	str	r0, [sp, #40]	@ 0x28
10002e96:	910b      	str	r1, [sp, #44]	@ 0x2c
10002e98:	2200      	movs	r2, #0
10002e9a:	4b92      	ldr	r3, [pc, #584]	@ (100030e4 <_etoa+0x3d8>)
10002e9c:	980e      	ldr	r0, [sp, #56]	@ 0x38
10002e9e:	990f      	ldr	r1, [sp, #60]	@ 0x3c
10002ea0:	f7ff f8a5 	bl	10001fee <__wrap___aeabi_ddiv>
10002ea4:	2200      	movs	r2, #0
10002ea6:	4b90      	ldr	r3, [pc, #576]	@ (100030e8 <_etoa+0x3dc>)
10002ea8:	f7ff f898 	bl	10001fdc <__wrap___aeabi_dadd>
10002eac:	0002      	movs	r2, r0
10002eae:	000b      	movs	r3, r1
10002eb0:	980e      	ldr	r0, [sp, #56]	@ 0x38
10002eb2:	990f      	ldr	r1, [sp, #60]	@ 0x3c
10002eb4:	f7ff f89b 	bl	10001fee <__wrap___aeabi_ddiv>
10002eb8:	2200      	movs	r2, #0
10002eba:	4b8c      	ldr	r3, [pc, #560]	@ (100030ec <_etoa+0x3e0>)
10002ebc:	f7ff f88e 	bl	10001fdc <__wrap___aeabi_dadd>
10002ec0:	0002      	movs	r2, r0
10002ec2:	000b      	movs	r3, r1
10002ec4:	980e      	ldr	r0, [sp, #56]	@ 0x38
10002ec6:	990f      	ldr	r1, [sp, #60]	@ 0x3c
10002ec8:	f7ff f891 	bl	10001fee <__wrap___aeabi_ddiv>
10002ecc:	0002      	movs	r2, r0
10002ece:	000b      	movs	r3, r1
10002ed0:	980a      	ldr	r0, [sp, #40]	@ 0x28
10002ed2:	990b      	ldr	r1, [sp, #44]	@ 0x2c
10002ed4:	f7ff f882 	bl	10001fdc <__wrap___aeabi_dadd>
10002ed8:	0002      	movs	r2, r0
10002eda:	000b      	movs	r3, r1
10002edc:	9812      	ldr	r0, [sp, #72]	@ 0x48
10002ede:	9913      	ldr	r1, [sp, #76]	@ 0x4c
10002ee0:	f7ff f885 	bl	10001fee <__wrap___aeabi_ddiv>
10002ee4:	2200      	movs	r2, #0
10002ee6:	4b6f      	ldr	r3, [pc, #444]	@ (100030a4 <_etoa+0x398>)
10002ee8:	f7ff f878 	bl	10001fdc <__wrap___aeabi_dadd>
10002eec:	9a0c      	ldr	r2, [sp, #48]	@ 0x30
10002eee:	9b0d      	ldr	r3, [sp, #52]	@ 0x34
10002ef0:	f7ff f89b 	bl	1000202a <__wrap___aeabi_dmul>
10002ef4:	0002      	movs	r2, r0
10002ef6:	000b      	movs	r3, r1
10002ef8:	920a      	str	r2, [sp, #40]	@ 0x28
10002efa:	930b      	str	r3, [sp, #44]	@ 0x2c
10002efc:	9a06      	ldr	r2, [sp, #24]
10002efe:	9b07      	ldr	r3, [sp, #28]
10002f00:	900c      	str	r0, [sp, #48]	@ 0x30
10002f02:	910d      	str	r1, [sp, #52]	@ 0x34
10002f04:	f7ff f8ea 	bl	100020dc <__wrap___aeabi_dcmpgt>
10002f08:	2800      	cmp	r0, #0
10002f0a:	d00a      	beq.n	10002f22 <_etoa+0x216>
10002f0c:	4643      	mov	r3, r8
10002f0e:	3b01      	subs	r3, #1
10002f10:	9308      	str	r3, [sp, #32]
10002f12:	2200      	movs	r2, #0
10002f14:	4b74      	ldr	r3, [pc, #464]	@ (100030e8 <_etoa+0x3dc>)
10002f16:	980c      	ldr	r0, [sp, #48]	@ 0x30
10002f18:	990d      	ldr	r1, [sp, #52]	@ 0x34
10002f1a:	f7ff f868 	bl	10001fee <__wrap___aeabi_ddiv>
10002f1e:	900a      	str	r0, [sp, #40]	@ 0x28
10002f20:	910b      	str	r1, [sp, #44]	@ 0x2c
10002f22:	9b08      	ldr	r3, [sp, #32]
10002f24:	3363      	adds	r3, #99	@ 0x63
10002f26:	2bc6      	cmp	r3, #198	@ 0xc6
10002f28:	d849      	bhi.n	10002fbe <_etoa+0x2b2>
10002f2a:	2304      	movs	r3, #4
10002f2c:	001d      	movs	r5, r3
10002f2e:	e024      	b.n	10002f7a <_etoa+0x26e>
10002f30:	9b22      	ldr	r3, [sp, #136]	@ 0x88
10002f32:	9304      	str	r3, [sp, #16]
10002f34:	9b21      	ldr	r3, [sp, #132]	@ 0x84
10002f36:	9303      	str	r3, [sp, #12]
10002f38:	9b20      	ldr	r3, [sp, #128]	@ 0x80
10002f3a:	9302      	str	r3, [sp, #8]
10002f3c:	9600      	str	r6, [sp, #0]
10002f3e:	9701      	str	r7, [sp, #4]
10002f40:	464b      	mov	r3, r9
10002f42:	465a      	mov	r2, fp
10002f44:	4651      	mov	r1, sl
10002f46:	0020      	movs	r0, r4
10002f48:	f000 f904 	bl	10003154 <_ftoa>
10002f4c:	b015      	add	sp, #84	@ 0x54
10002f4e:	bcf0      	pop	{r4, r5, r6, r7}
10002f50:	46bb      	mov	fp, r7
10002f52:	46b2      	mov	sl, r6
10002f54:	46a9      	mov	r9, r5
10002f56:	46a0      	mov	r8, r4
10002f58:	bdf0      	pop	{r4, r5, r6, r7, pc}
10002f5a:	2100      	movs	r1, #0
10002f5c:	2200      	movs	r2, #0
10002f5e:	9106      	str	r1, [sp, #24]
10002f60:	9207      	str	r2, [sp, #28]
10002f62:	9606      	str	r6, [sp, #24]
10002f64:	2380      	movs	r3, #128	@ 0x80
10002f66:	061b      	lsls	r3, r3, #24
10002f68:	469c      	mov	ip, r3
10002f6a:	44bc      	add	ip, r7
10002f6c:	4663      	mov	r3, ip
10002f6e:	9307      	str	r3, [sp, #28]
10002f70:	e701      	b.n	10002d76 <_etoa+0x6a>
10002f72:	2300      	movs	r3, #0
10002f74:	9308      	str	r3, [sp, #32]
10002f76:	3304      	adds	r3, #4
10002f78:	001d      	movs	r5, r3
10002f7a:	9b22      	ldr	r3, [sp, #136]	@ 0x88
10002f7c:	051b      	lsls	r3, r3, #20
10002f7e:	d52b      	bpl.n	10002fd8 <_etoa+0x2cc>
10002f80:	9a0a      	ldr	r2, [sp, #40]	@ 0x28
10002f82:	9b0b      	ldr	r3, [sp, #44]	@ 0x2c
10002f84:	0019      	movs	r1, r3
10002f86:	4311      	orrs	r1, r2
10002f88:	d011      	beq.n	10002fae <_etoa+0x2a2>
10002f8a:	4a59      	ldr	r2, [pc, #356]	@ (100030f0 <_etoa+0x3e4>)
10002f8c:	4b59      	ldr	r3, [pc, #356]	@ (100030f4 <_etoa+0x3e8>)
10002f8e:	9806      	ldr	r0, [sp, #24]
10002f90:	9907      	ldr	r1, [sp, #28]
10002f92:	f7ff f89b 	bl	100020cc <__wrap___aeabi_dcmpge>
10002f96:	2800      	cmp	r0, #0
10002f98:	d100      	bne.n	10002f9c <_etoa+0x290>
10002f9a:	e0b1      	b.n	10003100 <_etoa+0x3f4>
10002f9c:	2200      	movs	r2, #0
10002f9e:	4b56      	ldr	r3, [pc, #344]	@ (100030f8 <_etoa+0x3ec>)
10002fa0:	9806      	ldr	r0, [sp, #24]
10002fa2:	9907      	ldr	r1, [sp, #28]
10002fa4:	f7ff f884 	bl	100020b0 <__wrap___aeabi_dcmplt>
10002fa8:	2800      	cmp	r0, #0
10002faa:	d100      	bne.n	10002fae <_etoa+0x2a2>
10002fac:	e0a8      	b.n	10003100 <_etoa+0x3f4>
10002fae:	9a20      	ldr	r2, [sp, #128]	@ 0x80
10002fb0:	9b08      	ldr	r3, [sp, #32]
10002fb2:	429a      	cmp	r2, r3
10002fb4:	dd06      	ble.n	10002fc4 <_etoa+0x2b8>
10002fb6:	1ad3      	subs	r3, r2, r3
10002fb8:	3b01      	subs	r3, #1
10002fba:	9320      	str	r3, [sp, #128]	@ 0x80
10002fbc:	e004      	b.n	10002fc8 <_etoa+0x2bc>
10002fbe:	2305      	movs	r3, #5
10002fc0:	001d      	movs	r5, r3
10002fc2:	e7da      	b.n	10002f7a <_etoa+0x26e>
10002fc4:	2300      	movs	r3, #0
10002fc6:	9320      	str	r3, [sp, #128]	@ 0x80
10002fc8:	2380      	movs	r3, #128	@ 0x80
10002fca:	00db      	lsls	r3, r3, #3
10002fcc:	9a22      	ldr	r2, [sp, #136]	@ 0x88
10002fce:	431a      	orrs	r2, r3
10002fd0:	9222      	str	r2, [sp, #136]	@ 0x88
10002fd2:	2300      	movs	r3, #0
10002fd4:	001d      	movs	r5, r3
10002fd6:	9308      	str	r3, [sp, #32]
10002fd8:	9a21      	ldr	r2, [sp, #132]	@ 0x84
10002fda:	4295      	cmp	r5, r2
10002fdc:	d300      	bcc.n	10002fe0 <_etoa+0x2d4>
10002fde:	e09b      	b.n	10003118 <_etoa+0x40c>
10002fe0:	1b53      	subs	r3, r2, r5
10002fe2:	4698      	mov	r8, r3
10002fe4:	2302      	movs	r3, #2
10002fe6:	9a22      	ldr	r2, [sp, #136]	@ 0x88
10002fe8:	401a      	ands	r2, r3
10002fea:	920c      	str	r2, [sp, #48]	@ 0x30
10002fec:	9a22      	ldr	r2, [sp, #136]	@ 0x88
10002fee:	4213      	tst	r3, r2
10002ff0:	d003      	beq.n	10002ffa <_etoa+0x2ee>
10002ff2:	2d00      	cmp	r5, #0
10002ff4:	d001      	beq.n	10002ffa <_etoa+0x2ee>
10002ff6:	2300      	movs	r3, #0
10002ff8:	4698      	mov	r8, r3
10002ffa:	9b08      	ldr	r3, [sp, #32]
10002ffc:	2b00      	cmp	r3, #0
10002ffe:	d007      	beq.n	10003010 <_etoa+0x304>
10003000:	9a0a      	ldr	r2, [sp, #40]	@ 0x28
10003002:	9b0b      	ldr	r3, [sp, #44]	@ 0x2c
10003004:	9806      	ldr	r0, [sp, #24]
10003006:	9907      	ldr	r1, [sp, #28]
10003008:	f7fe fff1 	bl	10001fee <__wrap___aeabi_ddiv>
1000300c:	9006      	str	r0, [sp, #24]
1000300e:	9107      	str	r1, [sp, #28]
10003010:	2200      	movs	r2, #0
10003012:	2300      	movs	r3, #0
10003014:	0030      	movs	r0, r6
10003016:	0039      	movs	r1, r7
10003018:	f7ff f84a 	bl	100020b0 <__wrap___aeabi_dcmplt>
1000301c:	2800      	cmp	r0, #0
1000301e:	d000      	beq.n	10003022 <_etoa+0x316>
10003020:	e07d      	b.n	1000311e <_etoa+0x412>
10003022:	4b36      	ldr	r3, [pc, #216]	@ (100030fc <_etoa+0x3f0>)
10003024:	9a22      	ldr	r2, [sp, #136]	@ 0x88
10003026:	4013      	ands	r3, r2
10003028:	9304      	str	r3, [sp, #16]
1000302a:	4643      	mov	r3, r8
1000302c:	9303      	str	r3, [sp, #12]
1000302e:	9b20      	ldr	r3, [sp, #128]	@ 0x80
10003030:	9302      	str	r3, [sp, #8]
10003032:	9a06      	ldr	r2, [sp, #24]
10003034:	9b07      	ldr	r3, [sp, #28]
10003036:	9200      	str	r2, [sp, #0]
10003038:	9301      	str	r3, [sp, #4]
1000303a:	464b      	mov	r3, r9
1000303c:	465a      	mov	r2, fp
1000303e:	4651      	mov	r1, sl
10003040:	0020      	movs	r0, r4
10003042:	f000 f887 	bl	10003154 <_ftoa>
10003046:	2d00      	cmp	r5, #0
10003048:	d100      	bne.n	1000304c <_etoa+0x340>
1000304a:	e77f      	b.n	10002f4c <_etoa+0x240>
1000304c:	9b22      	ldr	r3, [sp, #136]	@ 0x88
1000304e:	069b      	lsls	r3, r3, #26
10003050:	d571      	bpl.n	10003136 <_etoa+0x42a>
10003052:	2745      	movs	r7, #69	@ 0x45
10003054:	1c46      	adds	r6, r0, #1
10003056:	464b      	mov	r3, r9
10003058:	0002      	movs	r2, r0
1000305a:	4651      	mov	r1, sl
1000305c:	0038      	movs	r0, r7
1000305e:	47a0      	blx	r4
10003060:	9808      	ldr	r0, [sp, #32]
10003062:	17c3      	asrs	r3, r0, #31
10003064:	18c2      	adds	r2, r0, r3
10003066:	405a      	eors	r2, r3
10003068:	2305      	movs	r3, #5
1000306a:	9305      	str	r3, [sp, #20]
1000306c:	3d01      	subs	r5, #1
1000306e:	9504      	str	r5, [sp, #16]
10003070:	2300      	movs	r3, #0
10003072:	9303      	str	r3, [sp, #12]
10003074:	330a      	adds	r3, #10
10003076:	9302      	str	r3, [sp, #8]
10003078:	0fc3      	lsrs	r3, r0, #31
1000307a:	9301      	str	r3, [sp, #4]
1000307c:	9200      	str	r2, [sp, #0]
1000307e:	464b      	mov	r3, r9
10003080:	0032      	movs	r2, r6
10003082:	4651      	mov	r1, sl
10003084:	0020      	movs	r0, r4
10003086:	f7ff fd69 	bl	10002b5c <_ntoa_long>
1000308a:	9b0c      	ldr	r3, [sp, #48]	@ 0x30
1000308c:	2b00      	cmp	r3, #0
1000308e:	d100      	bne.n	10003092 <_etoa+0x386>
10003090:	e75c      	b.n	10002f4c <_etoa+0x240>
10003092:	0002      	movs	r2, r0
10003094:	9f21      	ldr	r7, [sp, #132]	@ 0x84
10003096:	e056      	b.n	10003146 <_etoa+0x43a>
10003098:	7fefffff 	.word	0x7fefffff
1000309c:	ffefffff 	.word	0xffefffff
100030a0:	fffffc01 	.word	0xfffffc01
100030a4:	3ff00000 	.word	0x3ff00000
100030a8:	509f79fb 	.word	0x509f79fb
100030ac:	3fd34413 	.word	0x3fd34413
100030b0:	8b60c8b3 	.word	0x8b60c8b3
100030b4:	3fc68a28 	.word	0x3fc68a28
100030b8:	3ff80000 	.word	0x3ff80000
100030bc:	636f4361 	.word	0x636f4361
100030c0:	3fd287a7 	.word	0x3fd287a7
100030c4:	0979a371 	.word	0x0979a371
100030c8:	400a934f 	.word	0x400a934f
100030cc:	3fe00000 	.word	0x3fe00000
100030d0:	bbb55516 	.word	0xbbb55516
100030d4:	40026bb1 	.word	0x40026bb1
100030d8:	fefa39ef 	.word	0xfefa39ef
100030dc:	3fe62e42 	.word	0x3fe62e42
100030e0:	000003ff 	.word	0x000003ff
100030e4:	402c0000 	.word	0x402c0000
100030e8:	40240000 	.word	0x40240000
100030ec:	40180000 	.word	0x40180000
100030f0:	eb1c432d 	.word	0xeb1c432d
100030f4:	3f1a36e2 	.word	0x3f1a36e2
100030f8:	412e8480 	.word	0x412e8480
100030fc:	fffff7ff 	.word	0xfffff7ff
10003100:	9b20      	ldr	r3, [sp, #128]	@ 0x80
10003102:	2b00      	cmp	r3, #0
10003104:	d100      	bne.n	10003108 <_etoa+0x3fc>
10003106:	e767      	b.n	10002fd8 <_etoa+0x2cc>
10003108:	9b11      	ldr	r3, [sp, #68]	@ 0x44
1000310a:	2b00      	cmp	r3, #0
1000310c:	d100      	bne.n	10003110 <_etoa+0x404>
1000310e:	e763      	b.n	10002fd8 <_etoa+0x2cc>
10003110:	9b20      	ldr	r3, [sp, #128]	@ 0x80
10003112:	3b01      	subs	r3, #1
10003114:	9320      	str	r3, [sp, #128]	@ 0x80
10003116:	e75f      	b.n	10002fd8 <_etoa+0x2cc>
10003118:	2300      	movs	r3, #0
1000311a:	4698      	mov	r8, r3
1000311c:	e762      	b.n	10002fe4 <_etoa+0x2d8>
1000311e:	9e06      	ldr	r6, [sp, #24]
10003120:	9f07      	ldr	r7, [sp, #28]
10003122:	0032      	movs	r2, r6
10003124:	0039      	movs	r1, r7
10003126:	2080      	movs	r0, #128	@ 0x80
10003128:	0600      	lsls	r0, r0, #24
1000312a:	4684      	mov	ip, r0
1000312c:	4461      	add	r1, ip
1000312e:	000b      	movs	r3, r1
10003130:	9206      	str	r2, [sp, #24]
10003132:	9307      	str	r3, [sp, #28]
10003134:	e775      	b.n	10003022 <_etoa+0x316>
10003136:	2765      	movs	r7, #101	@ 0x65
10003138:	e78c      	b.n	10003054 <_etoa+0x348>
1000313a:	1c56      	adds	r6, r2, #1
1000313c:	464b      	mov	r3, r9
1000313e:	4651      	mov	r1, sl
10003140:	2020      	movs	r0, #32
10003142:	47a0      	blx	r4
10003144:	0032      	movs	r2, r6
10003146:	465b      	mov	r3, fp
10003148:	1ad3      	subs	r3, r2, r3
1000314a:	42bb      	cmp	r3, r7
1000314c:	d3f5      	bcc.n	1000313a <_etoa+0x42e>
1000314e:	0010      	movs	r0, r2
10003150:	e6fc      	b.n	10002f4c <_etoa+0x240>
10003152:	46c0      	nop			@ (mov r8, r8)

10003154 <_ftoa>:
10003154:	b5f0      	push	{r4, r5, r6, r7, lr}
10003156:	46de      	mov	lr, fp
10003158:	4657      	mov	r7, sl
1000315a:	464e      	mov	r6, r9
1000315c:	4645      	mov	r5, r8
1000315e:	b5e0      	push	{r5, r6, r7, lr}
10003160:	b095      	sub	sp, #84	@ 0x54
10003162:	4681      	mov	r9, r0
10003164:	468a      	mov	sl, r1
10003166:	4693      	mov	fp, r2
10003168:	930a      	str	r3, [sp, #40]	@ 0x28
1000316a:	9f20      	ldr	r7, [sp, #128]	@ 0x80
1000316c:	9a1e      	ldr	r2, [sp, #120]	@ 0x78
1000316e:	9b1f      	ldr	r3, [sp, #124]	@ 0x7c
10003170:	0010      	movs	r0, r2
10003172:	0019      	movs	r1, r3
10003174:	f7fe ffb7 	bl	100020e6 <__wrap___aeabi_dcmpun>
10003178:	2800      	cmp	r0, #0
1000317a:	d131      	bne.n	100031e0 <_ftoa+0x8c>
1000317c:	2201      	movs	r2, #1
1000317e:	4252      	negs	r2, r2
10003180:	4bba      	ldr	r3, [pc, #744]	@ (1000346c <_ftoa+0x318>)
10003182:	981e      	ldr	r0, [sp, #120]	@ 0x78
10003184:	991f      	ldr	r1, [sp, #124]	@ 0x7c
10003186:	f7fe ff93 	bl	100020b0 <__wrap___aeabi_dcmplt>
1000318a:	2800      	cmp	r0, #0
1000318c:	d137      	bne.n	100031fe <_ftoa+0xaa>
1000318e:	2201      	movs	r2, #1
10003190:	4252      	negs	r2, r2
10003192:	4bb7      	ldr	r3, [pc, #732]	@ (10003470 <_ftoa+0x31c>)
10003194:	981e      	ldr	r0, [sp, #120]	@ 0x78
10003196:	991f      	ldr	r1, [sp, #124]	@ 0x7c
10003198:	f7fe ffa0 	bl	100020dc <__wrap___aeabi_dcmpgt>
1000319c:	2800      	cmp	r0, #0
1000319e:	d13d      	bne.n	1000321c <_ftoa+0xc8>
100031a0:	2200      	movs	r2, #0
100031a2:	4bb4      	ldr	r3, [pc, #720]	@ (10003474 <_ftoa+0x320>)
100031a4:	981e      	ldr	r0, [sp, #120]	@ 0x78
100031a6:	991f      	ldr	r1, [sp, #124]	@ 0x7c
100031a8:	f7fe ff98 	bl	100020dc <__wrap___aeabi_dcmpgt>
100031ac:	2800      	cmp	r0, #0
100031ae:	d14a      	bne.n	10003246 <_ftoa+0xf2>
100031b0:	2200      	movs	r2, #0
100031b2:	4bb1      	ldr	r3, [pc, #708]	@ (10003478 <_ftoa+0x324>)
100031b4:	981e      	ldr	r0, [sp, #120]	@ 0x78
100031b6:	991f      	ldr	r1, [sp, #124]	@ 0x7c
100031b8:	f7fe ff7a 	bl	100020b0 <__wrap___aeabi_dcmplt>
100031bc:	2800      	cmp	r0, #0
100031be:	d142      	bne.n	10003246 <_ftoa+0xf2>
100031c0:	2200      	movs	r2, #0
100031c2:	2300      	movs	r3, #0
100031c4:	981e      	ldr	r0, [sp, #120]	@ 0x78
100031c6:	991f      	ldr	r1, [sp, #124]	@ 0x7c
100031c8:	f7fe ff72 	bl	100020b0 <__wrap___aeabi_dcmplt>
100031cc:	2800      	cmp	r0, #0
100031ce:	d14a      	bne.n	10003266 <_ftoa+0x112>
100031d0:	2300      	movs	r3, #0
100031d2:	930b      	str	r3, [sp, #44]	@ 0x2c
100031d4:	9b22      	ldr	r3, [sp, #136]	@ 0x88
100031d6:	055b      	lsls	r3, r3, #21
100031d8:	d400      	bmi.n	100031dc <_ftoa+0x88>
100031da:	e0af      	b.n	1000333c <_ftoa+0x1e8>
100031dc:	2400      	movs	r4, #0
100031de:	e052      	b.n	10003286 <_ftoa+0x132>
100031e0:	9b22      	ldr	r3, [sp, #136]	@ 0x88
100031e2:	9303      	str	r3, [sp, #12]
100031e4:	9b21      	ldr	r3, [sp, #132]	@ 0x84
100031e6:	9302      	str	r3, [sp, #8]
100031e8:	2303      	movs	r3, #3
100031ea:	9301      	str	r3, [sp, #4]
100031ec:	4ba3      	ldr	r3, [pc, #652]	@ (1000347c <_ftoa+0x328>)
100031ee:	9300      	str	r3, [sp, #0]
100031f0:	9b0a      	ldr	r3, [sp, #40]	@ 0x28
100031f2:	465a      	mov	r2, fp
100031f4:	4651      	mov	r1, sl
100031f6:	4648      	mov	r0, r9
100031f8:	f7ff fbc8 	bl	1000298c <_out_rev>
100031fc:	e11f      	b.n	1000343e <_ftoa+0x2ea>
100031fe:	9b22      	ldr	r3, [sp, #136]	@ 0x88
10003200:	9303      	str	r3, [sp, #12]
10003202:	9b21      	ldr	r3, [sp, #132]	@ 0x84
10003204:	9302      	str	r3, [sp, #8]
10003206:	2304      	movs	r3, #4
10003208:	9301      	str	r3, [sp, #4]
1000320a:	4b9d      	ldr	r3, [pc, #628]	@ (10003480 <_ftoa+0x32c>)
1000320c:	9300      	str	r3, [sp, #0]
1000320e:	9b0a      	ldr	r3, [sp, #40]	@ 0x28
10003210:	465a      	mov	r2, fp
10003212:	4651      	mov	r1, sl
10003214:	4648      	mov	r0, r9
10003216:	f7ff fbb9 	bl	1000298c <_out_rev>
1000321a:	e110      	b.n	1000343e <_ftoa+0x2ea>
1000321c:	9b22      	ldr	r3, [sp, #136]	@ 0x88
1000321e:	075b      	lsls	r3, r3, #29
10003220:	d50e      	bpl.n	10003240 <_ftoa+0xec>
10003222:	4b98      	ldr	r3, [pc, #608]	@ (10003484 <_ftoa+0x330>)
10003224:	2204      	movs	r2, #4
10003226:	9922      	ldr	r1, [sp, #136]	@ 0x88
10003228:	9103      	str	r1, [sp, #12]
1000322a:	9921      	ldr	r1, [sp, #132]	@ 0x84
1000322c:	9102      	str	r1, [sp, #8]
1000322e:	9201      	str	r2, [sp, #4]
10003230:	9300      	str	r3, [sp, #0]
10003232:	9b0a      	ldr	r3, [sp, #40]	@ 0x28
10003234:	465a      	mov	r2, fp
10003236:	4651      	mov	r1, sl
10003238:	4648      	mov	r0, r9
1000323a:	f7ff fba7 	bl	1000298c <_out_rev>
1000323e:	e0fe      	b.n	1000343e <_ftoa+0x2ea>
10003240:	4b91      	ldr	r3, [pc, #580]	@ (10003488 <_ftoa+0x334>)
10003242:	2203      	movs	r2, #3
10003244:	e7ef      	b.n	10003226 <_ftoa+0xd2>
10003246:	9b22      	ldr	r3, [sp, #136]	@ 0x88
10003248:	9304      	str	r3, [sp, #16]
1000324a:	9b21      	ldr	r3, [sp, #132]	@ 0x84
1000324c:	9303      	str	r3, [sp, #12]
1000324e:	9702      	str	r7, [sp, #8]
10003250:	9b1e      	ldr	r3, [sp, #120]	@ 0x78
10003252:	9c1f      	ldr	r4, [sp, #124]	@ 0x7c
10003254:	9300      	str	r3, [sp, #0]
10003256:	9401      	str	r4, [sp, #4]
10003258:	9b0a      	ldr	r3, [sp, #40]	@ 0x28
1000325a:	465a      	mov	r2, fp
1000325c:	4651      	mov	r1, sl
1000325e:	4648      	mov	r0, r9
10003260:	f7ff fd54 	bl	10002d0c <_etoa>
10003264:	e0eb      	b.n	1000343e <_ftoa+0x2ea>
10003266:	9a1e      	ldr	r2, [sp, #120]	@ 0x78
10003268:	9b1f      	ldr	r3, [sp, #124]	@ 0x7c
1000326a:	2000      	movs	r0, #0
1000326c:	2100      	movs	r1, #0
1000326e:	f7fe feac 	bl	10001fca <__wrap___aeabi_dsub>
10003272:	901e      	str	r0, [sp, #120]	@ 0x78
10003274:	911f      	str	r1, [sp, #124]	@ 0x7c
10003276:	2301      	movs	r3, #1
10003278:	930b      	str	r3, [sp, #44]	@ 0x2c
1000327a:	e7ab      	b.n	100031d4 <_ftoa+0x80>
1000327c:	ab0c      	add	r3, sp, #48	@ 0x30
1000327e:	2230      	movs	r2, #48	@ 0x30
10003280:	551a      	strb	r2, [r3, r4]
10003282:	3f01      	subs	r7, #1
10003284:	3401      	adds	r4, #1
10003286:	2c1f      	cmp	r4, #31
10003288:	d801      	bhi.n	1000328e <_ftoa+0x13a>
1000328a:	2f09      	cmp	r7, #9
1000328c:	d8f6      	bhi.n	1000327c <_ftoa+0x128>
1000328e:	981e      	ldr	r0, [sp, #120]	@ 0x78
10003290:	991f      	ldr	r1, [sp, #124]	@ 0x7c
10003292:	f7fe ff51 	bl	10002138 <__wrap___aeabi_d2iz>
10003296:	0005      	movs	r5, r0
10003298:	f7fe ff36 	bl	10002108 <__wrap___aeabi_i2d>
1000329c:	0002      	movs	r2, r0
1000329e:	000b      	movs	r3, r1
100032a0:	981e      	ldr	r0, [sp, #120]	@ 0x78
100032a2:	991f      	ldr	r1, [sp, #124]	@ 0x7c
100032a4:	f7fe fe91 	bl	10001fca <__wrap___aeabi_dsub>
100032a8:	4b78      	ldr	r3, [pc, #480]	@ (1000348c <_ftoa+0x338>)
100032aa:	00fa      	lsls	r2, r7, #3
100032ac:	189b      	adds	r3, r3, r2
100032ae:	cb0c      	ldmia	r3, {r2, r3}
100032b0:	9208      	str	r2, [sp, #32]
100032b2:	9309      	str	r3, [sp, #36]	@ 0x24
100032b4:	f7fe feb9 	bl	1000202a <__wrap___aeabi_dmul>
100032b8:	9006      	str	r0, [sp, #24]
100032ba:	9107      	str	r1, [sp, #28]
100032bc:	f7fe ff60 	bl	10002180 <__wrap___aeabi_d2uiz>
100032c0:	0006      	movs	r6, r0
100032c2:	f7fe ff1d 	bl	10002100 <__wrap___aeabi_ui2d>
100032c6:	0002      	movs	r2, r0
100032c8:	000b      	movs	r3, r1
100032ca:	9806      	ldr	r0, [sp, #24]
100032cc:	9907      	ldr	r1, [sp, #28]
100032ce:	f7fe fe7c 	bl	10001fca <__wrap___aeabi_dsub>
100032d2:	9006      	str	r0, [sp, #24]
100032d4:	9107      	str	r1, [sp, #28]
100032d6:	2200      	movs	r2, #0
100032d8:	4b6d      	ldr	r3, [pc, #436]	@ (10003490 <_ftoa+0x33c>)
100032da:	f7fe feff 	bl	100020dc <__wrap___aeabi_dcmpgt>
100032de:	2800      	cmp	r0, #0
100032e0:	d02e      	beq.n	10003340 <_ftoa+0x1ec>
100032e2:	3601      	adds	r6, #1
100032e4:	0030      	movs	r0, r6
100032e6:	f7fe ff0b 	bl	10002100 <__wrap___aeabi_ui2d>
100032ea:	0002      	movs	r2, r0
100032ec:	000b      	movs	r3, r1
100032ee:	9808      	ldr	r0, [sp, #32]
100032f0:	9909      	ldr	r1, [sp, #36]	@ 0x24
100032f2:	f7fe fee3 	bl	100020bc <__wrap___aeabi_dcmple>
100032f6:	2800      	cmp	r0, #0
100032f8:	d001      	beq.n	100032fe <_ftoa+0x1aa>
100032fa:	3501      	adds	r5, #1
100032fc:	2600      	movs	r6, #0
100032fe:	2f00      	cmp	r7, #0
10003300:	d12c      	bne.n	1000335c <_ftoa+0x208>
10003302:	0028      	movs	r0, r5
10003304:	f7fe ff00 	bl	10002108 <__wrap___aeabi_i2d>
10003308:	0002      	movs	r2, r0
1000330a:	000b      	movs	r3, r1
1000330c:	981e      	ldr	r0, [sp, #120]	@ 0x78
1000330e:	991f      	ldr	r1, [sp, #124]	@ 0x7c
10003310:	f7fe fe5b 	bl	10001fca <__wrap___aeabi_dsub>
10003314:	0006      	movs	r6, r0
10003316:	000f      	movs	r7, r1
10003318:	2200      	movs	r2, #0
1000331a:	4b5d      	ldr	r3, [pc, #372]	@ (10003490 <_ftoa+0x33c>)
1000331c:	f7fe fec8 	bl	100020b0 <__wrap___aeabi_dcmplt>
10003320:	2800      	cmp	r0, #0
10003322:	d146      	bne.n	100033b2 <_ftoa+0x25e>
10003324:	2200      	movs	r2, #0
10003326:	4b5a      	ldr	r3, [pc, #360]	@ (10003490 <_ftoa+0x33c>)
10003328:	0030      	movs	r0, r6
1000332a:	0039      	movs	r1, r7
1000332c:	f7fe fed6 	bl	100020dc <__wrap___aeabi_dcmpgt>
10003330:	2800      	cmp	r0, #0
10003332:	d13e      	bne.n	100033b2 <_ftoa+0x25e>
10003334:	07eb      	lsls	r3, r5, #31
10003336:	d53c      	bpl.n	100033b2 <_ftoa+0x25e>
10003338:	3501      	adds	r5, #1
1000333a:	e03a      	b.n	100033b2 <_ftoa+0x25e>
1000333c:	2706      	movs	r7, #6
1000333e:	e74d      	b.n	100031dc <_ftoa+0x88>
10003340:	2200      	movs	r2, #0
10003342:	4b53      	ldr	r3, [pc, #332]	@ (10003490 <_ftoa+0x33c>)
10003344:	9806      	ldr	r0, [sp, #24]
10003346:	9907      	ldr	r1, [sp, #28]
10003348:	f7fe feb2 	bl	100020b0 <__wrap___aeabi_dcmplt>
1000334c:	2800      	cmp	r0, #0
1000334e:	d1d6      	bne.n	100032fe <_ftoa+0x1aa>
10003350:	2e00      	cmp	r6, #0
10003352:	d001      	beq.n	10003358 <_ftoa+0x204>
10003354:	07f3      	lsls	r3, r6, #31
10003356:	d5d2      	bpl.n	100032fe <_ftoa+0x1aa>
10003358:	3601      	adds	r6, #1
1000335a:	e7d0      	b.n	100032fe <_ftoa+0x1aa>
1000335c:	46a8      	mov	r8, r5
1000335e:	2c1f      	cmp	r4, #31
10003360:	d811      	bhi.n	10003386 <_ftoa+0x232>
10003362:	3f01      	subs	r7, #1
10003364:	210a      	movs	r1, #10
10003366:	0030      	movs	r0, r6
10003368:	f7fe fbf4 	bl	10001b54 <__wrap___aeabi_uidiv>
1000336c:	1c65      	adds	r5, r4, #1
1000336e:	3130      	adds	r1, #48	@ 0x30
10003370:	ab0c      	add	r3, sp, #48	@ 0x30
10003372:	5519      	strb	r1, [r3, r4]
10003374:	210a      	movs	r1, #10
10003376:	0030      	movs	r0, r6
10003378:	f7fe fbec 	bl	10001b54 <__wrap___aeabi_uidiv>
1000337c:	2e09      	cmp	r6, #9
1000337e:	d90e      	bls.n	1000339e <_ftoa+0x24a>
10003380:	0006      	movs	r6, r0
10003382:	002c      	movs	r4, r5
10003384:	e7eb      	b.n	1000335e <_ftoa+0x20a>
10003386:	4645      	mov	r5, r8
10003388:	2c1f      	cmp	r4, #31
1000338a:	d80c      	bhi.n	100033a6 <_ftoa+0x252>
1000338c:	1e7b      	subs	r3, r7, #1
1000338e:	2f00      	cmp	r7, #0
10003390:	d009      	beq.n	100033a6 <_ftoa+0x252>
10003392:	aa0c      	add	r2, sp, #48	@ 0x30
10003394:	2130      	movs	r1, #48	@ 0x30
10003396:	5511      	strb	r1, [r2, r4]
10003398:	001f      	movs	r7, r3
1000339a:	3401      	adds	r4, #1
1000339c:	e7f4      	b.n	10003388 <_ftoa+0x234>
1000339e:	002b      	movs	r3, r5
100033a0:	4645      	mov	r5, r8
100033a2:	001c      	movs	r4, r3
100033a4:	e7f0      	b.n	10003388 <_ftoa+0x234>
100033a6:	2c1f      	cmp	r4, #31
100033a8:	d803      	bhi.n	100033b2 <_ftoa+0x25e>
100033aa:	ab0c      	add	r3, sp, #48	@ 0x30
100033ac:	222e      	movs	r2, #46	@ 0x2e
100033ae:	551a      	strb	r2, [r3, r4]
100033b0:	3401      	adds	r4, #1
100033b2:	2c1f      	cmp	r4, #31
100033b4:	d810      	bhi.n	100033d8 <_ftoa+0x284>
100033b6:	210a      	movs	r1, #10
100033b8:	0028      	movs	r0, r5
100033ba:	f7fe fba3 	bl	10001b04 <__wrap___aeabi_idiv>
100033be:	1c66      	adds	r6, r4, #1
100033c0:	3130      	adds	r1, #48	@ 0x30
100033c2:	ab0c      	add	r3, sp, #48	@ 0x30
100033c4:	5519      	strb	r1, [r3, r4]
100033c6:	210a      	movs	r1, #10
100033c8:	0028      	movs	r0, r5
100033ca:	f7fe fb9b 	bl	10001b04 <__wrap___aeabi_idiv>
100033ce:	1e05      	subs	r5, r0, #0
100033d0:	d001      	beq.n	100033d6 <_ftoa+0x282>
100033d2:	0034      	movs	r4, r6
100033d4:	e7ed      	b.n	100033b2 <_ftoa+0x25e>
100033d6:	0034      	movs	r4, r6
100033d8:	9b22      	ldr	r3, [sp, #136]	@ 0x88
100033da:	079b      	lsls	r3, r3, #30
100033dc:	d419      	bmi.n	10003412 <_ftoa+0x2be>
100033de:	9b22      	ldr	r3, [sp, #136]	@ 0x88
100033e0:	07db      	lsls	r3, r3, #31
100033e2:	d516      	bpl.n	10003412 <_ftoa+0x2be>
100033e4:	9b21      	ldr	r3, [sp, #132]	@ 0x84
100033e6:	2b00      	cmp	r3, #0
100033e8:	d00e      	beq.n	10003408 <_ftoa+0x2b4>
100033ea:	9b0b      	ldr	r3, [sp, #44]	@ 0x2c
100033ec:	2b00      	cmp	r3, #0
100033ee:	d103      	bne.n	100033f8 <_ftoa+0x2a4>
100033f0:	330c      	adds	r3, #12
100033f2:	9a22      	ldr	r2, [sp, #136]	@ 0x88
100033f4:	4213      	tst	r3, r2
100033f6:	d007      	beq.n	10003408 <_ftoa+0x2b4>
100033f8:	9b21      	ldr	r3, [sp, #132]	@ 0x84
100033fa:	3b01      	subs	r3, #1
100033fc:	9321      	str	r3, [sp, #132]	@ 0x84
100033fe:	e003      	b.n	10003408 <_ftoa+0x2b4>
10003400:	ab0c      	add	r3, sp, #48	@ 0x30
10003402:	2230      	movs	r2, #48	@ 0x30
10003404:	551a      	strb	r2, [r3, r4]
10003406:	3401      	adds	r4, #1
10003408:	9b21      	ldr	r3, [sp, #132]	@ 0x84
1000340a:	429c      	cmp	r4, r3
1000340c:	d201      	bcs.n	10003412 <_ftoa+0x2be>
1000340e:	2c1f      	cmp	r4, #31
10003410:	d9f6      	bls.n	10003400 <_ftoa+0x2ac>
10003412:	2c1f      	cmp	r4, #31
10003414:	d806      	bhi.n	10003424 <_ftoa+0x2d0>
10003416:	9b0b      	ldr	r3, [sp, #44]	@ 0x2c
10003418:	2b00      	cmp	r3, #0
1000341a:	d017      	beq.n	1000344c <_ftoa+0x2f8>
1000341c:	ab0c      	add	r3, sp, #48	@ 0x30
1000341e:	222d      	movs	r2, #45	@ 0x2d
10003420:	551a      	strb	r2, [r3, r4]
10003422:	3401      	adds	r4, #1
10003424:	9b22      	ldr	r3, [sp, #136]	@ 0x88
10003426:	9303      	str	r3, [sp, #12]
10003428:	9b21      	ldr	r3, [sp, #132]	@ 0x84
1000342a:	9302      	str	r3, [sp, #8]
1000342c:	9401      	str	r4, [sp, #4]
1000342e:	ab0c      	add	r3, sp, #48	@ 0x30
10003430:	9300      	str	r3, [sp, #0]
10003432:	9b0a      	ldr	r3, [sp, #40]	@ 0x28
10003434:	465a      	mov	r2, fp
10003436:	4651      	mov	r1, sl
10003438:	4648      	mov	r0, r9
1000343a:	f7ff faa7 	bl	1000298c <_out_rev>
1000343e:	b015      	add	sp, #84	@ 0x54
10003440:	bcf0      	pop	{r4, r5, r6, r7}
10003442:	46bb      	mov	fp, r7
10003444:	46b2      	mov	sl, r6
10003446:	46a9      	mov	r9, r5
10003448:	46a0      	mov	r8, r4
1000344a:	bdf0      	pop	{r4, r5, r6, r7, pc}
1000344c:	9b22      	ldr	r3, [sp, #136]	@ 0x88
1000344e:	075b      	lsls	r3, r3, #29
10003450:	d504      	bpl.n	1000345c <_ftoa+0x308>
10003452:	ab0c      	add	r3, sp, #48	@ 0x30
10003454:	222b      	movs	r2, #43	@ 0x2b
10003456:	551a      	strb	r2, [r3, r4]
10003458:	3401      	adds	r4, #1
1000345a:	e7e3      	b.n	10003424 <_ftoa+0x2d0>
1000345c:	9b22      	ldr	r3, [sp, #136]	@ 0x88
1000345e:	071b      	lsls	r3, r3, #28
10003460:	d5e0      	bpl.n	10003424 <_ftoa+0x2d0>
10003462:	ab0c      	add	r3, sp, #48	@ 0x30
10003464:	2220      	movs	r2, #32
10003466:	551a      	strb	r2, [r3, r4]
10003468:	3401      	adds	r4, #1
1000346a:	e7db      	b.n	10003424 <_ftoa+0x2d0>
1000346c:	ffefffff 	.word	0xffefffff
10003470:	7fefffff 	.word	0x7fefffff
10003474:	41cdcd65 	.word	0x41cdcd65
10003478:	c1cdcd65 	.word	0xc1cdcd65
1000347c:	10006f70 	.word	0x10006f70
10003480:	10006f74 	.word	0x10006f74
10003484:	10006f64 	.word	0x10006f64
10003488:	10006f6c 	.word	0x10006f6c
1000348c:	10007628 	.word	0x10007628
10003490:	3fe00000 	.word	0x3fe00000

10003494 <_vsnprintf>:
10003494:	b5f0      	push	{r4, r5, r6, r7, lr}
10003496:	46de      	mov	lr, fp
10003498:	4657      	mov	r7, sl
1000349a:	464e      	mov	r6, r9
1000349c:	4645      	mov	r5, r8
1000349e:	b5e0      	push	{r5, r6, r7, lr}
100034a0:	b093      	sub	sp, #76	@ 0x4c
100034a2:	4683      	mov	fp, r0
100034a4:	468a      	mov	sl, r1
100034a6:	4690      	mov	r8, r2
100034a8:	9311      	str	r3, [sp, #68]	@ 0x44
100034aa:	2900      	cmp	r1, #0
100034ac:	d100      	bne.n	100034b0 <_vsnprintf+0x1c>
100034ae:	e31a      	b.n	10003ae6 <_vsnprintf+0x652>
100034b0:	2500      	movs	r5, #0
100034b2:	465e      	mov	r6, fp
100034b4:	9b11      	ldr	r3, [sp, #68]	@ 0x44
100034b6:	7818      	ldrb	r0, [r3, #0]
100034b8:	2800      	cmp	r0, #0
100034ba:	d100      	bne.n	100034be <_vsnprintf+0x2a>
100034bc:	e316      	b.n	10003aec <_vsnprintf+0x658>
100034be:	2825      	cmp	r0, #37	@ 0x25
100034c0:	d009      	beq.n	100034d6 <_vsnprintf+0x42>
100034c2:	1c6c      	adds	r4, r5, #1
100034c4:	4643      	mov	r3, r8
100034c6:	002a      	movs	r2, r5
100034c8:	4651      	mov	r1, sl
100034ca:	47b0      	blx	r6
100034cc:	9b11      	ldr	r3, [sp, #68]	@ 0x44
100034ce:	3301      	adds	r3, #1
100034d0:	9311      	str	r3, [sp, #68]	@ 0x44
100034d2:	0025      	movs	r5, r4
100034d4:	e7ee      	b.n	100034b4 <_vsnprintf+0x20>
100034d6:	3301      	adds	r3, #1
100034d8:	9311      	str	r3, [sp, #68]	@ 0x44
100034da:	2700      	movs	r7, #0
100034dc:	e012      	b.n	10003504 <_vsnprintf+0x70>
100034de:	2a20      	cmp	r2, #32
100034e0:	d025      	beq.n	1000352e <_vsnprintf+0x9a>
100034e2:	2a23      	cmp	r2, #35	@ 0x23
100034e4:	d105      	bne.n	100034f2 <_vsnprintf+0x5e>
100034e6:	2210      	movs	r2, #16
100034e8:	4317      	orrs	r7, r2
100034ea:	3301      	adds	r3, #1
100034ec:	9311      	str	r3, [sp, #68]	@ 0x44
100034ee:	2401      	movs	r4, #1
100034f0:	e006      	b.n	10003500 <_vsnprintf+0x6c>
100034f2:	2400      	movs	r4, #0
100034f4:	e004      	b.n	10003500 <_vsnprintf+0x6c>
100034f6:	2202      	movs	r2, #2
100034f8:	4317      	orrs	r7, r2
100034fa:	3301      	adds	r3, #1
100034fc:	9311      	str	r3, [sp, #68]	@ 0x44
100034fe:	2401      	movs	r4, #1
10003500:	2c00      	cmp	r4, #0
10003502:	d01c      	beq.n	1000353e <_vsnprintf+0xaa>
10003504:	9b11      	ldr	r3, [sp, #68]	@ 0x44
10003506:	781a      	ldrb	r2, [r3, #0]
10003508:	2a2b      	cmp	r2, #43	@ 0x2b
1000350a:	d00a      	beq.n	10003522 <_vsnprintf+0x8e>
1000350c:	d9e7      	bls.n	100034de <_vsnprintf+0x4a>
1000350e:	2a2d      	cmp	r2, #45	@ 0x2d
10003510:	d0f1      	beq.n	100034f6 <_vsnprintf+0x62>
10003512:	2a30      	cmp	r2, #48	@ 0x30
10003514:	d111      	bne.n	1000353a <_vsnprintf+0xa6>
10003516:	3a2f      	subs	r2, #47	@ 0x2f
10003518:	4317      	orrs	r7, r2
1000351a:	3301      	adds	r3, #1
1000351c:	9311      	str	r3, [sp, #68]	@ 0x44
1000351e:	2401      	movs	r4, #1
10003520:	e7ee      	b.n	10003500 <_vsnprintf+0x6c>
10003522:	2204      	movs	r2, #4
10003524:	4317      	orrs	r7, r2
10003526:	3301      	adds	r3, #1
10003528:	9311      	str	r3, [sp, #68]	@ 0x44
1000352a:	2401      	movs	r4, #1
1000352c:	e7e8      	b.n	10003500 <_vsnprintf+0x6c>
1000352e:	2208      	movs	r2, #8
10003530:	4317      	orrs	r7, r2
10003532:	3301      	adds	r3, #1
10003534:	9311      	str	r3, [sp, #68]	@ 0x44
10003536:	2401      	movs	r4, #1
10003538:	e7e2      	b.n	10003500 <_vsnprintf+0x6c>
1000353a:	2400      	movs	r4, #0
1000353c:	e7e0      	b.n	10003500 <_vsnprintf+0x6c>
1000353e:	9b11      	ldr	r3, [sp, #68]	@ 0x44
10003540:	781a      	ldrb	r2, [r3, #0]
10003542:	0013      	movs	r3, r2
10003544:	3b30      	subs	r3, #48	@ 0x30
10003546:	b2db      	uxtb	r3, r3
10003548:	2b09      	cmp	r3, #9
1000354a:	d915      	bls.n	10003578 <_vsnprintf+0xe4>
1000354c:	2a2a      	cmp	r2, #42	@ 0x2a
1000354e:	d018      	beq.n	10003582 <_vsnprintf+0xee>
10003550:	940b      	str	r4, [sp, #44]	@ 0x2c
10003552:	9b11      	ldr	r3, [sp, #68]	@ 0x44
10003554:	781a      	ldrb	r2, [r3, #0]
10003556:	2a2e      	cmp	r2, #46	@ 0x2e
10003558:	d023      	beq.n	100035a2 <_vsnprintf+0x10e>
1000355a:	9b11      	ldr	r3, [sp, #68]	@ 0x44
1000355c:	781a      	ldrb	r2, [r3, #0]
1000355e:	2a6c      	cmp	r2, #108	@ 0x6c
10003560:	d047      	beq.n	100035f2 <_vsnprintf+0x15e>
10003562:	d93c      	bls.n	100035de <_vsnprintf+0x14a>
10003564:	2a74      	cmp	r2, #116	@ 0x74
10003566:	d062      	beq.n	1000362e <_vsnprintf+0x19a>
10003568:	2a7a      	cmp	r2, #122	@ 0x7a
1000356a:	d165      	bne.n	10003638 <_vsnprintf+0x1a4>
1000356c:	2280      	movs	r2, #128	@ 0x80
1000356e:	0052      	lsls	r2, r2, #1
10003570:	4317      	orrs	r7, r2
10003572:	3301      	adds	r3, #1
10003574:	9311      	str	r3, [sp, #68]	@ 0x44
10003576:	e05f      	b.n	10003638 <_vsnprintf+0x1a4>
10003578:	a811      	add	r0, sp, #68	@ 0x44
1000357a:	f7ff f9f5 	bl	10002968 <_atoi>
1000357e:	900b      	str	r0, [sp, #44]	@ 0x2c
10003580:	e7e7      	b.n	10003552 <_vsnprintf+0xbe>
10003582:	9b1c      	ldr	r3, [sp, #112]	@ 0x70
10003584:	1d1a      	adds	r2, r3, #4
10003586:	921c      	str	r2, [sp, #112]	@ 0x70
10003588:	681b      	ldr	r3, [r3, #0]
1000358a:	2b00      	cmp	r3, #0
1000358c:	db04      	blt.n	10003598 <_vsnprintf+0x104>
1000358e:	930b      	str	r3, [sp, #44]	@ 0x2c
10003590:	9b11      	ldr	r3, [sp, #68]	@ 0x44
10003592:	3301      	adds	r3, #1
10003594:	9311      	str	r3, [sp, #68]	@ 0x44
10003596:	e7dc      	b.n	10003552 <_vsnprintf+0xbe>
10003598:	2202      	movs	r2, #2
1000359a:	4317      	orrs	r7, r2
1000359c:	425b      	negs	r3, r3
1000359e:	930b      	str	r3, [sp, #44]	@ 0x2c
100035a0:	e7f6      	b.n	10003590 <_vsnprintf+0xfc>
100035a2:	2280      	movs	r2, #128	@ 0x80
100035a4:	00d2      	lsls	r2, r2, #3
100035a6:	4317      	orrs	r7, r2
100035a8:	1c5a      	adds	r2, r3, #1
100035aa:	9211      	str	r2, [sp, #68]	@ 0x44
100035ac:	785a      	ldrb	r2, [r3, #1]
100035ae:	0013      	movs	r3, r2
100035b0:	3b30      	subs	r3, #48	@ 0x30
100035b2:	b2db      	uxtb	r3, r3
100035b4:	2b09      	cmp	r3, #9
100035b6:	d90b      	bls.n	100035d0 <_vsnprintf+0x13c>
100035b8:	2a2a      	cmp	r2, #42	@ 0x2a
100035ba:	d1ce      	bne.n	1000355a <_vsnprintf+0xc6>
100035bc:	9b1c      	ldr	r3, [sp, #112]	@ 0x70
100035be:	1d1a      	adds	r2, r3, #4
100035c0:	921c      	str	r2, [sp, #112]	@ 0x70
100035c2:	681c      	ldr	r4, [r3, #0]
100035c4:	2c00      	cmp	r4, #0
100035c6:	db08      	blt.n	100035da <_vsnprintf+0x146>
100035c8:	9b11      	ldr	r3, [sp, #68]	@ 0x44
100035ca:	3301      	adds	r3, #1
100035cc:	9311      	str	r3, [sp, #68]	@ 0x44
100035ce:	e7c4      	b.n	1000355a <_vsnprintf+0xc6>
100035d0:	a811      	add	r0, sp, #68	@ 0x44
100035d2:	f7ff f9c9 	bl	10002968 <_atoi>
100035d6:	0004      	movs	r4, r0
100035d8:	e7bf      	b.n	1000355a <_vsnprintf+0xc6>
100035da:	2400      	movs	r4, #0
100035dc:	e7f4      	b.n	100035c8 <_vsnprintf+0x134>
100035de:	2a68      	cmp	r2, #104	@ 0x68
100035e0:	d017      	beq.n	10003612 <_vsnprintf+0x17e>
100035e2:	2a6a      	cmp	r2, #106	@ 0x6a
100035e4:	d128      	bne.n	10003638 <_vsnprintf+0x1a4>
100035e6:	2280      	movs	r2, #128	@ 0x80
100035e8:	0092      	lsls	r2, r2, #2
100035ea:	4317      	orrs	r7, r2
100035ec:	3301      	adds	r3, #1
100035ee:	9311      	str	r3, [sp, #68]	@ 0x44
100035f0:	e022      	b.n	10003638 <_vsnprintf+0x1a4>
100035f2:	2280      	movs	r2, #128	@ 0x80
100035f4:	0052      	lsls	r2, r2, #1
100035f6:	433a      	orrs	r2, r7
100035f8:	1c59      	adds	r1, r3, #1
100035fa:	9111      	str	r1, [sp, #68]	@ 0x44
100035fc:	7859      	ldrb	r1, [r3, #1]
100035fe:	296c      	cmp	r1, #108	@ 0x6c
10003600:	d001      	beq.n	10003606 <_vsnprintf+0x172>
10003602:	0017      	movs	r7, r2
10003604:	e018      	b.n	10003638 <_vsnprintf+0x1a4>
10003606:	22c0      	movs	r2, #192	@ 0xc0
10003608:	0092      	lsls	r2, r2, #2
1000360a:	4317      	orrs	r7, r2
1000360c:	3302      	adds	r3, #2
1000360e:	9311      	str	r3, [sp, #68]	@ 0x44
10003610:	e012      	b.n	10003638 <_vsnprintf+0x1a4>
10003612:	2280      	movs	r2, #128	@ 0x80
10003614:	433a      	orrs	r2, r7
10003616:	1c59      	adds	r1, r3, #1
10003618:	9111      	str	r1, [sp, #68]	@ 0x44
1000361a:	7859      	ldrb	r1, [r3, #1]
1000361c:	2968      	cmp	r1, #104	@ 0x68
1000361e:	d001      	beq.n	10003624 <_vsnprintf+0x190>
10003620:	0017      	movs	r7, r2
10003622:	e009      	b.n	10003638 <_vsnprintf+0x1a4>
10003624:	22c0      	movs	r2, #192	@ 0xc0
10003626:	4317      	orrs	r7, r2
10003628:	3302      	adds	r3, #2
1000362a:	9311      	str	r3, [sp, #68]	@ 0x44
1000362c:	e004      	b.n	10003638 <_vsnprintf+0x1a4>
1000362e:	2280      	movs	r2, #128	@ 0x80
10003630:	0052      	lsls	r2, r2, #1
10003632:	4317      	orrs	r7, r2
10003634:	3301      	adds	r3, #1
10003636:	9311      	str	r3, [sp, #68]	@ 0x44
10003638:	9b11      	ldr	r3, [sp, #68]	@ 0x44
1000363a:	7818      	ldrb	r0, [r3, #0]
1000363c:	2865      	cmp	r0, #101	@ 0x65
1000363e:	d040      	beq.n	100036c2 <_vsnprintf+0x22e>
10003640:	d877      	bhi.n	10003732 <_vsnprintf+0x29e>
10003642:	2846      	cmp	r0, #70	@ 0x46
10003644:	d100      	bne.n	10003648 <_vsnprintf+0x1b4>
10003646:	e08b      	b.n	10003760 <_vsnprintf+0x2cc>
10003648:	d91b      	bls.n	10003682 <_vsnprintf+0x1ee>
1000364a:	2863      	cmp	r0, #99	@ 0x63
1000364c:	d131      	bne.n	100036b2 <_vsnprintf+0x21e>
1000364e:	2302      	movs	r3, #2
10003650:	001a      	movs	r2, r3
10003652:	403a      	ands	r2, r7
10003654:	4691      	mov	r9, r2
10003656:	423b      	tst	r3, r7
10003658:	d100      	bne.n	1000365c <_vsnprintf+0x1c8>
1000365a:	e1b0      	b.n	100039be <_vsnprintf+0x52a>
1000365c:	2401      	movs	r4, #1
1000365e:	9b1c      	ldr	r3, [sp, #112]	@ 0x70
10003660:	1d1a      	adds	r2, r3, #4
10003662:	921c      	str	r2, [sp, #112]	@ 0x70
10003664:	1c6f      	adds	r7, r5, #1
10003666:	7818      	ldrb	r0, [r3, #0]
10003668:	4643      	mov	r3, r8
1000366a:	002a      	movs	r2, r5
1000366c:	4651      	mov	r1, sl
1000366e:	47b0      	blx	r6
10003670:	464b      	mov	r3, r9
10003672:	2b00      	cmp	r3, #0
10003674:	d000      	beq.n	10003678 <_vsnprintf+0x1e4>
10003676:	e1a6      	b.n	100039c6 <_vsnprintf+0x532>
10003678:	9b11      	ldr	r3, [sp, #68]	@ 0x44
1000367a:	3301      	adds	r3, #1
1000367c:	9311      	str	r3, [sp, #68]	@ 0x44
1000367e:	003d      	movs	r5, r7
10003680:	e718      	b.n	100034b4 <_vsnprintf+0x20>
10003682:	2825      	cmp	r0, #37	@ 0x25
10003684:	d109      	bne.n	1000369a <_vsnprintf+0x206>
10003686:	1c6c      	adds	r4, r5, #1
10003688:	4643      	mov	r3, r8
1000368a:	002a      	movs	r2, r5
1000368c:	4651      	mov	r1, sl
1000368e:	47b0      	blx	r6
10003690:	9b11      	ldr	r3, [sp, #68]	@ 0x44
10003692:	3301      	adds	r3, #1
10003694:	9311      	str	r3, [sp, #68]	@ 0x44
10003696:	0025      	movs	r5, r4
10003698:	e70c      	b.n	100034b4 <_vsnprintf+0x20>
1000369a:	2845      	cmp	r0, #69	@ 0x45
1000369c:	d011      	beq.n	100036c2 <_vsnprintf+0x22e>
1000369e:	1c6c      	adds	r4, r5, #1
100036a0:	4643      	mov	r3, r8
100036a2:	002a      	movs	r2, r5
100036a4:	4651      	mov	r1, sl
100036a6:	47b0      	blx	r6
100036a8:	9b11      	ldr	r3, [sp, #68]	@ 0x44
100036aa:	3301      	adds	r3, #1
100036ac:	9311      	str	r3, [sp, #68]	@ 0x44
100036ae:	0025      	movs	r5, r4
100036b0:	e700      	b.n	100034b4 <_vsnprintf+0x20>
100036b2:	2863      	cmp	r0, #99	@ 0x63
100036b4:	d82b      	bhi.n	1000370e <_vsnprintf+0x27a>
100036b6:	2858      	cmp	r0, #88	@ 0x58
100036b8:	d02b      	beq.n	10003712 <_vsnprintf+0x27e>
100036ba:	2862      	cmp	r0, #98	@ 0x62
100036bc:	d029      	beq.n	10003712 <_vsnprintf+0x27e>
100036be:	2847      	cmp	r0, #71	@ 0x47
100036c0:	d1ed      	bne.n	1000369e <_vsnprintf+0x20a>
100036c2:	2867      	cmp	r0, #103	@ 0x67
100036c4:	d001      	beq.n	100036ca <_vsnprintf+0x236>
100036c6:	2847      	cmp	r0, #71	@ 0x47
100036c8:	d102      	bne.n	100036d0 <_vsnprintf+0x23c>
100036ca:	2380      	movs	r3, #128	@ 0x80
100036cc:	011b      	lsls	r3, r3, #4
100036ce:	431f      	orrs	r7, r3
100036d0:	2845      	cmp	r0, #69	@ 0x45
100036d2:	d001      	beq.n	100036d8 <_vsnprintf+0x244>
100036d4:	2847      	cmp	r0, #71	@ 0x47
100036d6:	d101      	bne.n	100036dc <_vsnprintf+0x248>
100036d8:	2320      	movs	r3, #32
100036da:	431f      	orrs	r7, r3
100036dc:	9b1c      	ldr	r3, [sp, #112]	@ 0x70
100036de:	3307      	adds	r3, #7
100036e0:	2207      	movs	r2, #7
100036e2:	4393      	bics	r3, r2
100036e4:	001a      	movs	r2, r3
100036e6:	3208      	adds	r2, #8
100036e8:	921c      	str	r2, [sp, #112]	@ 0x70
100036ea:	9704      	str	r7, [sp, #16]
100036ec:	9a0b      	ldr	r2, [sp, #44]	@ 0x2c
100036ee:	9203      	str	r2, [sp, #12]
100036f0:	9402      	str	r4, [sp, #8]
100036f2:	cb0c      	ldmia	r3, {r2, r3}
100036f4:	9200      	str	r2, [sp, #0]
100036f6:	9301      	str	r3, [sp, #4]
100036f8:	4643      	mov	r3, r8
100036fa:	002a      	movs	r2, r5
100036fc:	4651      	mov	r1, sl
100036fe:	0030      	movs	r0, r6
10003700:	f7ff fb04 	bl	10002d0c <_etoa>
10003704:	0005      	movs	r5, r0
10003706:	9b11      	ldr	r3, [sp, #68]	@ 0x44
10003708:	3301      	adds	r3, #1
1000370a:	9311      	str	r3, [sp, #68]	@ 0x44
1000370c:	e6d2      	b.n	100034b4 <_vsnprintf+0x20>
1000370e:	2864      	cmp	r0, #100	@ 0x64
10003710:	d1c5      	bne.n	1000369e <_vsnprintf+0x20a>
10003712:	2878      	cmp	r0, #120	@ 0x78
10003714:	d04d      	beq.n	100037b2 <_vsnprintf+0x31e>
10003716:	2858      	cmp	r0, #88	@ 0x58
10003718:	d100      	bne.n	1000371c <_vsnprintf+0x288>
1000371a:	e07c      	b.n	10003816 <_vsnprintf+0x382>
1000371c:	286f      	cmp	r0, #111	@ 0x6f
1000371e:	d100      	bne.n	10003722 <_vsnprintf+0x28e>
10003720:	e07c      	b.n	1000381c <_vsnprintf+0x388>
10003722:	2862      	cmp	r0, #98	@ 0x62
10003724:	d100      	bne.n	10003728 <_vsnprintf+0x294>
10003726:	e07c      	b.n	10003822 <_vsnprintf+0x38e>
10003728:	2310      	movs	r3, #16
1000372a:	439f      	bics	r7, r3
1000372c:	3b06      	subs	r3, #6
1000372e:	469c      	mov	ip, r3
10003730:	e041      	b.n	100037b6 <_vsnprintf+0x322>
10003732:	2870      	cmp	r0, #112	@ 0x70
10003734:	d100      	bne.n	10003738 <_vsnprintf+0x2a4>
10003736:	e1bc      	b.n	10003ab2 <_vsnprintf+0x61e>
10003738:	d90d      	bls.n	10003756 <_vsnprintf+0x2c2>
1000373a:	2873      	cmp	r0, #115	@ 0x73
1000373c:	d131      	bne.n	100037a2 <_vsnprintf+0x30e>
1000373e:	9b1c      	ldr	r3, [sp, #112]	@ 0x70
10003740:	1d1a      	adds	r2, r3, #4
10003742:	921c      	str	r2, [sp, #112]	@ 0x70
10003744:	681b      	ldr	r3, [r3, #0]
10003746:	469b      	mov	fp, r3
10003748:	2c00      	cmp	r4, #0
1000374a:	d000      	beq.n	1000374e <_vsnprintf+0x2ba>
1000374c:	e16e      	b.n	10003a2c <_vsnprintf+0x598>
1000374e:	2201      	movs	r2, #1
10003750:	4252      	negs	r2, r2
10003752:	465b      	mov	r3, fp
10003754:	e14a      	b.n	100039ec <_vsnprintf+0x558>
10003756:	2867      	cmp	r0, #103	@ 0x67
10003758:	d0b3      	beq.n	100036c2 <_vsnprintf+0x22e>
1000375a:	d81d      	bhi.n	10003798 <_vsnprintf+0x304>
1000375c:	2866      	cmp	r0, #102	@ 0x66
1000375e:	d19e      	bne.n	1000369e <_vsnprintf+0x20a>
10003760:	2846      	cmp	r0, #70	@ 0x46
10003762:	d100      	bne.n	10003766 <_vsnprintf+0x2d2>
10003764:	e11c      	b.n	100039a0 <_vsnprintf+0x50c>
10003766:	9b1c      	ldr	r3, [sp, #112]	@ 0x70
10003768:	3307      	adds	r3, #7
1000376a:	2207      	movs	r2, #7
1000376c:	4393      	bics	r3, r2
1000376e:	001a      	movs	r2, r3
10003770:	3208      	adds	r2, #8
10003772:	921c      	str	r2, [sp, #112]	@ 0x70
10003774:	9704      	str	r7, [sp, #16]
10003776:	9a0b      	ldr	r2, [sp, #44]	@ 0x2c
10003778:	9203      	str	r2, [sp, #12]
1000377a:	9402      	str	r4, [sp, #8]
1000377c:	cb0c      	ldmia	r3, {r2, r3}
1000377e:	9200      	str	r2, [sp, #0]
10003780:	9301      	str	r3, [sp, #4]
10003782:	4643      	mov	r3, r8
10003784:	002a      	movs	r2, r5
10003786:	4651      	mov	r1, sl
10003788:	0030      	movs	r0, r6
1000378a:	f7ff fce3 	bl	10003154 <_ftoa>
1000378e:	0005      	movs	r5, r0
10003790:	9b11      	ldr	r3, [sp, #68]	@ 0x44
10003792:	3301      	adds	r3, #1
10003794:	9311      	str	r3, [sp, #68]	@ 0x44
10003796:	e68d      	b.n	100034b4 <_vsnprintf+0x20>
10003798:	2869      	cmp	r0, #105	@ 0x69
1000379a:	d0ba      	beq.n	10003712 <_vsnprintf+0x27e>
1000379c:	286f      	cmp	r0, #111	@ 0x6f
1000379e:	d0b8      	beq.n	10003712 <_vsnprintf+0x27e>
100037a0:	e77d      	b.n	1000369e <_vsnprintf+0x20a>
100037a2:	2873      	cmp	r0, #115	@ 0x73
100037a4:	d200      	bcs.n	100037a8 <_vsnprintf+0x314>
100037a6:	e77a      	b.n	1000369e <_vsnprintf+0x20a>
100037a8:	2875      	cmp	r0, #117	@ 0x75
100037aa:	d0b2      	beq.n	10003712 <_vsnprintf+0x27e>
100037ac:	2878      	cmp	r0, #120	@ 0x78
100037ae:	d0b0      	beq.n	10003712 <_vsnprintf+0x27e>
100037b0:	e775      	b.n	1000369e <_vsnprintf+0x20a>
100037b2:	2310      	movs	r3, #16
100037b4:	469c      	mov	ip, r3
100037b6:	2858      	cmp	r0, #88	@ 0x58
100037b8:	d036      	beq.n	10003828 <_vsnprintf+0x394>
100037ba:	2869      	cmp	r0, #105	@ 0x69
100037bc:	d003      	beq.n	100037c6 <_vsnprintf+0x332>
100037be:	2864      	cmp	r0, #100	@ 0x64
100037c0:	d001      	beq.n	100037c6 <_vsnprintf+0x332>
100037c2:	220c      	movs	r2, #12
100037c4:	4397      	bics	r7, r2
100037c6:	057a      	lsls	r2, r7, #21
100037c8:	d501      	bpl.n	100037ce <_vsnprintf+0x33a>
100037ca:	2201      	movs	r2, #1
100037cc:	4397      	bics	r7, r2
100037ce:	2869      	cmp	r0, #105	@ 0x69
100037d0:	d02d      	beq.n	1000382e <_vsnprintf+0x39a>
100037d2:	2864      	cmp	r0, #100	@ 0x64
100037d4:	d02b      	beq.n	1000382e <_vsnprintf+0x39a>
100037d6:	05ba      	lsls	r2, r7, #22
100037d8:	d500      	bpl.n	100037dc <_vsnprintf+0x348>
100037da:	e0a3      	b.n	10003924 <_vsnprintf+0x490>
100037dc:	05fa      	lsls	r2, r7, #23
100037de:	d500      	bpl.n	100037e2 <_vsnprintf+0x34e>
100037e0:	e0bb      	b.n	1000395a <_vsnprintf+0x4c6>
100037e2:	067a      	lsls	r2, r7, #25
100037e4:	d400      	bmi.n	100037e8 <_vsnprintf+0x354>
100037e6:	e0cd      	b.n	10003984 <_vsnprintf+0x4f0>
100037e8:	9a1c      	ldr	r2, [sp, #112]	@ 0x70
100037ea:	1d11      	adds	r1, r2, #4
100037ec:	911c      	str	r1, [sp, #112]	@ 0x70
100037ee:	6811      	ldr	r1, [r2, #0]
100037f0:	22ff      	movs	r2, #255	@ 0xff
100037f2:	400a      	ands	r2, r1
100037f4:	9705      	str	r7, [sp, #20]
100037f6:	9b0b      	ldr	r3, [sp, #44]	@ 0x2c
100037f8:	9304      	str	r3, [sp, #16]
100037fa:	9403      	str	r4, [sp, #12]
100037fc:	4663      	mov	r3, ip
100037fe:	9302      	str	r3, [sp, #8]
10003800:	2300      	movs	r3, #0
10003802:	9301      	str	r3, [sp, #4]
10003804:	9200      	str	r2, [sp, #0]
10003806:	4643      	mov	r3, r8
10003808:	002a      	movs	r2, r5
1000380a:	4651      	mov	r1, sl
1000380c:	0030      	movs	r0, r6
1000380e:	f7ff f9a5 	bl	10002b5c <_ntoa_long>
10003812:	0005      	movs	r5, r0
10003814:	e02a      	b.n	1000386c <_vsnprintf+0x3d8>
10003816:	2310      	movs	r3, #16
10003818:	469c      	mov	ip, r3
1000381a:	e7cc      	b.n	100037b6 <_vsnprintf+0x322>
1000381c:	2308      	movs	r3, #8
1000381e:	469c      	mov	ip, r3
10003820:	e7c9      	b.n	100037b6 <_vsnprintf+0x322>
10003822:	2302      	movs	r3, #2
10003824:	469c      	mov	ip, r3
10003826:	e7c6      	b.n	100037b6 <_vsnprintf+0x322>
10003828:	2220      	movs	r2, #32
1000382a:	4317      	orrs	r7, r2
1000382c:	e7c5      	b.n	100037ba <_vsnprintf+0x326>
1000382e:	05ba      	lsls	r2, r7, #22
10003830:	d420      	bmi.n	10003874 <_vsnprintf+0x3e0>
10003832:	05fa      	lsls	r2, r7, #23
10003834:	d451      	bmi.n	100038da <_vsnprintf+0x446>
10003836:	067a      	lsls	r2, r7, #25
10003838:	d567      	bpl.n	1000390a <_vsnprintf+0x476>
1000383a:	9a1c      	ldr	r2, [sp, #112]	@ 0x70
1000383c:	1d11      	adds	r1, r2, #4
1000383e:	911c      	str	r1, [sp, #112]	@ 0x70
10003840:	6811      	ldr	r1, [r2, #0]
10003842:	22ff      	movs	r2, #255	@ 0xff
10003844:	400a      	ands	r2, r1
10003846:	17d0      	asrs	r0, r2, #31
10003848:	1811      	adds	r1, r2, r0
1000384a:	4041      	eors	r1, r0
1000384c:	9705      	str	r7, [sp, #20]
1000384e:	9b0b      	ldr	r3, [sp, #44]	@ 0x2c
10003850:	9304      	str	r3, [sp, #16]
10003852:	9403      	str	r4, [sp, #12]
10003854:	4663      	mov	r3, ip
10003856:	9302      	str	r3, [sp, #8]
10003858:	0fd2      	lsrs	r2, r2, #31
1000385a:	9201      	str	r2, [sp, #4]
1000385c:	9100      	str	r1, [sp, #0]
1000385e:	4643      	mov	r3, r8
10003860:	002a      	movs	r2, r5
10003862:	4651      	mov	r1, sl
10003864:	0030      	movs	r0, r6
10003866:	f7ff f979 	bl	10002b5c <_ntoa_long>
1000386a:	0005      	movs	r5, r0
1000386c:	9b11      	ldr	r3, [sp, #68]	@ 0x44
1000386e:	3301      	adds	r3, #1
10003870:	9311      	str	r3, [sp, #68]	@ 0x44
10003872:	e61f      	b.n	100034b4 <_vsnprintf+0x20>
10003874:	9a1c      	ldr	r2, [sp, #112]	@ 0x70
10003876:	3207      	adds	r2, #7
10003878:	2107      	movs	r1, #7
1000387a:	438a      	bics	r2, r1
1000387c:	0011      	movs	r1, r2
1000387e:	3108      	adds	r1, #8
10003880:	911c      	str	r1, [sp, #112]	@ 0x70
10003882:	6811      	ldr	r1, [r2, #0]
10003884:	6853      	ldr	r3, [r2, #4]
10003886:	4699      	mov	r9, r3
10003888:	17db      	asrs	r3, r3, #31
1000388a:	930c      	str	r3, [sp, #48]	@ 0x30
1000388c:	930d      	str	r3, [sp, #52]	@ 0x34
1000388e:	9a0c      	ldr	r2, [sp, #48]	@ 0x30
10003890:	9b0d      	ldr	r3, [sp, #52]	@ 0x34
10003892:	0010      	movs	r0, r2
10003894:	4048      	eors	r0, r1
10003896:	900e      	str	r0, [sp, #56]	@ 0x38
10003898:	9b0d      	ldr	r3, [sp, #52]	@ 0x34
1000389a:	4649      	mov	r1, r9
1000389c:	404b      	eors	r3, r1
1000389e:	930f      	str	r3, [sp, #60]	@ 0x3c
100038a0:	980e      	ldr	r0, [sp, #56]	@ 0x38
100038a2:	990f      	ldr	r1, [sp, #60]	@ 0x3c
100038a4:	9a0c      	ldr	r2, [sp, #48]	@ 0x30
100038a6:	9b0d      	ldr	r3, [sp, #52]	@ 0x34
100038a8:	1a80      	subs	r0, r0, r2
100038aa:	4199      	sbcs	r1, r3
100038ac:	900e      	str	r0, [sp, #56]	@ 0x38
100038ae:	910f      	str	r1, [sp, #60]	@ 0x3c
100038b0:	9708      	str	r7, [sp, #32]
100038b2:	9b0b      	ldr	r3, [sp, #44]	@ 0x2c
100038b4:	9307      	str	r3, [sp, #28]
100038b6:	9406      	str	r4, [sp, #24]
100038b8:	4663      	mov	r3, ip
100038ba:	9304      	str	r3, [sp, #16]
100038bc:	2300      	movs	r3, #0
100038be:	9305      	str	r3, [sp, #20]
100038c0:	464b      	mov	r3, r9
100038c2:	0fda      	lsrs	r2, r3, #31
100038c4:	9202      	str	r2, [sp, #8]
100038c6:	9000      	str	r0, [sp, #0]
100038c8:	9101      	str	r1, [sp, #4]
100038ca:	4643      	mov	r3, r8
100038cc:	002a      	movs	r2, r5
100038ce:	4651      	mov	r1, sl
100038d0:	0030      	movs	r0, r6
100038d2:	f7ff f99f 	bl	10002c14 <_ntoa_long_long>
100038d6:	0005      	movs	r5, r0
100038d8:	e7c8      	b.n	1000386c <_vsnprintf+0x3d8>
100038da:	9a1c      	ldr	r2, [sp, #112]	@ 0x70
100038dc:	1d11      	adds	r1, r2, #4
100038de:	911c      	str	r1, [sp, #112]	@ 0x70
100038e0:	6812      	ldr	r2, [r2, #0]
100038e2:	17d0      	asrs	r0, r2, #31
100038e4:	1811      	adds	r1, r2, r0
100038e6:	4041      	eors	r1, r0
100038e8:	9705      	str	r7, [sp, #20]
100038ea:	9b0b      	ldr	r3, [sp, #44]	@ 0x2c
100038ec:	9304      	str	r3, [sp, #16]
100038ee:	9403      	str	r4, [sp, #12]
100038f0:	4663      	mov	r3, ip
100038f2:	9302      	str	r3, [sp, #8]
100038f4:	0fd2      	lsrs	r2, r2, #31
100038f6:	9201      	str	r2, [sp, #4]
100038f8:	9100      	str	r1, [sp, #0]
100038fa:	4643      	mov	r3, r8
100038fc:	002a      	movs	r2, r5
100038fe:	4651      	mov	r1, sl
10003900:	0030      	movs	r0, r6
10003902:	f7ff f92b 	bl	10002b5c <_ntoa_long>
10003906:	0005      	movs	r5, r0
10003908:	e7b0      	b.n	1000386c <_vsnprintf+0x3d8>
1000390a:	063a      	lsls	r2, r7, #24
1000390c:	d505      	bpl.n	1000391a <_vsnprintf+0x486>
1000390e:	9a1c      	ldr	r2, [sp, #112]	@ 0x70
10003910:	1d11      	adds	r1, r2, #4
10003912:	911c      	str	r1, [sp, #112]	@ 0x70
10003914:	2300      	movs	r3, #0
10003916:	5ed2      	ldrsh	r2, [r2, r3]
10003918:	e795      	b.n	10003846 <_vsnprintf+0x3b2>
1000391a:	9a1c      	ldr	r2, [sp, #112]	@ 0x70
1000391c:	1d11      	adds	r1, r2, #4
1000391e:	911c      	str	r1, [sp, #112]	@ 0x70
10003920:	6812      	ldr	r2, [r2, #0]
10003922:	e790      	b.n	10003846 <_vsnprintf+0x3b2>
10003924:	9a1c      	ldr	r2, [sp, #112]	@ 0x70
10003926:	3207      	adds	r2, #7
10003928:	2107      	movs	r1, #7
1000392a:	438a      	bics	r2, r1
1000392c:	0011      	movs	r1, r2
1000392e:	3108      	adds	r1, #8
10003930:	911c      	str	r1, [sp, #112]	@ 0x70
10003932:	9708      	str	r7, [sp, #32]
10003934:	9b0b      	ldr	r3, [sp, #44]	@ 0x2c
10003936:	9307      	str	r3, [sp, #28]
10003938:	9406      	str	r4, [sp, #24]
1000393a:	4663      	mov	r3, ip
1000393c:	9304      	str	r3, [sp, #16]
1000393e:	2300      	movs	r3, #0
10003940:	9305      	str	r3, [sp, #20]
10003942:	9302      	str	r3, [sp, #8]
10003944:	ca0c      	ldmia	r2, {r2, r3}
10003946:	9200      	str	r2, [sp, #0]
10003948:	9301      	str	r3, [sp, #4]
1000394a:	4643      	mov	r3, r8
1000394c:	002a      	movs	r2, r5
1000394e:	4651      	mov	r1, sl
10003950:	0030      	movs	r0, r6
10003952:	f7ff f95f 	bl	10002c14 <_ntoa_long_long>
10003956:	0005      	movs	r5, r0
10003958:	e788      	b.n	1000386c <_vsnprintf+0x3d8>
1000395a:	9a1c      	ldr	r2, [sp, #112]	@ 0x70
1000395c:	1d11      	adds	r1, r2, #4
1000395e:	911c      	str	r1, [sp, #112]	@ 0x70
10003960:	9705      	str	r7, [sp, #20]
10003962:	9b0b      	ldr	r3, [sp, #44]	@ 0x2c
10003964:	9304      	str	r3, [sp, #16]
10003966:	9403      	str	r4, [sp, #12]
10003968:	4663      	mov	r3, ip
1000396a:	9302      	str	r3, [sp, #8]
1000396c:	2300      	movs	r3, #0
1000396e:	9301      	str	r3, [sp, #4]
10003970:	6813      	ldr	r3, [r2, #0]
10003972:	9300      	str	r3, [sp, #0]
10003974:	4643      	mov	r3, r8
10003976:	002a      	movs	r2, r5
10003978:	4651      	mov	r1, sl
1000397a:	0030      	movs	r0, r6
1000397c:	f7ff f8ee 	bl	10002b5c <_ntoa_long>
10003980:	0005      	movs	r5, r0
10003982:	e773      	b.n	1000386c <_vsnprintf+0x3d8>
10003984:	063a      	lsls	r2, r7, #24
10003986:	d506      	bpl.n	10003996 <_vsnprintf+0x502>
10003988:	9a1c      	ldr	r2, [sp, #112]	@ 0x70
1000398a:	1d11      	adds	r1, r2, #4
1000398c:	911c      	str	r1, [sp, #112]	@ 0x70
1000398e:	6812      	ldr	r2, [r2, #0]
10003990:	0412      	lsls	r2, r2, #16
10003992:	0c12      	lsrs	r2, r2, #16
10003994:	e72e      	b.n	100037f4 <_vsnprintf+0x360>
10003996:	9a1c      	ldr	r2, [sp, #112]	@ 0x70
10003998:	1d11      	adds	r1, r2, #4
1000399a:	911c      	str	r1, [sp, #112]	@ 0x70
1000399c:	6812      	ldr	r2, [r2, #0]
1000399e:	e729      	b.n	100037f4 <_vsnprintf+0x360>
100039a0:	2320      	movs	r3, #32
100039a2:	431f      	orrs	r7, r3
100039a4:	e6df      	b.n	10003766 <_vsnprintf+0x2d2>
100039a6:	1c57      	adds	r7, r2, #1
100039a8:	4643      	mov	r3, r8
100039aa:	4651      	mov	r1, sl
100039ac:	2020      	movs	r0, #32
100039ae:	47b0      	blx	r6
100039b0:	0023      	movs	r3, r4
100039b2:	003a      	movs	r2, r7
100039b4:	1c5c      	adds	r4, r3, #1
100039b6:	429d      	cmp	r5, r3
100039b8:	d8f5      	bhi.n	100039a6 <_vsnprintf+0x512>
100039ba:	0015      	movs	r5, r2
100039bc:	e64f      	b.n	1000365e <_vsnprintf+0x1ca>
100039be:	2301      	movs	r3, #1
100039c0:	002a      	movs	r2, r5
100039c2:	9d0b      	ldr	r5, [sp, #44]	@ 0x2c
100039c4:	e7f6      	b.n	100039b4 <_vsnprintf+0x520>
100039c6:	003a      	movs	r2, r7
100039c8:	46b1      	mov	r9, r6
100039ca:	9e0b      	ldr	r6, [sp, #44]	@ 0x2c
100039cc:	e006      	b.n	100039dc <_vsnprintf+0x548>
100039ce:	1c57      	adds	r7, r2, #1
100039d0:	4643      	mov	r3, r8
100039d2:	4651      	mov	r1, sl
100039d4:	2020      	movs	r0, #32
100039d6:	47c8      	blx	r9
100039d8:	002c      	movs	r4, r5
100039da:	003a      	movs	r2, r7
100039dc:	1c65      	adds	r5, r4, #1
100039de:	42a6      	cmp	r6, r4
100039e0:	d8f5      	bhi.n	100039ce <_vsnprintf+0x53a>
100039e2:	0017      	movs	r7, r2
100039e4:	464e      	mov	r6, r9
100039e6:	e647      	b.n	10003678 <_vsnprintf+0x1e4>
100039e8:	3301      	adds	r3, #1
100039ea:	000a      	movs	r2, r1
100039ec:	7819      	ldrb	r1, [r3, #0]
100039ee:	2900      	cmp	r1, #0
100039f0:	d002      	beq.n	100039f8 <_vsnprintf+0x564>
100039f2:	1e51      	subs	r1, r2, #1
100039f4:	2a00      	cmp	r2, #0
100039f6:	d1f7      	bne.n	100039e8 <_vsnprintf+0x554>
100039f8:	465a      	mov	r2, fp
100039fa:	1a9b      	subs	r3, r3, r2
100039fc:	2280      	movs	r2, #128	@ 0x80
100039fe:	00d2      	lsls	r2, r2, #3
10003a00:	0039      	movs	r1, r7
10003a02:	4011      	ands	r1, r2
10003a04:	4689      	mov	r9, r1
10003a06:	4217      	tst	r7, r2
10003a08:	d002      	beq.n	10003a10 <_vsnprintf+0x57c>
10003a0a:	42a3      	cmp	r3, r4
10003a0c:	d900      	bls.n	10003a10 <_vsnprintf+0x57c>
10003a0e:	0023      	movs	r3, r4
10003a10:	2202      	movs	r2, #2
10003a12:	0011      	movs	r1, r2
10003a14:	4039      	ands	r1, r7
10003a16:	9110      	str	r1, [sp, #64]	@ 0x40
10003a18:	423a      	tst	r2, r7
10003a1a:	d009      	beq.n	10003a30 <_vsnprintf+0x59c>
10003a1c:	002a      	movs	r2, r5
10003a1e:	0025      	movs	r5, r4
10003a20:	465f      	mov	r7, fp
10003a22:	469b      	mov	fp, r3
10003a24:	0033      	movs	r3, r6
10003a26:	464e      	mov	r6, r9
10003a28:	4699      	mov	r9, r3
10003a2a:	e021      	b.n	10003a70 <_vsnprintf+0x5dc>
10003a2c:	0022      	movs	r2, r4
10003a2e:	e690      	b.n	10003752 <_vsnprintf+0x2be>
10003a30:	002a      	movs	r2, r5
10003a32:	4655      	mov	r5, sl
10003a34:	46a2      	mov	sl, r4
10003a36:	e006      	b.n	10003a46 <_vsnprintf+0x5b2>
10003a38:	1c54      	adds	r4, r2, #1
10003a3a:	4643      	mov	r3, r8
10003a3c:	0029      	movs	r1, r5
10003a3e:	2020      	movs	r0, #32
10003a40:	47b0      	blx	r6
10003a42:	003b      	movs	r3, r7
10003a44:	0022      	movs	r2, r4
10003a46:	1c5f      	adds	r7, r3, #1
10003a48:	990b      	ldr	r1, [sp, #44]	@ 0x2c
10003a4a:	4299      	cmp	r1, r3
10003a4c:	d8f4      	bhi.n	10003a38 <_vsnprintf+0x5a4>
10003a4e:	4654      	mov	r4, sl
10003a50:	46aa      	mov	sl, r5
10003a52:	003b      	movs	r3, r7
10003a54:	0025      	movs	r5, r4
10003a56:	465f      	mov	r7, fp
10003a58:	469b      	mov	fp, r3
10003a5a:	0033      	movs	r3, r6
10003a5c:	464e      	mov	r6, r9
10003a5e:	4699      	mov	r9, r3
10003a60:	e006      	b.n	10003a70 <_vsnprintf+0x5dc>
10003a62:	001d      	movs	r5, r3
10003a64:	3701      	adds	r7, #1
10003a66:	1c54      	adds	r4, r2, #1
10003a68:	4643      	mov	r3, r8
10003a6a:	4651      	mov	r1, sl
10003a6c:	47c8      	blx	r9
10003a6e:	0022      	movs	r2, r4
10003a70:	7838      	ldrb	r0, [r7, #0]
10003a72:	2800      	cmp	r0, #0
10003a74:	d004      	beq.n	10003a80 <_vsnprintf+0x5ec>
10003a76:	2e00      	cmp	r6, #0
10003a78:	d0f4      	beq.n	10003a64 <_vsnprintf+0x5d0>
10003a7a:	1e6b      	subs	r3, r5, #1
10003a7c:	2d00      	cmp	r5, #0
10003a7e:	d1f0      	bne.n	10003a62 <_vsnprintf+0x5ce>
10003a80:	0015      	movs	r5, r2
10003a82:	465b      	mov	r3, fp
10003a84:	464e      	mov	r6, r9
10003a86:	9a10      	ldr	r2, [sp, #64]	@ 0x40
10003a88:	2a00      	cmp	r2, #0
10003a8a:	d103      	bne.n	10003a94 <_vsnprintf+0x600>
10003a8c:	9b11      	ldr	r3, [sp, #68]	@ 0x44
10003a8e:	3301      	adds	r3, #1
10003a90:	9311      	str	r3, [sp, #68]	@ 0x44
10003a92:	e50f      	b.n	100034b4 <_vsnprintf+0x20>
10003a94:	002a      	movs	r2, r5
10003a96:	9f0b      	ldr	r7, [sp, #44]	@ 0x2c
10003a98:	e006      	b.n	10003aa8 <_vsnprintf+0x614>
10003a9a:	1c55      	adds	r5, r2, #1
10003a9c:	4643      	mov	r3, r8
10003a9e:	4651      	mov	r1, sl
10003aa0:	2020      	movs	r0, #32
10003aa2:	47b0      	blx	r6
10003aa4:	0023      	movs	r3, r4
10003aa6:	002a      	movs	r2, r5
10003aa8:	1c5c      	adds	r4, r3, #1
10003aaa:	429f      	cmp	r7, r3
10003aac:	d8f5      	bhi.n	10003a9a <_vsnprintf+0x606>
10003aae:	0015      	movs	r5, r2
10003ab0:	e7ec      	b.n	10003a8c <_vsnprintf+0x5f8>
10003ab2:	2321      	movs	r3, #33	@ 0x21
10003ab4:	433b      	orrs	r3, r7
10003ab6:	9a1c      	ldr	r2, [sp, #112]	@ 0x70
10003ab8:	1d11      	adds	r1, r2, #4
10003aba:	911c      	str	r1, [sp, #112]	@ 0x70
10003abc:	6812      	ldr	r2, [r2, #0]
10003abe:	9305      	str	r3, [sp, #20]
10003ac0:	2308      	movs	r3, #8
10003ac2:	9304      	str	r3, [sp, #16]
10003ac4:	9403      	str	r4, [sp, #12]
10003ac6:	3308      	adds	r3, #8
10003ac8:	9302      	str	r3, [sp, #8]
10003aca:	2300      	movs	r3, #0
10003acc:	9301      	str	r3, [sp, #4]
10003ace:	9200      	str	r2, [sp, #0]
10003ad0:	4643      	mov	r3, r8
10003ad2:	002a      	movs	r2, r5
10003ad4:	4651      	mov	r1, sl
10003ad6:	0030      	movs	r0, r6
10003ad8:	f7ff f840 	bl	10002b5c <_ntoa_long>
10003adc:	0005      	movs	r5, r0
10003ade:	9b11      	ldr	r3, [sp, #68]	@ 0x44
10003ae0:	3301      	adds	r3, #1
10003ae2:	9311      	str	r3, [sp, #68]	@ 0x44
10003ae4:	e4e6      	b.n	100034b4 <_vsnprintf+0x20>
10003ae6:	4b0b      	ldr	r3, [pc, #44]	@ (10003b14 <_vsnprintf+0x680>)
10003ae8:	469b      	mov	fp, r3
10003aea:	e4e1      	b.n	100034b0 <_vsnprintf+0x1c>
10003aec:	46b3      	mov	fp, r6
10003aee:	4545      	cmp	r5, r8
10003af0:	d30d      	bcc.n	10003b0e <_vsnprintf+0x67a>
10003af2:	4643      	mov	r3, r8
10003af4:	1e5a      	subs	r2, r3, #1
10003af6:	4643      	mov	r3, r8
10003af8:	4651      	mov	r1, sl
10003afa:	2000      	movs	r0, #0
10003afc:	47d8      	blx	fp
10003afe:	0028      	movs	r0, r5
10003b00:	b013      	add	sp, #76	@ 0x4c
10003b02:	bcf0      	pop	{r4, r5, r6, r7}
10003b04:	46bb      	mov	fp, r7
10003b06:	46b2      	mov	sl, r6
10003b08:	46a9      	mov	r9, r5
10003b0a:	46a0      	mov	r8, r4
10003b0c:	bdf0      	pop	{r4, r5, r6, r7, pc}
10003b0e:	002a      	movs	r2, r5
10003b10:	e7f1      	b.n	10003af6 <_vsnprintf+0x662>
10003b12:	46c0      	nop			@ (mov r8, r8)
10003b14:	10002959 	.word	0x10002959

10003b18 <vfctprintf>:
10003b18:	b500      	push	{lr}
10003b1a:	b085      	sub	sp, #20
10003b1c:	468c      	mov	ip, r1
10003b1e:	a902      	add	r1, sp, #8
10003b20:	9002      	str	r0, [sp, #8]
10003b22:	4660      	mov	r0, ip
10003b24:	6048      	str	r0, [r1, #4]
10003b26:	2001      	movs	r0, #1
10003b28:	4684      	mov	ip, r0
10003b2a:	4804      	ldr	r0, [pc, #16]	@ (10003b3c <vfctprintf+0x24>)
10003b2c:	9300      	str	r3, [sp, #0]
10003b2e:	0013      	movs	r3, r2
10003b30:	4662      	mov	r2, ip
10003b32:	4252      	negs	r2, r2
10003b34:	f7ff fcae 	bl	10003494 <_vsnprintf>
10003b38:	b005      	add	sp, #20
10003b3a:	bd00      	pop	{pc}
10003b3c:	1000295b 	.word	0x1000295b

10003b40 <_exit>:
10003b40:	be00      	bkpt	0x0000
10003b42:	e7fd      	b.n	10003b40 <_exit>

10003b44 <_fini>:
10003b44:	4770      	bx	lr

10003b46 <exit>:
10003b46:	b510      	push	{r4, lr}
10003b48:	f7ff fffa 	bl	10003b40 <_exit>

10003b4c <__assert_func>:
10003b4c:	b510      	push	{r4, lr}
10003b4e:	b082      	sub	sp, #8
10003b50:	4684      	mov	ip, r0
10003b52:	000c      	movs	r4, r1
10003b54:	0019      	movs	r1, r3
10003b56:	2a00      	cmp	r2, #0
10003b58:	d00a      	beq.n	10003b70 <__assert_func+0x24>
10003b5a:	4b07      	ldr	r3, [pc, #28]	@ (10003b78 <__assert_func+0x2c>)
10003b5c:	4807      	ldr	r0, [pc, #28]	@ (10003b7c <__assert_func+0x30>)
10003b5e:	9201      	str	r2, [sp, #4]
10003b60:	9300      	str	r3, [sp, #0]
10003b62:	0023      	movs	r3, r4
10003b64:	4662      	mov	r2, ip
10003b66:	f000 f95d 	bl	10003e24 <__wrap_printf>
10003b6a:	2001      	movs	r0, #1
10003b6c:	f7ff ffe8 	bl	10003b40 <_exit>
10003b70:	4b03      	ldr	r3, [pc, #12]	@ (10003b80 <__assert_func+0x34>)
10003b72:	001a      	movs	r2, r3
10003b74:	e7f2      	b.n	10003b5c <__assert_func+0x10>
10003b76:	46c0      	nop			@ (mov r8, r8)
10003b78:	10006f7c 	.word	0x10006f7c
10003b7c:	10006f8c 	.word	0x10006f8c
10003b80:	10006f88 	.word	0x10006f88

10003b84 <runtime_init>:
10003b84:	b510      	push	{r4, lr}
10003b86:	f3ef 8305 	mrs	r3, IPSR
10003b8a:	2b00      	cmp	r3, #0
10003b8c:	d000      	beq.n	10003b90 <runtime_init+0xc>
10003b8e:	be00      	bkpt	0x0000
10003b90:	f7fd fec8 	bl	10001924 <runtime_run_initializers>
10003b94:	4c03      	ldr	r4, [pc, #12]	@ (10003ba4 <runtime_init+0x20>)
10003b96:	e001      	b.n	10003b9c <runtime_init+0x18>
10003b98:	cc08      	ldmia	r4!, {r3}
10003b9a:	4798      	blx	r3
10003b9c:	4b02      	ldr	r3, [pc, #8]	@ (10003ba8 <runtime_init+0x24>)
10003b9e:	429c      	cmp	r4, r3
10003ba0:	d3fa      	bcc.n	10003b98 <runtime_init+0x14>
10003ba2:	bd10      	pop	{r4, pc}
10003ba4:	100067e4 	.word	0x100067e4
10003ba8:	100067e8 	.word	0x100067e8

10003bac <stdio_out_chars_no_crlf>:
10003bac:	b510      	push	{r4, lr}
10003bae:	0003      	movs	r3, r0
10003bb0:	0008      	movs	r0, r1
10003bb2:	0011      	movs	r1, r2
10003bb4:	681b      	ldr	r3, [r3, #0]
10003bb6:	4798      	blx	r3
10003bb8:	bd10      	pop	{r4, pc}
	...

10003bbc <stdio_out_chars_crlf>:
10003bbc:	b5f8      	push	{r3, r4, r5, r6, r7, lr}
10003bbe:	0007      	movs	r7, r0
10003bc0:	000d      	movs	r5, r1
10003bc2:	0016      	movs	r6, r2
10003bc4:	7d43      	ldrb	r3, [r0, #21]
10003bc6:	2b00      	cmp	r3, #0
10003bc8:	d002      	beq.n	10003bd0 <stdio_out_chars_crlf+0x14>
10003bca:	2400      	movs	r4, #0
10003bcc:	2000      	movs	r0, #0
10003bce:	e00c      	b.n	10003bea <stdio_out_chars_crlf+0x2e>
10003bd0:	6803      	ldr	r3, [r0, #0]
10003bd2:	0011      	movs	r1, r2
10003bd4:	0028      	movs	r0, r5
10003bd6:	4798      	blx	r3
10003bd8:	e02b      	b.n	10003c32 <stdio_out_chars_crlf+0x76>
10003bda:	7d3b      	ldrb	r3, [r7, #20]
10003bdc:	e00f      	b.n	10003bfe <stdio_out_chars_crlf+0x42>
10003bde:	683b      	ldr	r3, [r7, #0]
10003be0:	4814      	ldr	r0, [pc, #80]	@ (10003c34 <stdio_out_chars_crlf+0x78>)
10003be2:	2102      	movs	r1, #2
10003be4:	4798      	blx	r3
10003be6:	1c60      	adds	r0, r4, #1
10003be8:	3401      	adds	r4, #1
10003bea:	42b4      	cmp	r4, r6
10003bec:	da13      	bge.n	10003c16 <stdio_out_chars_crlf+0x5a>
10003bee:	2c00      	cmp	r4, #0
10003bf0:	ddf3      	ble.n	10003bda <stdio_out_chars_crlf+0x1e>
10003bf2:	1e63      	subs	r3, r4, #1
10003bf4:	5ceb      	ldrb	r3, [r5, r3]
10003bf6:	3b0d      	subs	r3, #13
10003bf8:	425a      	negs	r2, r3
10003bfa:	4153      	adcs	r3, r2
10003bfc:	b2db      	uxtb	r3, r3
10003bfe:	5d2a      	ldrb	r2, [r5, r4]
10003c00:	2a0a      	cmp	r2, #10
10003c02:	d1f1      	bne.n	10003be8 <stdio_out_chars_crlf+0x2c>
10003c04:	2b00      	cmp	r3, #0
10003c06:	d1ef      	bne.n	10003be8 <stdio_out_chars_crlf+0x2c>
10003c08:	42a0      	cmp	r0, r4
10003c0a:	dae8      	bge.n	10003bde <stdio_out_chars_crlf+0x22>
10003c0c:	683b      	ldr	r3, [r7, #0]
10003c0e:	1a21      	subs	r1, r4, r0
10003c10:	1828      	adds	r0, r5, r0
10003c12:	4798      	blx	r3
10003c14:	e7e3      	b.n	10003bde <stdio_out_chars_crlf+0x22>
10003c16:	42b0      	cmp	r0, r6
10003c18:	da03      	bge.n	10003c22 <stdio_out_chars_crlf+0x66>
10003c1a:	683b      	ldr	r3, [r7, #0]
10003c1c:	1a31      	subs	r1, r6, r0
10003c1e:	1828      	adds	r0, r5, r0
10003c20:	4798      	blx	r3
10003c22:	2e00      	cmp	r6, #0
10003c24:	dd05      	ble.n	10003c32 <stdio_out_chars_crlf+0x76>
10003c26:	3e01      	subs	r6, #1
10003c28:	5dab      	ldrb	r3, [r5, r6]
10003c2a:	3b0d      	subs	r3, #13
10003c2c:	425a      	negs	r2, r3
10003c2e:	4153      	adcs	r3, r2
10003c30:	753b      	strb	r3, [r7, #20]
10003c32:	bdf8      	pop	{r3, r4, r5, r6, r7, pc}
10003c34:	10007678 	.word	0x10007678

10003c38 <stdio_stack_buffer_flush>:
10003c38:	b570      	push	{r4, r5, r6, lr}
10003c3a:	0005      	movs	r5, r0
10003c3c:	6803      	ldr	r3, [r0, #0]
10003c3e:	2b00      	cmp	r3, #0
10003c40:	d016      	beq.n	10003c70 <stdio_stack_buffer_flush+0x38>
10003c42:	4b0c      	ldr	r3, [pc, #48]	@ (10003c74 <stdio_stack_buffer_flush+0x3c>)
10003c44:	681c      	ldr	r4, [r3, #0]
10003c46:	e005      	b.n	10003c54 <stdio_stack_buffer_flush+0x1c>
10003c48:	0029      	movs	r1, r5
10003c4a:	c904      	ldmia	r1!, {r2}
10003c4c:	0020      	movs	r0, r4
10003c4e:	f7ff ffb5 	bl	10003bbc <stdio_out_chars_crlf>
10003c52:	6924      	ldr	r4, [r4, #16]
10003c54:	2c00      	cmp	r4, #0
10003c56:	d009      	beq.n	10003c6c <stdio_stack_buffer_flush+0x34>
10003c58:	6823      	ldr	r3, [r4, #0]
10003c5a:	2b00      	cmp	r3, #0
10003c5c:	d0f9      	beq.n	10003c52 <stdio_stack_buffer_flush+0x1a>
10003c5e:	4b06      	ldr	r3, [pc, #24]	@ (10003c78 <stdio_stack_buffer_flush+0x40>)
10003c60:	681b      	ldr	r3, [r3, #0]
10003c62:	2b00      	cmp	r3, #0
10003c64:	d0f0      	beq.n	10003c48 <stdio_stack_buffer_flush+0x10>
10003c66:	42a3      	cmp	r3, r4
10003c68:	d1f3      	bne.n	10003c52 <stdio_stack_buffer_flush+0x1a>
10003c6a:	e7ed      	b.n	10003c48 <stdio_stack_buffer_flush+0x10>
10003c6c:	2300      	movs	r3, #0
10003c6e:	602b      	str	r3, [r5, #0]
10003c70:	bd70      	pop	{r4, r5, r6, pc}
10003c72:	46c0      	nop			@ (mov r8, r8)
10003c74:	20001274 	.word	0x20001274
10003c78:	2000127c 	.word	0x2000127c

10003c7c <stdio_buffered_printer>:
10003c7c:	b510      	push	{r4, lr}
10003c7e:	680b      	ldr	r3, [r1, #0]
10003c80:	1c5a      	adds	r2, r3, #1
10003c82:	600a      	str	r2, [r1, #0]
10003c84:	18cb      	adds	r3, r1, r3
10003c86:	7118      	strb	r0, [r3, #4]
10003c88:	2a80      	cmp	r2, #128	@ 0x80
10003c8a:	d000      	beq.n	10003c8e <stdio_buffered_printer+0x12>
10003c8c:	bd10      	pop	{r4, pc}
10003c8e:	0008      	movs	r0, r1
10003c90:	f7ff ffd2 	bl	10003c38 <stdio_stack_buffer_flush>
10003c94:	e7fa      	b.n	10003c8c <stdio_buffered_printer+0x10>
	...

10003c98 <stdout_serialize_begin>:
10003c98:	b510      	push	{r4, lr}
10003c9a:	f7fd fc47 	bl	1000152c <time_us_64>
10003c9e:	4a07      	ldr	r2, [pc, #28]	@ (10003cbc <stdout_serialize_begin+0x24>)
10003ca0:	2300      	movs	r3, #0
10003ca2:	1812      	adds	r2, r2, r0
10003ca4:	414b      	adcs	r3, r1
10003ca6:	2b00      	cmp	r3, #0
10003ca8:	db03      	blt.n	10003cb2 <stdout_serialize_begin+0x1a>
10003caa:	4805      	ldr	r0, [pc, #20]	@ (10003cc0 <stdout_serialize_begin+0x28>)
10003cac:	f002 fd4c 	bl	10006748 <__mutex_try_enter_block_until_veneer>
10003cb0:	bd10      	pop	{r4, pc}
10003cb2:	2201      	movs	r2, #1
10003cb4:	4252      	negs	r2, r2
10003cb6:	4b03      	ldr	r3, [pc, #12]	@ (10003cc4 <stdout_serialize_begin+0x2c>)
10003cb8:	e7f7      	b.n	10003caa <stdout_serialize_begin+0x12>
10003cba:	46c0      	nop			@ (mov r8, r8)
10003cbc:	000f4240 	.word	0x000f4240
10003cc0:	20000cb8 	.word	0x20000cb8
10003cc4:	7fffffff 	.word	0x7fffffff

10003cc8 <stdout_serialize_end>:
10003cc8:	b510      	push	{r4, lr}
10003cca:	4802      	ldr	r0, [pc, #8]	@ (10003cd4 <stdout_serialize_end+0xc>)
10003ccc:	f002 fd34 	bl	10006738 <__mutex_exit_veneer>
10003cd0:	bd10      	pop	{r4, pc}
10003cd2:	46c0      	nop			@ (mov r8, r8)
10003cd4:	20000cb8 	.word	0x20000cb8

10003cd8 <stdio_put_string>:
10003cd8:	b5f0      	push	{r4, r5, r6, r7, lr}
10003cda:	46ce      	mov	lr, r9
10003cdc:	4647      	mov	r7, r8
10003cde:	b580      	push	{r7, lr}
10003ce0:	b083      	sub	sp, #12
10003ce2:	4680      	mov	r8, r0
10003ce4:	000d      	movs	r5, r1
10003ce6:	0016      	movs	r6, r2
10003ce8:	001c      	movs	r4, r3
10003cea:	f7ff ffd5 	bl	10003c98 <stdout_serialize_begin>
10003cee:	4681      	mov	r9, r0
10003cf0:	1c6b      	adds	r3, r5, #1
10003cf2:	d005      	beq.n	10003d00 <stdio_put_string+0x28>
10003cf4:	2c00      	cmp	r4, #0
10003cf6:	d008      	beq.n	10003d0a <stdio_put_string+0x32>
10003cf8:	4f18      	ldr	r7, [pc, #96]	@ (10003d5c <stdio_put_string+0x84>)
10003cfa:	4b19      	ldr	r3, [pc, #100]	@ (10003d60 <stdio_put_string+0x88>)
10003cfc:	681c      	ldr	r4, [r3, #0]
10003cfe:	e007      	b.n	10003d10 <stdio_put_string+0x38>
10003d00:	4640      	mov	r0, r8
10003d02:	f002 fcb9 	bl	10006678 <strlen>
10003d06:	0005      	movs	r5, r0
10003d08:	e7f4      	b.n	10003cf4 <stdio_put_string+0x1c>
10003d0a:	4f16      	ldr	r7, [pc, #88]	@ (10003d64 <stdio_put_string+0x8c>)
10003d0c:	e7f5      	b.n	10003cfa <stdio_put_string+0x22>
10003d0e:	6924      	ldr	r4, [r4, #16]
10003d10:	2c00      	cmp	r4, #0
10003d12:	d016      	beq.n	10003d42 <stdio_put_string+0x6a>
10003d14:	6823      	ldr	r3, [r4, #0]
10003d16:	2b00      	cmp	r3, #0
10003d18:	d0f9      	beq.n	10003d0e <stdio_put_string+0x36>
10003d1a:	4b13      	ldr	r3, [pc, #76]	@ (10003d68 <stdio_put_string+0x90>)
10003d1c:	681b      	ldr	r3, [r3, #0]
10003d1e:	2b00      	cmp	r3, #0
10003d20:	d001      	beq.n	10003d26 <stdio_put_string+0x4e>
10003d22:	42a3      	cmp	r3, r4
10003d24:	d1f3      	bne.n	10003d0e <stdio_put_string+0x36>
10003d26:	002a      	movs	r2, r5
10003d28:	4641      	mov	r1, r8
10003d2a:	0020      	movs	r0, r4
10003d2c:	47b8      	blx	r7
10003d2e:	2e00      	cmp	r6, #0
10003d30:	d0ed      	beq.n	10003d0e <stdio_put_string+0x36>
10003d32:	466b      	mov	r3, sp
10003d34:	1dd9      	adds	r1, r3, #7
10003d36:	230a      	movs	r3, #10
10003d38:	700b      	strb	r3, [r1, #0]
10003d3a:	2201      	movs	r2, #1
10003d3c:	0020      	movs	r0, r4
10003d3e:	47b8      	blx	r7
10003d40:	e7e5      	b.n	10003d0e <stdio_put_string+0x36>
10003d42:	464b      	mov	r3, r9
10003d44:	2b00      	cmp	r3, #0
10003d46:	d105      	bne.n	10003d54 <stdio_put_string+0x7c>
10003d48:	0028      	movs	r0, r5
10003d4a:	b003      	add	sp, #12
10003d4c:	bcc0      	pop	{r6, r7}
10003d4e:	46b9      	mov	r9, r7
10003d50:	46b0      	mov	r8, r6
10003d52:	bdf0      	pop	{r4, r5, r6, r7, pc}
10003d54:	f7ff ffb8 	bl	10003cc8 <stdout_serialize_end>
10003d58:	e7f6      	b.n	10003d48 <stdio_put_string+0x70>
10003d5a:	46c0      	nop			@ (mov r8, r8)
10003d5c:	10003bbd 	.word	0x10003bbd
10003d60:	20001274 	.word	0x20001274
10003d64:	10003bad 	.word	0x10003bad
10003d68:	2000127c 	.word	0x2000127c

10003d6c <stdio_set_driver_enabled>:
10003d6c:	4a0a      	ldr	r2, [pc, #40]	@ (10003d98 <stdio_set_driver_enabled+0x2c>)
10003d6e:	6813      	ldr	r3, [r2, #0]
10003d70:	e002      	b.n	10003d78 <stdio_set_driver_enabled+0xc>
10003d72:	001a      	movs	r2, r3
10003d74:	3210      	adds	r2, #16
10003d76:	691b      	ldr	r3, [r3, #16]
10003d78:	2b00      	cmp	r3, #0
10003d7a:	d009      	beq.n	10003d90 <stdio_set_driver_enabled+0x24>
10003d7c:	6813      	ldr	r3, [r2, #0]
10003d7e:	4283      	cmp	r3, r0
10003d80:	d1f7      	bne.n	10003d72 <stdio_set_driver_enabled+0x6>
10003d82:	2900      	cmp	r1, #0
10003d84:	d107      	bne.n	10003d96 <stdio_set_driver_enabled+0x2a>
10003d86:	6903      	ldr	r3, [r0, #16]
10003d88:	6013      	str	r3, [r2, #0]
10003d8a:	2300      	movs	r3, #0
10003d8c:	6103      	str	r3, [r0, #16]
10003d8e:	e002      	b.n	10003d96 <stdio_set_driver_enabled+0x2a>
10003d90:	2900      	cmp	r1, #0
10003d92:	d000      	beq.n	10003d96 <stdio_set_driver_enabled+0x2a>
10003d94:	6010      	str	r0, [r2, #0]
10003d96:	4770      	bx	lr
10003d98:	20001274 	.word	0x20001274

10003d9c <stdio_flush>:
10003d9c:	b510      	push	{r4, lr}
10003d9e:	4b06      	ldr	r3, [pc, #24]	@ (10003db8 <stdio_flush+0x1c>)
10003da0:	681c      	ldr	r4, [r3, #0]
10003da2:	e000      	b.n	10003da6 <stdio_flush+0xa>
10003da4:	6924      	ldr	r4, [r4, #16]
10003da6:	2c00      	cmp	r4, #0
10003da8:	d004      	beq.n	10003db4 <stdio_flush+0x18>
10003daa:	6863      	ldr	r3, [r4, #4]
10003dac:	2b00      	cmp	r3, #0
10003dae:	d0f9      	beq.n	10003da4 <stdio_flush+0x8>
10003db0:	4798      	blx	r3
10003db2:	e7f7      	b.n	10003da4 <stdio_flush+0x8>
10003db4:	bd10      	pop	{r4, pc}
10003db6:	46c0      	nop			@ (mov r8, r8)
10003db8:	20001274 	.word	0x20001274

10003dbc <stdio_init_all>:
10003dbc:	b510      	push	{r4, lr}
10003dbe:	f000 f93d 	bl	1000403c <stdio_usb_init>
10003dc2:	bd10      	pop	{r4, pc}

10003dc4 <__wrap_puts>:
10003dc4:	b570      	push	{r4, r5, r6, lr}
10003dc6:	0005      	movs	r5, r0
10003dc8:	f002 fc56 	bl	10006678 <strlen>
10003dcc:	0004      	movs	r4, r0
10003dce:	2301      	movs	r3, #1
10003dd0:	2201      	movs	r2, #1
10003dd2:	0001      	movs	r1, r0
10003dd4:	0028      	movs	r0, r5
10003dd6:	f7ff ff7f 	bl	10003cd8 <stdio_put_string>
10003dda:	f7ff ffdf 	bl	10003d9c <stdio_flush>
10003dde:	0020      	movs	r0, r4
10003de0:	bd70      	pop	{r4, r5, r6, pc}
	...

10003de4 <__wrap_vprintf>:
10003de4:	b5f0      	push	{r4, r5, r6, r7, lr}
10003de6:	b0a3      	sub	sp, #140	@ 0x8c
10003de8:	0007      	movs	r7, r0
10003dea:	000e      	movs	r6, r1
10003dec:	f7ff ff54 	bl	10003c98 <stdout_serialize_begin>
10003df0:	0005      	movs	r5, r0
10003df2:	ac01      	add	r4, sp, #4
10003df4:	2300      	movs	r3, #0
10003df6:	9301      	str	r3, [sp, #4]
10003df8:	4809      	ldr	r0, [pc, #36]	@ (10003e20 <__wrap_vprintf+0x3c>)
10003dfa:	0033      	movs	r3, r6
10003dfc:	003a      	movs	r2, r7
10003dfe:	0021      	movs	r1, r4
10003e00:	f7ff fe8a 	bl	10003b18 <vfctprintf>
10003e04:	0006      	movs	r6, r0
10003e06:	0020      	movs	r0, r4
10003e08:	f7ff ff16 	bl	10003c38 <stdio_stack_buffer_flush>
10003e0c:	f7ff ffc6 	bl	10003d9c <stdio_flush>
10003e10:	2d00      	cmp	r5, #0
10003e12:	d102      	bne.n	10003e1a <__wrap_vprintf+0x36>
10003e14:	0030      	movs	r0, r6
10003e16:	b023      	add	sp, #140	@ 0x8c
10003e18:	bdf0      	pop	{r4, r5, r6, r7, pc}
10003e1a:	f7ff ff55 	bl	10003cc8 <stdout_serialize_end>
10003e1e:	e7f9      	b.n	10003e14 <__wrap_vprintf+0x30>
10003e20:	10003c7d 	.word	0x10003c7d

10003e24 <__wrap_printf>:
10003e24:	b40f      	push	{r0, r1, r2, r3}
10003e26:	b500      	push	{lr}
10003e28:	b083      	sub	sp, #12
10003e2a:	a904      	add	r1, sp, #16
10003e2c:	c901      	ldmia	r1!, {r0}
10003e2e:	9101      	str	r1, [sp, #4]
10003e30:	f7ff ffd8 	bl	10003de4 <__wrap_vprintf>
10003e34:	b003      	add	sp, #12
10003e36:	bc08      	pop	{r3}
10003e38:	b004      	add	sp, #16
10003e3a:	4718      	bx	r3

10003e3c <stdio_usb_set_chars_available_callback>:
10003e3c:	4b02      	ldr	r3, [pc, #8]	@ (10003e48 <stdio_usb_set_chars_available_callback+0xc>)
10003e3e:	6018      	str	r0, [r3, #0]
10003e40:	4b02      	ldr	r3, [pc, #8]	@ (10003e4c <stdio_usb_set_chars_available_callback+0x10>)
10003e42:	6019      	str	r1, [r3, #0]
10003e44:	4770      	bx	lr
10003e46:	46c0      	nop			@ (mov r8, r8)
10003e48:	20001214 	.word	0x20001214
10003e4c:	20001218 	.word	0x20001218

10003e50 <stdio_usb_out_flush>:
10003e50:	b510      	push	{r4, lr}
10003e52:	f7fd fb6b 	bl	1000152c <time_us_64>
10003e56:	4a0e      	ldr	r2, [pc, #56]	@ (10003e90 <stdio_usb_out_flush+0x40>)
10003e58:	2300      	movs	r3, #0
10003e5a:	1812      	adds	r2, r2, r0
10003e5c:	414b      	adcs	r3, r1
10003e5e:	2b00      	cmp	r3, #0
10003e60:	db12      	blt.n	10003e88 <stdio_usb_out_flush+0x38>
10003e62:	480c      	ldr	r0, [pc, #48]	@ (10003e94 <stdio_usb_out_flush+0x44>)
10003e64:	f002 fc70 	bl	10006748 <__mutex_try_enter_block_until_veneer>
10003e68:	2800      	cmp	r0, #0
10003e6a:	d00c      	beq.n	10003e86 <stdio_usb_out_flush+0x36>
10003e6c:	2001      	movs	r0, #1
10003e6e:	2100      	movs	r1, #0
10003e70:	4240      	negs	r0, r0
10003e72:	f001 faad 	bl	100053d0 <tud_task_ext>
10003e76:	2000      	movs	r0, #0
10003e78:	f001 fd5c 	bl	10005934 <tud_cdc_n_write_flush>
10003e7c:	2800      	cmp	r0, #0
10003e7e:	d1f5      	bne.n	10003e6c <stdio_usb_out_flush+0x1c>
10003e80:	4804      	ldr	r0, [pc, #16]	@ (10003e94 <stdio_usb_out_flush+0x44>)
10003e82:	f002 fc59 	bl	10006738 <__mutex_exit_veneer>
10003e86:	bd10      	pop	{r4, pc}
10003e88:	2201      	movs	r2, #1
10003e8a:	4252      	negs	r2, r2
10003e8c:	4b02      	ldr	r3, [pc, #8]	@ (10003e98 <stdio_usb_out_flush+0x48>)
10003e8e:	e7e8      	b.n	10003e62 <stdio_usb_out_flush+0x12>
10003e90:	000f4240 	.word	0x000f4240
10003e94:	200018b0 	.word	0x200018b0
10003e98:	7fffffff 	.word	0x7fffffff

10003e9c <usb_irq>:
10003e9c:	b510      	push	{r4, lr}
10003e9e:	4b02      	ldr	r3, [pc, #8]	@ (10003ea8 <usb_irq+0xc>)
10003ea0:	7818      	ldrb	r0, [r3, #0]
10003ea2:	f7fc fccd 	bl	10000840 <irq_set_pending>
10003ea6:	bd10      	pop	{r4, pc}
10003ea8:	200018cf 	.word	0x200018cf

10003eac <timer_task>:
10003eac:	b570      	push	{r4, r5, r6, lr}
10003eae:	4b1a      	ldr	r3, [pc, #104]	@ (10003f18 <timer_task+0x6c>)
10003eb0:	681b      	ldr	r3, [r3, #0]
10003eb2:	2b00      	cmp	r3, #0
10003eb4:	d024      	beq.n	10003f00 <timer_task+0x54>
10003eb6:	f3ef 8210 	mrs	r2, PRIMASK
10003eba:	b672      	cpsid	i
10003ebc:	0010      	movs	r0, r2
10003ebe:	6819      	ldr	r1, [r3, #0]
10003ec0:	2900      	cmp	r1, #0
10003ec2:	d0fc      	beq.n	10003ebe <timer_task+0x12>
10003ec4:	f3bf 8f5f 	dmb	sy
10003ec8:	4913      	ldr	r1, [pc, #76]	@ (10003f18 <timer_task+0x6c>)
10003eca:	604a      	str	r2, [r1, #4]
10003ecc:	4b13      	ldr	r3, [pc, #76]	@ (10003f1c <timer_task+0x70>)
10003ece:	2200      	movs	r2, #0
10003ed0:	701a      	strb	r2, [r3, #0]
10003ed2:	680b      	ldr	r3, [r1, #0]
10003ed4:	f3bf 8f5f 	dmb	sy
10003ed8:	601a      	str	r2, [r3, #0]
10003eda:	f380 8810 	msr	PRIMASK, r0
10003ede:	2200      	movs	r2, #0
10003ee0:	2300      	movs	r3, #0
10003ee2:	0014      	movs	r4, r2
10003ee4:	001d      	movs	r5, r3
10003ee6:	4b0e      	ldr	r3, [pc, #56]	@ (10003f20 <timer_task+0x74>)
10003ee8:	7818      	ldrb	r0, [r3, #0]
10003eea:	f7fc fc85 	bl	100007f8 <irq_is_enabled>
10003eee:	2800      	cmp	r0, #0
10003ef0:	d10c      	bne.n	10003f0c <timer_task+0x60>
10003ef2:	2200      	movs	r2, #0
10003ef4:	2300      	movs	r3, #0
10003ef6:	0014      	movs	r4, r2
10003ef8:	001d      	movs	r5, r3
10003efa:	0020      	movs	r0, r4
10003efc:	0029      	movs	r1, r5
10003efe:	bd70      	pop	{r4, r5, r6, pc}
10003f00:	22fa      	movs	r2, #250	@ 0xfa
10003f02:	0092      	lsls	r2, r2, #2
10003f04:	2300      	movs	r3, #0
10003f06:	0014      	movs	r4, r2
10003f08:	001d      	movs	r5, r3
10003f0a:	e7ec      	b.n	10003ee6 <timer_task+0x3a>
10003f0c:	4b04      	ldr	r3, [pc, #16]	@ (10003f20 <timer_task+0x74>)
10003f0e:	7818      	ldrb	r0, [r3, #0]
10003f10:	f7fc fc96 	bl	10000840 <irq_set_pending>
10003f14:	e7f1      	b.n	10003efa <timer_task+0x4e>
10003f16:	46c0      	nop			@ (mov r8, r8)
10003f18:	20001688 	.word	0x20001688
10003f1c:	200018d0 	.word	0x200018d0
10003f20:	200018cf 	.word	0x200018cf

10003f24 <alarm_pool_add_alarm_in_us>:
10003f24:	b5f0      	push	{r4, r5, r6, r7, lr}
10003f26:	b085      	sub	sp, #20
10003f28:	0007      	movs	r7, r0
10003f2a:	0015      	movs	r5, r2
10003f2c:	001e      	movs	r6, r3
10003f2e:	ab0c      	add	r3, sp, #48	@ 0x30
10003f30:	781c      	ldrb	r4, [r3, #0]
10003f32:	f7fd fafb 	bl	1000152c <time_us_64>
10003f36:	002a      	movs	r2, r5
10003f38:	0033      	movs	r3, r6
10003f3a:	1812      	adds	r2, r2, r0
10003f3c:	414b      	adcs	r3, r1
10003f3e:	2b00      	cmp	r3, #0
10003f40:	db09      	blt.n	10003f56 <alarm_pool_add_alarm_in_us+0x32>
10003f42:	9402      	str	r4, [sp, #8]
10003f44:	990b      	ldr	r1, [sp, #44]	@ 0x2c
10003f46:	9101      	str	r1, [sp, #4]
10003f48:	990a      	ldr	r1, [sp, #40]	@ 0x28
10003f4a:	9100      	str	r1, [sp, #0]
10003f4c:	0038      	movs	r0, r7
10003f4e:	f7fd f917 	bl	10001180 <alarm_pool_add_alarm_at>
10003f52:	b005      	add	sp, #20
10003f54:	bdf0      	pop	{r4, r5, r6, r7, pc}
10003f56:	2201      	movs	r2, #1
10003f58:	4252      	negs	r2, r2
10003f5a:	4b01      	ldr	r3, [pc, #4]	@ (10003f60 <alarm_pool_add_alarm_in_us+0x3c>)
10003f5c:	e7f1      	b.n	10003f42 <alarm_pool_add_alarm_in_us+0x1e>
10003f5e:	46c0      	nop			@ (mov r8, r8)
10003f60:	7fffffff 	.word	0x7fffffff

10003f64 <add_alarm_in_us>:
10003f64:	b5f0      	push	{r4, r5, r6, r7, lr}
10003f66:	46c6      	mov	lr, r8
10003f68:	b500      	push	{lr}
10003f6a:	b084      	sub	sp, #16
10003f6c:	4680      	mov	r8, r0
10003f6e:	000f      	movs	r7, r1
10003f70:	0016      	movs	r6, r2
10003f72:	001d      	movs	r5, r3
10003f74:	ab0a      	add	r3, sp, #40	@ 0x28
10003f76:	781c      	ldrb	r4, [r3, #0]
10003f78:	f7fd f89a 	bl	100010b0 <alarm_pool_get_default>
10003f7c:	9402      	str	r4, [sp, #8]
10003f7e:	9501      	str	r5, [sp, #4]
10003f80:	9600      	str	r6, [sp, #0]
10003f82:	4642      	mov	r2, r8
10003f84:	003b      	movs	r3, r7
10003f86:	f7ff ffcd 	bl	10003f24 <alarm_pool_add_alarm_in_us>
10003f8a:	b004      	add	sp, #16
10003f8c:	bc80      	pop	{r7}
10003f8e:	46b8      	mov	r8, r7
10003f90:	bdf0      	pop	{r4, r5, r6, r7, pc}
	...

10003f94 <low_priority_worker_irq>:
10003f94:	b510      	push	{r4, lr}
10003f96:	b082      	sub	sp, #8
10003f98:	4822      	ldr	r0, [pc, #136]	@ (10004024 <low_priority_worker_irq+0x90>)
10003f9a:	2100      	movs	r1, #0
10003f9c:	f002 fbfc 	bl	10006798 <__mutex_try_enter_veneer>
10003fa0:	2800      	cmp	r0, #0
10003fa2:	d11e      	bne.n	10003fe2 <low_priority_worker_irq+0x4e>
10003fa4:	4b20      	ldr	r3, [pc, #128]	@ (10004028 <low_priority_worker_irq+0x94>)
10003fa6:	681b      	ldr	r3, [r3, #0]
10003fa8:	2b00      	cmp	r3, #0
10003faa:	d018      	beq.n	10003fde <low_priority_worker_irq+0x4a>
10003fac:	f3ef 8110 	mrs	r1, PRIMASK
10003fb0:	b672      	cpsid	i
10003fb2:	0008      	movs	r0, r1
10003fb4:	681a      	ldr	r2, [r3, #0]
10003fb6:	2a00      	cmp	r2, #0
10003fb8:	d0fc      	beq.n	10003fb4 <low_priority_worker_irq+0x20>
10003fba:	f3bf 8f5f 	dmb	sy
10003fbe:	4a1a      	ldr	r2, [pc, #104]	@ (10004028 <low_priority_worker_irq+0x94>)
10003fc0:	6051      	str	r1, [r2, #4]
10003fc2:	491a      	ldr	r1, [pc, #104]	@ (1000402c <low_priority_worker_irq+0x98>)
10003fc4:	780b      	ldrb	r3, [r1, #0]
10003fc6:	b2db      	uxtb	r3, r3
10003fc8:	2401      	movs	r4, #1
10003fca:	700c      	strb	r4, [r1, #0]
10003fcc:	6812      	ldr	r2, [r2, #0]
10003fce:	f3bf 8f5f 	dmb	sy
10003fd2:	2100      	movs	r1, #0
10003fd4:	6011      	str	r1, [r2, #0]
10003fd6:	f380 8810 	msr	PRIMASK, r0
10003fda:	2b00      	cmp	r3, #0
10003fdc:	d017      	beq.n	1000400e <low_priority_worker_irq+0x7a>
10003fde:	b002      	add	sp, #8
10003fe0:	bd10      	pop	{r4, pc}
10003fe2:	2001      	movs	r0, #1
10003fe4:	2100      	movs	r1, #0
10003fe6:	4240      	negs	r0, r0
10003fe8:	f001 f9f2 	bl	100053d0 <tud_task_ext>
10003fec:	2000      	movs	r0, #0
10003fee:	f001 fc79 	bl	100058e4 <tud_cdc_n_available>
10003ff2:	0004      	movs	r4, r0
10003ff4:	480b      	ldr	r0, [pc, #44]	@ (10004024 <low_priority_worker_irq+0x90>)
10003ff6:	f002 fb9f 	bl	10006738 <__mutex_exit_veneer>
10003ffa:	2c00      	cmp	r4, #0
10003ffc:	d0ef      	beq.n	10003fde <low_priority_worker_irq+0x4a>
10003ffe:	4b0c      	ldr	r3, [pc, #48]	@ (10004030 <low_priority_worker_irq+0x9c>)
10004000:	681b      	ldr	r3, [r3, #0]
10004002:	2b00      	cmp	r3, #0
10004004:	d0eb      	beq.n	10003fde <low_priority_worker_irq+0x4a>
10004006:	4a0b      	ldr	r2, [pc, #44]	@ (10004034 <low_priority_worker_irq+0xa0>)
10004008:	6810      	ldr	r0, [r2, #0]
1000400a:	4798      	blx	r3
1000400c:	e7e7      	b.n	10003fde <low_priority_worker_irq+0x4a>
1000400e:	4a0a      	ldr	r2, [pc, #40]	@ (10004038 <low_priority_worker_irq+0xa4>)
10004010:	3301      	adds	r3, #1
10004012:	9300      	str	r3, [sp, #0]
10004014:	2300      	movs	r3, #0
10004016:	20fa      	movs	r0, #250	@ 0xfa
10004018:	0080      	lsls	r0, r0, #2
1000401a:	2100      	movs	r1, #0
1000401c:	f7ff ffa2 	bl	10003f64 <add_alarm_in_us>
10004020:	e7dd      	b.n	10003fde <low_priority_worker_irq+0x4a>
10004022:	46c0      	nop			@ (mov r8, r8)
10004024:	200018b0 	.word	0x200018b0
10004028:	20001688 	.word	0x20001688
1000402c:	200018d0 	.word	0x200018d0
10004030:	20001214 	.word	0x20001214
10004034:	20001218 	.word	0x20001218
10004038:	10003ead 	.word	0x10003ead

1000403c <stdio_usb_init>:
1000403c:	b510      	push	{r4, lr}
1000403e:	b082      	sub	sp, #8
10004040:	23d0      	movs	r3, #208	@ 0xd0
10004042:	061b      	lsls	r3, r3, #24
10004044:	681c      	ldr	r4, [r3, #0]
10004046:	f7fd f833 	bl	100010b0 <alarm_pool_get_default>
1000404a:	f7fd f915 	bl	10001278 <alarm_pool_core_num>
1000404e:	42a0      	cmp	r0, r4
10004050:	d130      	bne.n	100040b4 <stdio_usb_init+0x78>
10004052:	4b27      	ldr	r3, [pc, #156]	@ (100040f0 <stdio_usb_init+0xb4>)
10004054:	781b      	ldrb	r3, [r3, #0]
10004056:	2100      	movs	r1, #0
10004058:	2000      	movs	r0, #0
1000405a:	f001 ff6b 	bl	10005f34 <tusb_rhport_init>
1000405e:	4b25      	ldr	r3, [pc, #148]	@ (100040f4 <stdio_usb_init+0xb8>)
10004060:	681b      	ldr	r3, [r3, #0]
10004062:	2b00      	cmp	r3, #0
10004064:	d02c      	beq.n	100040c0 <stdio_usb_init+0x84>
10004066:	2001      	movs	r0, #1
10004068:	f7fc fdbc 	bl	10000be4 <user_irq_claim_unused>
1000406c:	4c22      	ldr	r4, [pc, #136]	@ (100040f8 <stdio_usb_init+0xbc>)
1000406e:	7020      	strb	r0, [r4, #0]
10004070:	4922      	ldr	r1, [pc, #136]	@ (100040fc <stdio_usb_init+0xc0>)
10004072:	23ff      	movs	r3, #255	@ 0xff
10004074:	4018      	ands	r0, r3
10004076:	f7fc fc01 	bl	1000087c <irq_set_exclusive_handler>
1000407a:	7820      	ldrb	r0, [r4, #0]
1000407c:	2101      	movs	r1, #1
1000407e:	f7fc fbd5 	bl	1000082c <irq_set_enabled>
10004082:	2005      	movs	r0, #5
10004084:	f7fc fbec 	bl	10000860 <irq_has_shared_handler>
10004088:	1e04      	subs	r4, r0, #0
1000408a:	d01d      	beq.n	100040c8 <stdio_usb_init+0x8c>
1000408c:	2001      	movs	r0, #1
1000408e:	f7fc fb31 	bl	100006f4 <spin_lock_claim_unused>
10004092:	0001      	movs	r1, r0
10004094:	4b1a      	ldr	r3, [pc, #104]	@ (10004100 <stdio_usb_init+0xc4>)
10004096:	0018      	movs	r0, r3
10004098:	f7fc fe02 	bl	10000ca0 <critical_section_init_with_lock_num>
1000409c:	4919      	ldr	r1, [pc, #100]	@ (10004104 <stdio_usb_init+0xc8>)
1000409e:	2200      	movs	r2, #0
100040a0:	2005      	movs	r0, #5
100040a2:	f7fc fc17 	bl	100008d4 <irq_add_shared_handler>
100040a6:	4818      	ldr	r0, [pc, #96]	@ (10004108 <stdio_usb_init+0xcc>)
100040a8:	2101      	movs	r1, #1
100040aa:	f7ff fe5f 	bl	10003d6c <stdio_set_driver_enabled>
100040ae:	0020      	movs	r0, r4
100040b0:	b002      	add	sp, #8
100040b2:	bd10      	pop	{r4, pc}
100040b4:	4b15      	ldr	r3, [pc, #84]	@ (1000410c <stdio_usb_init+0xd0>)
100040b6:	4a16      	ldr	r2, [pc, #88]	@ (10004110 <stdio_usb_init+0xd4>)
100040b8:	4816      	ldr	r0, [pc, #88]	@ (10004114 <stdio_usb_init+0xd8>)
100040ba:	21c8      	movs	r1, #200	@ 0xc8
100040bc:	f7ff fd46 	bl	10003b4c <__assert_func>
100040c0:	480c      	ldr	r0, [pc, #48]	@ (100040f4 <stdio_usb_init+0xb8>)
100040c2:	f7fc fdab 	bl	10000c1c <mutex_init>
100040c6:	e7ce      	b.n	10004066 <stdio_usb_init+0x2a>
100040c8:	480d      	ldr	r0, [pc, #52]	@ (10004100 <stdio_usb_init+0xc4>)
100040ca:	2208      	movs	r2, #8
100040cc:	2100      	movs	r1, #0
100040ce:	f7fe fc37 	bl	10002940 <__wrap_memset>
100040d2:	4a11      	ldr	r2, [pc, #68]	@ (10004118 <stdio_usb_init+0xdc>)
100040d4:	2301      	movs	r3, #1
100040d6:	9300      	str	r3, [sp, #0]
100040d8:	2300      	movs	r3, #0
100040da:	20fa      	movs	r0, #250	@ 0xfa
100040dc:	0080      	lsls	r0, r0, #2
100040de:	2100      	movs	r1, #0
100040e0:	f7ff ff40 	bl	10003f64 <add_alarm_in_us>
100040e4:	43c0      	mvns	r0, r0
100040e6:	0fc4      	lsrs	r4, r0, #31
100040e8:	2800      	cmp	r0, #0
100040ea:	dae0      	bge.n	100040ae <stdio_usb_init+0x72>
100040ec:	e7db      	b.n	100040a6 <stdio_usb_init+0x6a>
100040ee:	46c0      	nop			@ (mov r8, r8)
100040f0:	10007a14 	.word	0x10007a14
100040f4:	200018b0 	.word	0x200018b0
100040f8:	200018cf 	.word	0x200018cf
100040fc:	10003f95 	.word	0x10003f95
10004100:	20001688 	.word	0x20001688
10004104:	10003e9d 	.word	0x10003e9d
10004108:	20000c80 	.word	0x20000c80
1000410c:	10006fbc 	.word	0x10006fbc
10004110:	10007688 	.word	0x10007688
10004114:	10006fc4 	.word	0x10006fc4
10004118:	10003ead 	.word	0x10003ead

1000411c <stdio_usb_connected>:
1000411c:	b510      	push	{r4, lr}
1000411e:	2000      	movs	r0, #0
10004120:	f001 fbc6 	bl	100058b0 <tud_cdc_n_connected>
10004124:	bd10      	pop	{r4, pc}
	...

10004128 <stdio_usb_in_chars>:
10004128:	b570      	push	{r4, r5, r6, lr}
1000412a:	0004      	movs	r4, r0
1000412c:	000d      	movs	r5, r1
1000412e:	f7ff fff5 	bl	1000411c <stdio_usb_connected>
10004132:	2800      	cmp	r0, #0
10004134:	d036      	beq.n	100041a4 <stdio_usb_in_chars+0x7c>
10004136:	2000      	movs	r0, #0
10004138:	f001 fbd4 	bl	100058e4 <tud_cdc_n_available>
1000413c:	2800      	cmp	r0, #0
1000413e:	d035      	beq.n	100041ac <stdio_usb_in_chars+0x84>
10004140:	f7fd f9f4 	bl	1000152c <time_us_64>
10004144:	4a1d      	ldr	r2, [pc, #116]	@ (100041bc <stdio_usb_in_chars+0x94>)
10004146:	2300      	movs	r3, #0
10004148:	1812      	adds	r2, r2, r0
1000414a:	414b      	adcs	r3, r1
1000414c:	2b00      	cmp	r3, #0
1000414e:	db1a      	blt.n	10004186 <stdio_usb_in_chars+0x5e>
10004150:	481b      	ldr	r0, [pc, #108]	@ (100041c0 <stdio_usb_in_chars+0x98>)
10004152:	f002 faf9 	bl	10006748 <__mutex_try_enter_block_until_veneer>
10004156:	2800      	cmp	r0, #0
10004158:	d02c      	beq.n	100041b4 <stdio_usb_in_chars+0x8c>
1000415a:	f7ff ffdf 	bl	1000411c <stdio_usb_connected>
1000415e:	2800      	cmp	r0, #0
10004160:	d004      	beq.n	1000416c <stdio_usb_in_chars+0x44>
10004162:	2000      	movs	r0, #0
10004164:	f001 fbbe 	bl	100058e4 <tud_cdc_n_available>
10004168:	2800      	cmp	r0, #0
1000416a:	d110      	bne.n	1000418e <stdio_usb_in_chars+0x66>
1000416c:	2001      	movs	r0, #1
1000416e:	2100      	movs	r1, #0
10004170:	4240      	negs	r0, r0
10004172:	f001 f92d 	bl	100053d0 <tud_task_ext>
10004176:	2303      	movs	r3, #3
10004178:	425b      	negs	r3, r3
1000417a:	001c      	movs	r4, r3
1000417c:	4810      	ldr	r0, [pc, #64]	@ (100041c0 <stdio_usb_in_chars+0x98>)
1000417e:	f002 fadb 	bl	10006738 <__mutex_exit_veneer>
10004182:	0020      	movs	r0, r4
10004184:	bd70      	pop	{r4, r5, r6, pc}
10004186:	2201      	movs	r2, #1
10004188:	4252      	negs	r2, r2
1000418a:	4b0e      	ldr	r3, [pc, #56]	@ (100041c4 <stdio_usb_in_chars+0x9c>)
1000418c:	e7e0      	b.n	10004150 <stdio_usb_in_chars+0x28>
1000418e:	002a      	movs	r2, r5
10004190:	0021      	movs	r1, r4
10004192:	2000      	movs	r0, #0
10004194:	f001 fbb2 	bl	100058fc <tud_cdc_n_read>
10004198:	1e04      	subs	r4, r0, #0
1000419a:	d1ef      	bne.n	1000417c <stdio_usb_in_chars+0x54>
1000419c:	2303      	movs	r3, #3
1000419e:	425b      	negs	r3, r3
100041a0:	001c      	movs	r4, r3
100041a2:	e7eb      	b.n	1000417c <stdio_usb_in_chars+0x54>
100041a4:	2303      	movs	r3, #3
100041a6:	425b      	negs	r3, r3
100041a8:	001c      	movs	r4, r3
100041aa:	e7ea      	b.n	10004182 <stdio_usb_in_chars+0x5a>
100041ac:	2303      	movs	r3, #3
100041ae:	425b      	negs	r3, r3
100041b0:	001c      	movs	r4, r3
100041b2:	e7e6      	b.n	10004182 <stdio_usb_in_chars+0x5a>
100041b4:	2303      	movs	r3, #3
100041b6:	425b      	negs	r3, r3
100041b8:	001c      	movs	r4, r3
100041ba:	e7e2      	b.n	10004182 <stdio_usb_in_chars+0x5a>
100041bc:	000f4240 	.word	0x000f4240
100041c0:	200018b0 	.word	0x200018b0
100041c4:	7fffffff 	.word	0x7fffffff

100041c8 <stdio_usb_out_chars>:
100041c8:	b5f0      	push	{r4, r5, r6, r7, lr}
100041ca:	b083      	sub	sp, #12
100041cc:	0005      	movs	r5, r0
100041ce:	000c      	movs	r4, r1
100041d0:	f7fd f9ac 	bl	1000152c <time_us_64>
100041d4:	4a31      	ldr	r2, [pc, #196]	@ (1000429c <stdio_usb_out_chars+0xd4>)
100041d6:	2300      	movs	r3, #0
100041d8:	1812      	adds	r2, r2, r0
100041da:	414b      	adcs	r3, r1
100041dc:	2b00      	cmp	r3, #0
100041de:	db06      	blt.n	100041ee <stdio_usb_out_chars+0x26>
100041e0:	482f      	ldr	r0, [pc, #188]	@ (100042a0 <stdio_usb_out_chars+0xd8>)
100041e2:	f002 fab1 	bl	10006748 <__mutex_try_enter_block_until_veneer>
100041e6:	2800      	cmp	r0, #0
100041e8:	d105      	bne.n	100041f6 <stdio_usb_out_chars+0x2e>
100041ea:	b003      	add	sp, #12
100041ec:	bdf0      	pop	{r4, r5, r6, r7, pc}
100041ee:	2201      	movs	r2, #1
100041f0:	4252      	negs	r2, r2
100041f2:	4b2c      	ldr	r3, [pc, #176]	@ (100042a4 <stdio_usb_out_chars+0xdc>)
100041f4:	e7f4      	b.n	100041e0 <stdio_usb_out_chars+0x18>
100041f6:	f7ff ff91 	bl	1000411c <stdio_usb_connected>
100041fa:	2800      	cmp	r0, #0
100041fc:	d14b      	bne.n	10004296 <stdio_usb_out_chars+0xce>
100041fe:	4b2a      	ldr	r3, [pc, #168]	@ (100042a8 <stdio_usb_out_chars+0xe0>)
10004200:	2000      	movs	r0, #0
10004202:	2100      	movs	r1, #0
10004204:	6018      	str	r0, [r3, #0]
10004206:	6059      	str	r1, [r3, #4]
10004208:	4825      	ldr	r0, [pc, #148]	@ (100042a0 <stdio_usb_out_chars+0xd8>)
1000420a:	f002 fa95 	bl	10006738 <__mutex_exit_veneer>
1000420e:	e7ec      	b.n	100041ea <stdio_usb_out_chars+0x22>
10004210:	2001      	movs	r0, #1
10004212:	2100      	movs	r1, #0
10004214:	4240      	negs	r0, r0
10004216:	f001 f8db 	bl	100053d0 <tud_task_ext>
1000421a:	2000      	movs	r0, #0
1000421c:	f001 fb8a 	bl	10005934 <tud_cdc_n_write_flush>
10004220:	f7ff ff7c 	bl	1000411c <stdio_usb_connected>
10004224:	2800      	cmp	r0, #0
10004226:	d0ef      	beq.n	10004208 <stdio_usb_out_chars+0x40>
10004228:	2000      	movs	r0, #0
1000422a:	f001 fbfb 	bl	10005a24 <tud_cdc_n_write_available>
1000422e:	2800      	cmp	r0, #0
10004230:	d01f      	beq.n	10004272 <stdio_usb_out_chars+0xaa>
10004232:	42a6      	cmp	r6, r4
10004234:	dae8      	bge.n	10004208 <stdio_usb_out_chars+0x40>
10004236:	1ba7      	subs	r7, r4, r6
10004238:	2000      	movs	r0, #0
1000423a:	f001 fbf3 	bl	10005a24 <tud_cdc_n_write_available>
1000423e:	0002      	movs	r2, r0
10004240:	4287      	cmp	r7, r0
10004242:	dc00      	bgt.n	10004246 <stdio_usb_out_chars+0x7e>
10004244:	003a      	movs	r2, r7
10004246:	2a00      	cmp	r2, #0
10004248:	d0e2      	beq.n	10004210 <stdio_usb_out_chars+0x48>
1000424a:	19a9      	adds	r1, r5, r6
1000424c:	2000      	movs	r0, #0
1000424e:	f001 fbc5 	bl	100059dc <tud_cdc_n_write>
10004252:	0007      	movs	r7, r0
10004254:	2001      	movs	r0, #1
10004256:	2100      	movs	r1, #0
10004258:	4240      	negs	r0, r0
1000425a:	f001 f8b9 	bl	100053d0 <tud_task_ext>
1000425e:	2000      	movs	r0, #0
10004260:	f001 fb68 	bl	10005934 <tud_cdc_n_write_flush>
10004264:	19f6      	adds	r6, r6, r7
10004266:	f7fd f961 	bl	1000152c <time_us_64>
1000426a:	4b0f      	ldr	r3, [pc, #60]	@ (100042a8 <stdio_usb_out_chars+0xe0>)
1000426c:	6018      	str	r0, [r3, #0]
1000426e:	6059      	str	r1, [r3, #4]
10004270:	e7df      	b.n	10004232 <stdio_usb_out_chars+0x6a>
10004272:	f7fd f95b 	bl	1000152c <time_us_64>
10004276:	9001      	str	r0, [sp, #4]
10004278:	000f      	movs	r7, r1
1000427a:	4b0b      	ldr	r3, [pc, #44]	@ (100042a8 <stdio_usb_out_chars+0xe0>)
1000427c:	6818      	ldr	r0, [r3, #0]
1000427e:	6859      	ldr	r1, [r3, #4]
10004280:	4a0a      	ldr	r2, [pc, #40]	@ (100042ac <stdio_usb_out_chars+0xe4>)
10004282:	2300      	movs	r3, #0
10004284:	1812      	adds	r2, r2, r0
10004286:	414b      	adcs	r3, r1
10004288:	429f      	cmp	r7, r3
1000428a:	d8bd      	bhi.n	10004208 <stdio_usb_out_chars+0x40>
1000428c:	d1d1      	bne.n	10004232 <stdio_usb_out_chars+0x6a>
1000428e:	9901      	ldr	r1, [sp, #4]
10004290:	4291      	cmp	r1, r2
10004292:	d9ce      	bls.n	10004232 <stdio_usb_out_chars+0x6a>
10004294:	e7b8      	b.n	10004208 <stdio_usb_out_chars+0x40>
10004296:	2600      	movs	r6, #0
10004298:	e7cb      	b.n	10004232 <stdio_usb_out_chars+0x6a>
1000429a:	46c0      	nop			@ (mov r8, r8)
1000429c:	000f4240 	.word	0x000f4240
100042a0:	200018b0 	.word	0x200018b0
100042a4:	7fffffff 	.word	0x7fffffff
100042a8:	20000e40 	.word	0x20000e40
100042ac:	0007a120 	.word	0x0007a120

100042b0 <tud_descriptor_device_cb>:
100042b0:	4800      	ldr	r0, [pc, #0]	@ (100042b4 <tud_descriptor_device_cb+0x4>)
100042b2:	4770      	bx	lr
100042b4:	10007704 	.word	0x10007704

100042b8 <tud_descriptor_configuration_cb>:
100042b8:	4800      	ldr	r0, [pc, #0]	@ (100042bc <tud_descriptor_configuration_cb+0x4>)
100042ba:	4770      	bx	lr
100042bc:	100076b0 	.word	0x100076b0

100042c0 <tud_descriptor_string_cb>:
100042c0:	b510      	push	{r4, lr}
100042c2:	0004      	movs	r4, r0
100042c4:	4b15      	ldr	r3, [pc, #84]	@ (1000431c <tud_descriptor_string_cb+0x5c>)
100042c6:	781b      	ldrb	r3, [r3, #0]
100042c8:	2b00      	cmp	r3, #0
100042ca:	d00e      	beq.n	100042ea <tud_descriptor_string_cb+0x2a>
100042cc:	2c00      	cmp	r4, #0
100042ce:	d111      	bne.n	100042f4 <tud_descriptor_string_cb+0x34>
100042d0:	4b13      	ldr	r3, [pc, #76]	@ (10004320 <tud_descriptor_string_cb+0x60>)
100042d2:	4a14      	ldr	r2, [pc, #80]	@ (10004324 <tud_descriptor_string_cb+0x64>)
100042d4:	805a      	strh	r2, [r3, #2]
100042d6:	2301      	movs	r3, #1
100042d8:	3301      	adds	r3, #1
100042da:	005b      	lsls	r3, r3, #1
100042dc:	b29b      	uxth	r3, r3
100042de:	4810      	ldr	r0, [pc, #64]	@ (10004320 <tud_descriptor_string_cb+0x60>)
100042e0:	22c0      	movs	r2, #192	@ 0xc0
100042e2:	0092      	lsls	r2, r2, #2
100042e4:	4313      	orrs	r3, r2
100042e6:	8003      	strh	r3, [r0, #0]
100042e8:	bd10      	pop	{r4, pc}
100042ea:	480c      	ldr	r0, [pc, #48]	@ (1000431c <tud_descriptor_string_cb+0x5c>)
100042ec:	2111      	movs	r1, #17
100042ee:	f000 f825 	bl	1000433c <pico_get_unique_board_id_string>
100042f2:	e7eb      	b.n	100042cc <tud_descriptor_string_cb+0xc>
100042f4:	2c05      	cmp	r4, #5
100042f6:	d80e      	bhi.n	10004316 <tud_descriptor_string_cb+0x56>
100042f8:	4b0b      	ldr	r3, [pc, #44]	@ (10004328 <tud_descriptor_string_cb+0x68>)
100042fa:	00a4      	lsls	r4, r4, #2
100042fc:	58e4      	ldr	r4, [r4, r3]
100042fe:	2300      	movs	r3, #0
10004300:	2b12      	cmp	r3, #18
10004302:	d8e9      	bhi.n	100042d8 <tud_descriptor_string_cb+0x18>
10004304:	5ce1      	ldrb	r1, [r4, r3]
10004306:	2900      	cmp	r1, #0
10004308:	d0e6      	beq.n	100042d8 <tud_descriptor_string_cb+0x18>
1000430a:	3301      	adds	r3, #1
1000430c:	4a04      	ldr	r2, [pc, #16]	@ (10004320 <tud_descriptor_string_cb+0x60>)
1000430e:	0058      	lsls	r0, r3, #1
10004310:	5281      	strh	r1, [r0, r2]
10004312:	b2db      	uxtb	r3, r3
10004314:	e7f4      	b.n	10004300 <tud_descriptor_string_cb+0x40>
10004316:	2000      	movs	r0, #0
10004318:	e7e6      	b.n	100042e8 <tud_descriptor_string_cb+0x28>
1000431a:	46c0      	nop			@ (mov r8, r8)
1000431c:	200018b8 	.word	0x200018b8
10004320:	2000124c 	.word	0x2000124c
10004324:	00000409 	.word	0x00000409
10004328:	10007698 	.word	0x10007698

1000432c <_retrieve_unique_id_on_boot>:
1000432c:	b510      	push	{r4, lr}
1000432e:	4802      	ldr	r0, [pc, #8]	@ (10004338 <_retrieve_unique_id_on_boot+0xc>)
10004330:	f000 f830 	bl	10004394 <flash_get_unique_id>
10004334:	bd10      	pop	{r4, pc}
10004336:	46c0      	nop			@ (mov r8, r8)
10004338:	200016a0 	.word	0x200016a0

1000433c <pico_get_unique_board_id_string>:
1000433c:	b510      	push	{r4, lr}
1000433e:	1e0c      	subs	r4, r1, #0
10004340:	d001      	beq.n	10004346 <pico_get_unique_board_id_string+0xa>
10004342:	2300      	movs	r3, #0
10004344:	e008      	b.n	10004358 <pico_get_unique_board_id_string+0x1c>
10004346:	4b0f      	ldr	r3, [pc, #60]	@ (10004384 <pico_get_unique_board_id_string+0x48>)
10004348:	4a0f      	ldr	r2, [pc, #60]	@ (10004388 <pico_get_unique_board_id_string+0x4c>)
1000434a:	4810      	ldr	r0, [pc, #64]	@ (1000438c <pico_get_unique_board_id_string+0x50>)
1000434c:	213b      	movs	r1, #59	@ 0x3b
1000434e:	f7ff fbfd 	bl	10003b4c <__assert_func>
10004352:	3237      	adds	r2, #55	@ 0x37
10004354:	54c2      	strb	r2, [r0, r3]
10004356:	3301      	adds	r3, #1
10004358:	1e62      	subs	r2, r4, #1
1000435a:	429a      	cmp	r2, r3
1000435c:	d90e      	bls.n	1000437c <pico_get_unique_board_id_string+0x40>
1000435e:	2b0f      	cmp	r3, #15
10004360:	d80c      	bhi.n	1000437c <pico_get_unique_board_id_string+0x40>
10004362:	085a      	lsrs	r2, r3, #1
10004364:	490a      	ldr	r1, [pc, #40]	@ (10004390 <pico_get_unique_board_id_string+0x54>)
10004366:	5c89      	ldrb	r1, [r1, r2]
10004368:	2201      	movs	r2, #1
1000436a:	439a      	bics	r2, r3
1000436c:	0092      	lsls	r2, r2, #2
1000436e:	4111      	asrs	r1, r2
10004370:	220f      	movs	r2, #15
10004372:	400a      	ands	r2, r1
10004374:	2a09      	cmp	r2, #9
10004376:	dcec      	bgt.n	10004352 <pico_get_unique_board_id_string+0x16>
10004378:	3230      	adds	r2, #48	@ 0x30
1000437a:	e7eb      	b.n	10004354 <pico_get_unique_board_id_string+0x18>
1000437c:	18c0      	adds	r0, r0, r3
1000437e:	2300      	movs	r3, #0
10004380:	7003      	strb	r3, [r0, #0]
10004382:	bd10      	pop	{r4, pc}
10004384:	10007054 	.word	0x10007054
10004388:	10007718 	.word	0x10007718
1000438c:	1000705c 	.word	0x1000705c
10004390:	200016a0 	.word	0x200016a0

10004394 <flash_get_unique_id>:
10004394:	b570      	push	{r4, r5, r6, lr}
10004396:	b088      	sub	sp, #32
10004398:	0004      	movs	r4, r0
1000439a:	ad04      	add	r5, sp, #16
1000439c:	220d      	movs	r2, #13
1000439e:	2100      	movs	r1, #0
100043a0:	0028      	movs	r0, r5
100043a2:	f7fe facd 	bl	10002940 <__wrap_memset>
100043a6:	220d      	movs	r2, #13
100043a8:	2100      	movs	r1, #0
100043aa:	4668      	mov	r0, sp
100043ac:	f7fe fac8 	bl	10002940 <__wrap_memset>
100043b0:	234b      	movs	r3, #75	@ 0x4b
100043b2:	702b      	strb	r3, [r5, #0]
100043b4:	2300      	movs	r3, #0
100043b6:	220d      	movs	r2, #13
100043b8:	4669      	mov	r1, sp
100043ba:	0028      	movs	r0, r5
100043bc:	f002 f9ac 	bl	10006718 <__flash_do_cmd_cs_veneer>
100043c0:	2300      	movs	r3, #0
100043c2:	e004      	b.n	100043ce <flash_get_unique_id+0x3a>
100043c4:	1d5a      	adds	r2, r3, #5
100043c6:	4669      	mov	r1, sp
100043c8:	5c8a      	ldrb	r2, [r1, r2]
100043ca:	54e2      	strb	r2, [r4, r3]
100043cc:	3301      	adds	r3, #1
100043ce:	2b07      	cmp	r3, #7
100043d0:	ddf8      	ble.n	100043c4 <flash_get_unique_id+0x30>
100043d2:	b008      	add	sp, #32
100043d4:	bd70      	pop	{r4, r5, r6, pc}

100043d6 <usb_reset_interface_init>:
100043d6:	4770      	bx	lr

100043d8 <usb_reset_interface_reset>:
100043d8:	4b01      	ldr	r3, [pc, #4]	@ (100043e0 <usb_reset_interface_reset+0x8>)
100043da:	2200      	movs	r2, #0
100043dc:	701a      	strb	r2, [r3, #0]
100043de:	4770      	bx	lr
100043e0:	200018ce 	.word	0x200018ce

100043e4 <usb_reset_interface_open>:
100043e4:	794b      	ldrb	r3, [r1, #5]
100043e6:	2bff      	cmp	r3, #255	@ 0xff
100043e8:	d10c      	bne.n	10004404 <usb_reset_interface_open+0x20>
100043ea:	798b      	ldrb	r3, [r1, #6]
100043ec:	2b00      	cmp	r3, #0
100043ee:	d10b      	bne.n	10004408 <usb_reset_interface_open+0x24>
100043f0:	79cb      	ldrb	r3, [r1, #7]
100043f2:	2b01      	cmp	r3, #1
100043f4:	d10a      	bne.n	1000440c <usb_reset_interface_open+0x28>
100043f6:	2a08      	cmp	r2, #8
100043f8:	d90a      	bls.n	10004410 <usb_reset_interface_open+0x2c>
100043fa:	788a      	ldrb	r2, [r1, #2]
100043fc:	4b05      	ldr	r3, [pc, #20]	@ (10004414 <usb_reset_interface_open+0x30>)
100043fe:	701a      	strb	r2, [r3, #0]
10004400:	2009      	movs	r0, #9
10004402:	e000      	b.n	10004406 <usb_reset_interface_open+0x22>
10004404:	2000      	movs	r0, #0
10004406:	4770      	bx	lr
10004408:	2000      	movs	r0, #0
1000440a:	e7fc      	b.n	10004406 <usb_reset_interface_open+0x22>
1000440c:	2000      	movs	r0, #0
1000440e:	e7fa      	b.n	10004406 <usb_reset_interface_open+0x22>
10004410:	2000      	movs	r0, #0
10004412:	e7f8      	b.n	10004406 <usb_reset_interface_open+0x22>
10004414:	200018ce 	.word	0x200018ce

10004418 <usb_reset_interface_xfer_cb>:
10004418:	2001      	movs	r0, #1
1000441a:	4770      	bx	lr

1000441c <usb_reset_interface_control_xfer_cb>:
1000441c:	b510      	push	{r4, lr}
1000441e:	2901      	cmp	r1, #1
10004420:	d128      	bne.n	10004474 <usb_reset_interface_control_xfer_cb+0x58>
10004422:	7911      	ldrb	r1, [r2, #4]
10004424:	7953      	ldrb	r3, [r2, #5]
10004426:	021b      	lsls	r3, r3, #8
10004428:	430b      	orrs	r3, r1
1000442a:	4913      	ldr	r1, [pc, #76]	@ (10004478 <usb_reset_interface_control_xfer_cb+0x5c>)
1000442c:	7809      	ldrb	r1, [r1, #0]
1000442e:	428b      	cmp	r3, r1
10004430:	d001      	beq.n	10004436 <usb_reset_interface_control_xfer_cb+0x1a>
10004432:	2000      	movs	r0, #0
10004434:	e01f      	b.n	10004476 <usb_reset_interface_control_xfer_cb+0x5a>
10004436:	7853      	ldrb	r3, [r2, #1]
10004438:	2b01      	cmp	r3, #1
1000443a:	d003      	beq.n	10004444 <usb_reset_interface_control_xfer_cb+0x28>
1000443c:	2b02      	cmp	r3, #2
1000443e:	d012      	beq.n	10004466 <usb_reset_interface_control_xfer_cb+0x4a>
10004440:	2000      	movs	r0, #0
10004442:	e018      	b.n	10004476 <usb_reset_interface_control_xfer_cb+0x5a>
10004444:	7891      	ldrb	r1, [r2, #2]
10004446:	78d3      	ldrb	r3, [r2, #3]
10004448:	021b      	lsls	r3, r3, #8
1000444a:	4319      	orrs	r1, r3
1000444c:	05db      	lsls	r3, r3, #23
1000444e:	d506      	bpl.n	1000445e <usb_reset_interface_control_xfer_cb+0x42>
10004450:	060a      	lsls	r2, r1, #24
10004452:	0fd2      	lsrs	r2, r2, #31
10004454:	0a48      	lsrs	r0, r1, #9
10004456:	2303      	movs	r3, #3
10004458:	4019      	ands	r1, r3
1000445a:	f7fd fa2d 	bl	100018b8 <rom_reset_usb_boot_extra>
1000445e:	2200      	movs	r2, #0
10004460:	2001      	movs	r0, #1
10004462:	4240      	negs	r0, r0
10004464:	e7f7      	b.n	10004456 <usb_reset_interface_control_xfer_cb+0x3a>
10004466:	2264      	movs	r2, #100	@ 0x64
10004468:	2100      	movs	r1, #0
1000446a:	2000      	movs	r0, #0
1000446c:	f7fd f9cc 	bl	10001808 <watchdog_reboot>
10004470:	2001      	movs	r0, #1
10004472:	e000      	b.n	10004476 <usb_reset_interface_control_xfer_cb+0x5a>
10004474:	2001      	movs	r0, #1
10004476:	bd10      	pop	{r4, pc}
10004478:	200018ce 	.word	0x200018ce

1000447c <tud_descriptor_bos_cb>:
1000447c:	4800      	ldr	r0, [pc, #0]	@ (10004480 <tud_descriptor_bos_cb+0x4>)
1000447e:	4770      	bx	lr
10004480:	100077f0 	.word	0x100077f0

10004484 <tud_vendor_control_xfer_cb>:
10004484:	b510      	push	{r4, lr}
10004486:	0004      	movs	r4, r0
10004488:	0010      	movs	r0, r2
1000448a:	2901      	cmp	r1, #1
1000448c:	d111      	bne.n	100044b2 <tud_vendor_control_xfer_cb+0x2e>
1000448e:	7853      	ldrb	r3, [r2, #1]
10004490:	2b01      	cmp	r3, #1
10004492:	d110      	bne.n	100044b6 <tud_vendor_control_xfer_cb+0x32>
10004494:	7912      	ldrb	r2, [r2, #4]
10004496:	7943      	ldrb	r3, [r0, #5]
10004498:	021b      	lsls	r3, r3, #8
1000449a:	4313      	orrs	r3, r2
1000449c:	2b07      	cmp	r3, #7
1000449e:	d001      	beq.n	100044a4 <tud_vendor_control_xfer_cb+0x20>
100044a0:	2000      	movs	r0, #0
100044a2:	e007      	b.n	100044b4 <tud_vendor_control_xfer_cb+0x30>
100044a4:	4a05      	ldr	r2, [pc, #20]	@ (100044bc <tud_vendor_control_xfer_cb+0x38>)
100044a6:	339f      	adds	r3, #159	@ 0x9f
100044a8:	0001      	movs	r1, r0
100044aa:	0020      	movs	r0, r4
100044ac:	f001 f8d4 	bl	10005658 <tud_control_xfer>
100044b0:	e000      	b.n	100044b4 <tud_vendor_control_xfer_cb+0x30>
100044b2:	2001      	movs	r0, #1
100044b4:	bd10      	pop	{r4, pc}
100044b6:	2000      	movs	r0, #0
100044b8:	e7fc      	b.n	100044b4 <tud_vendor_control_xfer_cb+0x30>
100044ba:	46c0      	nop			@ (mov r8, r8)
100044bc:	10007748 	.word	0x10007748

100044c0 <usbd_app_driver_get_cb>:
100044c0:	2301      	movs	r3, #1
100044c2:	7003      	strb	r3, [r0, #0]
100044c4:	4800      	ldr	r0, [pc, #0]	@ (100044c8 <usbd_app_driver_get_cb+0x8>)
100044c6:	4770      	bx	lr
100044c8:	10007814 	.word	0x10007814

100044cc <tud_cdc_line_coding_cb>:
100044cc:	b510      	push	{r4, lr}
100044ce:	780a      	ldrb	r2, [r1, #0]
100044d0:	784b      	ldrb	r3, [r1, #1]
100044d2:	021b      	lsls	r3, r3, #8
100044d4:	4313      	orrs	r3, r2
100044d6:	788a      	ldrb	r2, [r1, #2]
100044d8:	0412      	lsls	r2, r2, #16
100044da:	431a      	orrs	r2, r3
100044dc:	78cb      	ldrb	r3, [r1, #3]
100044de:	061b      	lsls	r3, r3, #24
100044e0:	4313      	orrs	r3, r2
100044e2:	2296      	movs	r2, #150	@ 0x96
100044e4:	00d2      	lsls	r2, r2, #3
100044e6:	4293      	cmp	r3, r2
100044e8:	d000      	beq.n	100044ec <tud_cdc_line_coding_cb+0x20>
100044ea:	bd10      	pop	{r4, pc}
100044ec:	2001      	movs	r0, #1
100044ee:	2200      	movs	r2, #0
100044f0:	0011      	movs	r1, r2
100044f2:	4240      	negs	r0, r0
100044f4:	f7fd f9e0 	bl	100018b8 <rom_reset_usb_boot_extra>

100044f8 <hw_endpoint_init>:
100044f8:	b530      	push	{r4, r5, lr}
100044fa:	b083      	sub	sp, #12
100044fc:	0004      	movs	r4, r0
100044fe:	000d      	movs	r5, r1
10004500:	4694      	mov	ip, r2
10004502:	237f      	movs	r3, #127	@ 0x7f
10004504:	4003      	ands	r3, r0
10004506:	09c2      	lsrs	r2, r0, #7
10004508:	4829      	ldr	r0, [pc, #164]	@ (100045b0 <hw_endpoint_init+0xb8>)
1000450a:	0059      	lsls	r1, r3, #1
1000450c:	1889      	adds	r1, r1, r2
1000450e:	0149      	lsls	r1, r1, #5
10004510:	1840      	adds	r0, r0, r1
10004512:	7084      	strb	r4, [r0, #2]
10004514:	4251      	negs	r1, r2
10004516:	4151      	adcs	r1, r2
10004518:	7041      	strb	r1, [r0, #1]
1000451a:	2100      	movs	r1, #0
1000451c:	70c1      	strb	r1, [r0, #3]
1000451e:	8305      	strh	r5, [r0, #24]
10004520:	4661      	mov	r1, ip
10004522:	76c1      	strb	r1, [r0, #27]
10004524:	2a01      	cmp	r2, #1
10004526:	d01e      	beq.n	10004566 <hw_endpoint_init+0x6e>
10004528:	00dc      	lsls	r4, r3, #3
1000452a:	4922      	ldr	r1, [pc, #136]	@ (100045b4 <hw_endpoint_init+0xbc>)
1000452c:	468c      	mov	ip, r1
1000452e:	4464      	add	r4, ip
10004530:	491f      	ldr	r1, [pc, #124]	@ (100045b0 <hw_endpoint_init+0xb8>)
10004532:	0058      	lsls	r0, r3, #1
10004534:	1880      	adds	r0, r0, r2
10004536:	0140      	lsls	r0, r0, #5
10004538:	1809      	adds	r1, r1, r0
1000453a:	608c      	str	r4, [r1, #8]
1000453c:	491c      	ldr	r1, [pc, #112]	@ (100045b0 <hw_endpoint_init+0xb8>)
1000453e:	0058      	lsls	r0, r3, #1
10004540:	1880      	adds	r0, r0, r2
10004542:	0140      	lsls	r0, r0, #5
10004544:	1809      	adds	r1, r1, r0
10004546:	6889      	ldr	r1, [r1, #8]
10004548:	2000      	movs	r0, #0
1000454a:	6008      	str	r0, [r1, #0]
1000454c:	2b00      	cmp	r3, #0
1000454e:	d115      	bne.n	1000457c <hw_endpoint_init+0x84>
10004550:	4917      	ldr	r1, [pc, #92]	@ (100045b0 <hw_endpoint_init+0xb8>)
10004552:	005b      	lsls	r3, r3, #1
10004554:	189b      	adds	r3, r3, r2
10004556:	015b      	lsls	r3, r3, #5
10004558:	18cb      	adds	r3, r1, r3
1000455a:	2200      	movs	r2, #0
1000455c:	605a      	str	r2, [r3, #4]
1000455e:	4a16      	ldr	r2, [pc, #88]	@ (100045b8 <hw_endpoint_init+0xc0>)
10004560:	60da      	str	r2, [r3, #12]
10004562:	b003      	add	sp, #12
10004564:	bd30      	pop	{r4, r5, pc}
10004566:	00dc      	lsls	r4, r3, #3
10004568:	4914      	ldr	r1, [pc, #80]	@ (100045bc <hw_endpoint_init+0xc4>)
1000456a:	468c      	mov	ip, r1
1000456c:	4464      	add	r4, ip
1000456e:	4910      	ldr	r1, [pc, #64]	@ (100045b0 <hw_endpoint_init+0xb8>)
10004570:	0058      	lsls	r0, r3, #1
10004572:	1880      	adds	r0, r0, r2
10004574:	0140      	lsls	r0, r0, #5
10004576:	1809      	adds	r1, r1, r0
10004578:	608c      	str	r4, [r1, #8]
1000457a:	e7df      	b.n	1000453c <hw_endpoint_init+0x44>
1000457c:	2a01      	cmp	r2, #1
1000457e:	d00b      	beq.n	10004598 <hw_endpoint_init+0xa0>
10004580:	1e58      	subs	r0, r3, #1
10004582:	00c0      	lsls	r0, r0, #3
10004584:	490e      	ldr	r1, [pc, #56]	@ (100045c0 <hw_endpoint_init+0xc8>)
10004586:	468c      	mov	ip, r1
10004588:	4460      	add	r0, ip
1000458a:	4909      	ldr	r1, [pc, #36]	@ (100045b0 <hw_endpoint_init+0xb8>)
1000458c:	005b      	lsls	r3, r3, #1
1000458e:	189b      	adds	r3, r3, r2
10004590:	015b      	lsls	r3, r3, #5
10004592:	18c9      	adds	r1, r1, r3
10004594:	6048      	str	r0, [r1, #4]
10004596:	e7e4      	b.n	10004562 <hw_endpoint_init+0x6a>
10004598:	1e58      	subs	r0, r3, #1
1000459a:	00c0      	lsls	r0, r0, #3
1000459c:	4909      	ldr	r1, [pc, #36]	@ (100045c4 <hw_endpoint_init+0xcc>)
1000459e:	468c      	mov	ip, r1
100045a0:	4460      	add	r0, ip
100045a2:	4903      	ldr	r1, [pc, #12]	@ (100045b0 <hw_endpoint_init+0xb8>)
100045a4:	005b      	lsls	r3, r3, #1
100045a6:	189b      	adds	r3, r3, r2
100045a8:	015b      	lsls	r3, r3, #5
100045aa:	18c9      	adds	r1, r1, r3
100045ac:	6048      	str	r0, [r1, #4]
100045ae:	e7d8      	b.n	10004562 <hw_endpoint_init+0x6a>
100045b0:	20001280 	.word	0x20001280
100045b4:	50100084 	.word	0x50100084
100045b8:	50100100 	.word	0x50100100
100045bc:	50100080 	.word	0x50100080
100045c0:	5010000c 	.word	0x5010000c
100045c4:	50100008 	.word	0x50100008

100045c8 <hw_endpoint_alloc>:
100045c8:	b510      	push	{r4, lr}
100045ca:	8b03      	ldrh	r3, [r0, #24]
100045cc:	333f      	adds	r3, #63	@ 0x3f
100045ce:	099b      	lsrs	r3, r3, #6
100045d0:	0199      	lsls	r1, r3, #6
100045d2:	7ec2      	ldrb	r2, [r0, #27]
100045d4:	2a02      	cmp	r2, #2
100045d6:	d008      	beq.n	100045ea <hw_endpoint_alloc+0x22>
100045d8:	4a08      	ldr	r2, [pc, #32]	@ (100045fc <hw_endpoint_alloc+0x34>)
100045da:	6813      	ldr	r3, [r2, #0]
100045dc:	60c3      	str	r3, [r0, #12]
100045de:	185b      	adds	r3, r3, r1
100045e0:	6013      	str	r3, [r2, #0]
100045e2:	4a07      	ldr	r2, [pc, #28]	@ (10004600 <hw_endpoint_alloc+0x38>)
100045e4:	4293      	cmp	r3, r2
100045e6:	d802      	bhi.n	100045ee <hw_endpoint_alloc+0x26>
100045e8:	bd10      	pop	{r4, pc}
100045ea:	01d9      	lsls	r1, r3, #7
100045ec:	e7f4      	b.n	100045d8 <hw_endpoint_alloc+0x10>
100045ee:	4b05      	ldr	r3, [pc, #20]	@ (10004604 <hw_endpoint_alloc+0x3c>)
100045f0:	4a05      	ldr	r2, [pc, #20]	@ (10004608 <hw_endpoint_alloc+0x40>)
100045f2:	4806      	ldr	r0, [pc, #24]	@ (1000460c <hw_endpoint_alloc+0x44>)
100045f4:	2152      	movs	r1, #82	@ 0x52
100045f6:	f7ff faa9 	bl	10003b4c <__assert_func>
100045fa:	46c0      	nop			@ (mov r8, r8)
100045fc:	20001684 	.word	0x20001684
10004600:	50100fff 	.word	0x50100fff
10004604:	100072b4 	.word	0x100072b4
10004608:	10007864 	.word	0x10007864
1000460c:	100072f8 	.word	0x100072f8

10004610 <hw_endpoint_open>:
10004610:	b5f8      	push	{r3, r4, r5, r6, r7, lr}
10004612:	247f      	movs	r4, #127	@ 0x7f
10004614:	4004      	ands	r4, r0
10004616:	09c5      	lsrs	r5, r0, #7
10004618:	0063      	lsls	r3, r4, #1
1000461a:	195b      	adds	r3, r3, r5
1000461c:	015b      	lsls	r3, r3, #5
1000461e:	4e0f      	ldr	r6, [pc, #60]	@ (1000465c <hw_endpoint_open+0x4c>)
10004620:	46b4      	mov	ip, r6
10004622:	4463      	add	r3, ip
10004624:	001e      	movs	r6, r3
10004626:	f7ff ff67 	bl	100044f8 <hw_endpoint_init>
1000462a:	2c00      	cmp	r4, #0
1000462c:	d100      	bne.n	10004630 <hw_endpoint_open+0x20>
1000462e:	bdf8      	pop	{r3, r4, r5, r6, r7, pc}
10004630:	4b0a      	ldr	r3, [pc, #40]	@ (1000465c <hw_endpoint_open+0x4c>)
10004632:	0064      	lsls	r4, r4, #1
10004634:	1964      	adds	r4, r4, r5
10004636:	0164      	lsls	r4, r4, #5
10004638:	191c      	adds	r4, r3, r4
1000463a:	8b21      	ldrh	r1, [r4, #24]
1000463c:	0030      	movs	r0, r6
1000463e:	f7ff ffc3 	bl	100045c8 <hw_endpoint_alloc>
10004642:	7ee3      	ldrb	r3, [r4, #27]
10004644:	069b      	lsls	r3, r3, #26
10004646:	68e1      	ldr	r1, [r4, #12]
10004648:	4a05      	ldr	r2, [pc, #20]	@ (10004660 <hw_endpoint_open+0x50>)
1000464a:	404a      	eors	r2, r1
1000464c:	4313      	orrs	r3, r2
1000464e:	2280      	movs	r2, #128	@ 0x80
10004650:	0612      	lsls	r2, r2, #24
10004652:	4313      	orrs	r3, r2
10004654:	6862      	ldr	r2, [r4, #4]
10004656:	6013      	str	r3, [r2, #0]
10004658:	e7e9      	b.n	1000462e <hw_endpoint_open+0x1e>
1000465a:	46c0      	nop			@ (mov r8, r8)
1000465c:	20001280 	.word	0x20001280
10004660:	50100000 	.word	0x50100000

10004664 <hw_endpoint_xfer>:
10004664:	b510      	push	{r4, lr}
10004666:	0003      	movs	r3, r0
10004668:	207f      	movs	r0, #127	@ 0x7f
1000466a:	4018      	ands	r0, r3
1000466c:	09db      	lsrs	r3, r3, #7
1000466e:	469c      	mov	ip, r3
10004670:	0040      	lsls	r0, r0, #1
10004672:	4460      	add	r0, ip
10004674:	0140      	lsls	r0, r0, #5
10004676:	4b02      	ldr	r3, [pc, #8]	@ (10004680 <hw_endpoint_xfer+0x1c>)
10004678:	18c0      	adds	r0, r0, r3
1000467a:	f000 f92f 	bl	100048dc <hw_endpoint_xfer_start>
1000467e:	bd10      	pop	{r4, pc}
10004680:	20001280 	.word	0x20001280

10004684 <dcd_int_enable>:
10004684:	b510      	push	{r4, lr}
10004686:	2800      	cmp	r0, #0
10004688:	d104      	bne.n	10004694 <dcd_int_enable+0x10>
1000468a:	2101      	movs	r1, #1
1000468c:	2005      	movs	r0, #5
1000468e:	f7fc f8cd 	bl	1000082c <irq_set_enabled>
10004692:	bd10      	pop	{r4, pc}
10004694:	4b03      	ldr	r3, [pc, #12]	@ (100046a4 <dcd_int_enable+0x20>)
10004696:	4a04      	ldr	r2, [pc, #16]	@ (100046a8 <dcd_int_enable+0x24>)
10004698:	2198      	movs	r1, #152	@ 0x98
1000469a:	4804      	ldr	r0, [pc, #16]	@ (100046ac <dcd_int_enable+0x28>)
1000469c:	31ff      	adds	r1, #255	@ 0xff
1000469e:	f7ff fa55 	bl	10003b4c <__assert_func>
100046a2:	46c0      	nop			@ (mov r8, r8)
100046a4:	10007368 	.word	0x10007368
100046a8:	10007854 	.word	0x10007854
100046ac:	100072f8 	.word	0x100072f8

100046b0 <dcd_set_address>:
100046b0:	b510      	push	{r4, lr}
100046b2:	2800      	cmp	r0, #0
100046b4:	d105      	bne.n	100046c2 <dcd_set_address+0x12>
100046b6:	2200      	movs	r2, #0
100046b8:	2100      	movs	r1, #0
100046ba:	2080      	movs	r0, #128	@ 0x80
100046bc:	f7ff ffd2 	bl	10004664 <hw_endpoint_xfer>
100046c0:	bd10      	pop	{r4, pc}
100046c2:	4b03      	ldr	r3, [pc, #12]	@ (100046d0 <dcd_set_address+0x20>)
100046c4:	4a03      	ldr	r2, [pc, #12]	@ (100046d4 <dcd_set_address+0x24>)
100046c6:	21a2      	movs	r1, #162	@ 0xa2
100046c8:	4803      	ldr	r0, [pc, #12]	@ (100046d8 <dcd_set_address+0x28>)
100046ca:	31ff      	adds	r1, #255	@ 0xff
100046cc:	f7ff fa3e 	bl	10003b4c <__assert_func>
100046d0:	10007368 	.word	0x10007368
100046d4:	10007844 	.word	0x10007844
100046d8:	100072f8 	.word	0x100072f8

100046dc <dcd_connect>:
100046dc:	4b02      	ldr	r3, [pc, #8]	@ (100046e8 <dcd_connect+0xc>)
100046de:	2280      	movs	r2, #128	@ 0x80
100046e0:	0252      	lsls	r2, r2, #9
100046e2:	64da      	str	r2, [r3, #76]	@ 0x4c
100046e4:	4770      	bx	lr
100046e6:	46c0      	nop			@ (mov r8, r8)
100046e8:	50112000 	.word	0x50112000

100046ec <dcd_init>:
100046ec:	b570      	push	{r4, r5, r6, lr}
100046ee:	1e04      	subs	r4, r0, #0
100046f0:	d127      	bne.n	10004742 <dcd_init+0x56>
100046f2:	f000 f8d1 	bl	10004898 <rp2040_usb_init>
100046f6:	4d16      	ldr	r5, [pc, #88]	@ (10004750 <dcd_init+0x64>)
100046f8:	230c      	movs	r3, #12
100046fa:	67ab      	str	r3, [r5, #120]	@ 0x78
100046fc:	4915      	ldr	r1, [pc, #84]	@ (10004754 <dcd_init+0x68>)
100046fe:	22ff      	movs	r2, #255	@ 0xff
10004700:	2005      	movs	r0, #5
10004702:	f7fc f8e7 	bl	100008d4 <irq_add_shared_handler>
10004706:	4814      	ldr	r0, [pc, #80]	@ (10004758 <dcd_init+0x6c>)
10004708:	2240      	movs	r2, #64	@ 0x40
1000470a:	2100      	movs	r1, #0
1000470c:	f7fe f918 	bl	10002940 <__wrap_memset>
10004710:	2200      	movs	r2, #0
10004712:	2140      	movs	r1, #64	@ 0x40
10004714:	2000      	movs	r0, #0
10004716:	f7ff ff7b 	bl	10004610 <hw_endpoint_open>
1000471a:	2200      	movs	r2, #0
1000471c:	2140      	movs	r1, #64	@ 0x40
1000471e:	2080      	movs	r0, #128	@ 0x80
10004720:	f7ff ff76 	bl	10004610 <hw_endpoint_open>
10004724:	f001 fff0 	bl	10006708 <__reset_non_control_endpoints_veneer>
10004728:	2301      	movs	r3, #1
1000472a:	642b      	str	r3, [r5, #64]	@ 0x40
1000472c:	2380      	movs	r3, #128	@ 0x80
1000472e:	059b      	lsls	r3, r3, #22
10004730:	64eb      	str	r3, [r5, #76]	@ 0x4c
10004732:	2390      	movs	r3, #144	@ 0x90
10004734:	4a09      	ldr	r2, [pc, #36]	@ (1000475c <dcd_init+0x70>)
10004736:	50ea      	str	r2, [r5, r3]
10004738:	0020      	movs	r0, r4
1000473a:	f7ff ffcf 	bl	100046dc <dcd_connect>
1000473e:	2001      	movs	r0, #1
10004740:	bd70      	pop	{r4, r5, r6, pc}
10004742:	4b07      	ldr	r3, [pc, #28]	@ (10004760 <dcd_init+0x74>)
10004744:	4a07      	ldr	r2, [pc, #28]	@ (10004764 <dcd_init+0x78>)
10004746:	2164      	movs	r1, #100	@ 0x64
10004748:	4807      	ldr	r0, [pc, #28]	@ (10004768 <dcd_init+0x7c>)
1000474a:	31ff      	adds	r1, #255	@ 0xff
1000474c:	f7ff f9fe 	bl	10003b4c <__assert_func>
10004750:	50110000 	.word	0x50110000
10004754:	200004ad 	.word	0x200004ad
10004758:	20001280 	.word	0x20001280
1000475c:	0001d010 	.word	0x0001d010
10004760:	10007368 	.word	0x10007368
10004764:	10007878 	.word	0x10007878
10004768:	100072f8 	.word	0x100072f8

1000476c <dcd_sof_enable>:
1000476c:	4b04      	ldr	r3, [pc, #16]	@ (10004780 <dcd_sof_enable+0x14>)
1000476e:	7019      	strb	r1, [r3, #0]
10004770:	2900      	cmp	r1, #0
10004772:	d004      	beq.n	1000477e <dcd_sof_enable+0x12>
10004774:	4a03      	ldr	r2, [pc, #12]	@ (10004784 <dcd_sof_enable+0x18>)
10004776:	2390      	movs	r3, #144	@ 0x90
10004778:	2180      	movs	r1, #128	@ 0x80
1000477a:	0289      	lsls	r1, r1, #10
1000477c:	50d1      	str	r1, [r2, r3]
1000477e:	4770      	bx	lr
10004780:	200018ca 	.word	0x200018ca
10004784:	50112000 	.word	0x50112000

10004788 <dcd_edpt0_status_complete>:
10004788:	780b      	ldrb	r3, [r1, #0]
1000478a:	06da      	lsls	r2, r3, #27
1000478c:	d105      	bne.n	1000479a <dcd_edpt0_status_complete+0x12>
1000478e:	2260      	movs	r2, #96	@ 0x60
10004790:	421a      	tst	r2, r3
10004792:	d102      	bne.n	1000479a <dcd_edpt0_status_complete+0x12>
10004794:	784b      	ldrb	r3, [r1, #1]
10004796:	2b05      	cmp	r3, #5
10004798:	d000      	beq.n	1000479c <dcd_edpt0_status_complete+0x14>
1000479a:	4770      	bx	lr
1000479c:	788a      	ldrb	r2, [r1, #2]
1000479e:	78cb      	ldrb	r3, [r1, #3]
100047a0:	021b      	lsls	r3, r3, #8
100047a2:	4313      	orrs	r3, r2
100047a4:	22ff      	movs	r2, #255	@ 0xff
100047a6:	4013      	ands	r3, r2
100047a8:	4a01      	ldr	r2, [pc, #4]	@ (100047b0 <dcd_edpt0_status_complete+0x28>)
100047aa:	6013      	str	r3, [r2, #0]
100047ac:	e7f5      	b.n	1000479a <dcd_edpt0_status_complete+0x12>
100047ae:	46c0      	nop			@ (mov r8, r8)
100047b0:	50110000 	.word	0x50110000

100047b4 <dcd_edpt_open>:
100047b4:	b510      	push	{r4, lr}
100047b6:	78ca      	ldrb	r2, [r1, #3]
100047b8:	0792      	lsls	r2, r2, #30
100047ba:	0f92      	lsrs	r2, r2, #30
100047bc:	2a01      	cmp	r2, #1
100047be:	d00a      	beq.n	100047d6 <dcd_edpt_open+0x22>
100047c0:	7888      	ldrb	r0, [r1, #2]
100047c2:	790b      	ldrb	r3, [r1, #4]
100047c4:	7949      	ldrb	r1, [r1, #5]
100047c6:	0209      	lsls	r1, r1, #8
100047c8:	4319      	orrs	r1, r3
100047ca:	0549      	lsls	r1, r1, #21
100047cc:	0d49      	lsrs	r1, r1, #21
100047ce:	f7ff ff1f 	bl	10004610 <hw_endpoint_open>
100047d2:	2001      	movs	r0, #1
100047d4:	bd10      	pop	{r4, pc}
100047d6:	2000      	movs	r0, #0
100047d8:	e7fc      	b.n	100047d4 <dcd_edpt_open+0x20>

100047da <dcd_edpt_close_all>:
100047da:	b510      	push	{r4, lr}
100047dc:	f001 ff94 	bl	10006708 <__reset_non_control_endpoints_veneer>
100047e0:	bd10      	pop	{r4, pc}
	...

100047e4 <dcd_edpt_xfer>:
100047e4:	b510      	push	{r4, lr}
100047e6:	4684      	mov	ip, r0
100047e8:	0008      	movs	r0, r1
100047ea:	0011      	movs	r1, r2
100047ec:	001a      	movs	r2, r3
100047ee:	4663      	mov	r3, ip
100047f0:	2b00      	cmp	r3, #0
100047f2:	d103      	bne.n	100047fc <dcd_edpt_xfer+0x18>
100047f4:	f7ff ff36 	bl	10004664 <hw_endpoint_xfer>
100047f8:	2001      	movs	r0, #1
100047fa:	bd10      	pop	{r4, pc}
100047fc:	4b03      	ldr	r3, [pc, #12]	@ (1000480c <dcd_edpt_xfer+0x28>)
100047fe:	4a04      	ldr	r2, [pc, #16]	@ (10004810 <dcd_edpt_xfer+0x2c>)
10004800:	2181      	movs	r1, #129	@ 0x81
10004802:	4804      	ldr	r0, [pc, #16]	@ (10004814 <dcd_edpt_xfer+0x30>)
10004804:	0089      	lsls	r1, r1, #2
10004806:	f7ff f9a1 	bl	10003b4c <__assert_func>
1000480a:	46c0      	nop			@ (mov r8, r8)
1000480c:	10007368 	.word	0x10007368
10004810:	10007834 	.word	0x10007834
10004814:	100072f8 	.word	0x100072f8

10004818 <dcd_edpt_stall>:
10004818:	b510      	push	{r4, lr}
1000481a:	237f      	movs	r3, #127	@ 0x7f
1000481c:	0018      	movs	r0, r3
1000481e:	4008      	ands	r0, r1
10004820:	420b      	tst	r3, r1
10004822:	d105      	bne.n	10004830 <dcd_edpt_stall+0x18>
10004824:	09cb      	lsrs	r3, r1, #7
10004826:	2b01      	cmp	r3, #1
10004828:	d00e      	beq.n	10004848 <dcd_edpt_stall+0x30>
1000482a:	2202      	movs	r2, #2
1000482c:	4b07      	ldr	r3, [pc, #28]	@ (1000484c <dcd_edpt_stall+0x34>)
1000482e:	669a      	str	r2, [r3, #104]	@ 0x68
10004830:	09c9      	lsrs	r1, r1, #7
10004832:	0040      	lsls	r0, r0, #1
10004834:	1840      	adds	r0, r0, r1
10004836:	0140      	lsls	r0, r0, #5
10004838:	4b05      	ldr	r3, [pc, #20]	@ (10004850 <dcd_edpt_stall+0x38>)
1000483a:	18c0      	adds	r0, r0, r3
1000483c:	2280      	movs	r2, #128	@ 0x80
1000483e:	0112      	lsls	r2, r2, #4
10004840:	2100      	movs	r1, #0
10004842:	f001 ffa1 	bl	10006788 <___hw_endpoint_buffer_control_update32_veneer>
10004846:	bd10      	pop	{r4, pc}
10004848:	2201      	movs	r2, #1
1000484a:	e7ef      	b.n	1000482c <dcd_edpt_stall+0x14>
1000484c:	50112000 	.word	0x50112000
10004850:	20001280 	.word	0x20001280

10004854 <dcd_edpt_clear_stall>:
10004854:	b510      	push	{r4, lr}
10004856:	227f      	movs	r2, #127	@ 0x7f
10004858:	0010      	movs	r0, r2
1000485a:	4008      	ands	r0, r1
1000485c:	420a      	tst	r2, r1
1000485e:	d100      	bne.n	10004862 <dcd_edpt_clear_stall+0xe>
10004860:	bd10      	pop	{r4, pc}
10004862:	09c9      	lsrs	r1, r1, #7
10004864:	0040      	lsls	r0, r0, #1
10004866:	1840      	adds	r0, r0, r1
10004868:	0140      	lsls	r0, r0, #5
1000486a:	4b04      	ldr	r3, [pc, #16]	@ (1000487c <dcd_edpt_clear_stall+0x28>)
1000486c:	18c0      	adds	r0, r0, r3
1000486e:	2300      	movs	r3, #0
10004870:	70c3      	strb	r3, [r0, #3]
10004872:	2200      	movs	r2, #0
10004874:	4902      	ldr	r1, [pc, #8]	@ (10004880 <dcd_edpt_clear_stall+0x2c>)
10004876:	f001 ff87 	bl	10006788 <___hw_endpoint_buffer_control_update32_veneer>
1000487a:	e7f1      	b.n	10004860 <dcd_edpt_clear_stall+0xc>
1000487c:	20001280 	.word	0x20001280
10004880:	fffff7ff 	.word	0xfffff7ff

10004884 <unaligned_memcpy>:
10004884:	e004      	b.n	10004890 <unaligned_memcpy+0xc>
10004886:	780a      	ldrb	r2, [r1, #0]
10004888:	7002      	strb	r2, [r0, #0]
1000488a:	3101      	adds	r1, #1
1000488c:	3001      	adds	r0, #1
1000488e:	001a      	movs	r2, r3
10004890:	1e53      	subs	r3, r2, #1
10004892:	2a00      	cmp	r2, #0
10004894:	d1f7      	bne.n	10004886 <unaligned_memcpy+0x2>
10004896:	4770      	bx	lr

10004898 <rp2040_usb_init>:
10004898:	b510      	push	{r4, lr}
1000489a:	2380      	movs	r3, #128	@ 0x80
1000489c:	045b      	lsls	r3, r3, #17
1000489e:	4a0a      	ldr	r2, [pc, #40]	@ (100048c8 <rp2040_usb_init+0x30>)
100048a0:	6013      	str	r3, [r2, #0]
100048a2:	4a0a      	ldr	r2, [pc, #40]	@ (100048cc <rp2040_usb_init+0x34>)
100048a4:	6013      	str	r3, [r2, #0]
100048a6:	4b0a      	ldr	r3, [pc, #40]	@ (100048d0 <rp2040_usb_init+0x38>)
100048a8:	681a      	ldr	r2, [r3, #0]
100048aa:	2380      	movs	r3, #128	@ 0x80
100048ac:	045b      	lsls	r3, r3, #17
100048ae:	4393      	bics	r3, r2
100048b0:	d1f9      	bne.n	100048a6 <rp2040_usb_init+0xe>
100048b2:	2280      	movs	r2, #128	@ 0x80
100048b4:	0152      	lsls	r2, r2, #5
100048b6:	2100      	movs	r1, #0
100048b8:	4806      	ldr	r0, [pc, #24]	@ (100048d4 <rp2040_usb_init+0x3c>)
100048ba:	f7fe f841 	bl	10002940 <__wrap_memset>
100048be:	4b06      	ldr	r3, [pc, #24]	@ (100048d8 <rp2040_usb_init+0x40>)
100048c0:	2209      	movs	r2, #9
100048c2:	675a      	str	r2, [r3, #116]	@ 0x74
100048c4:	bd10      	pop	{r4, pc}
100048c6:	46c0      	nop			@ (mov r8, r8)
100048c8:	4000e000 	.word	0x4000e000
100048cc:	4000f000 	.word	0x4000f000
100048d0:	4000c008 	.word	0x4000c008
100048d4:	50100000 	.word	0x50100000
100048d8:	50110000 	.word	0x50110000

100048dc <hw_endpoint_xfer_start>:
100048dc:	b570      	push	{r4, r5, r6, lr}
100048de:	0004      	movs	r4, r0
100048e0:	000d      	movs	r5, r1
100048e2:	0016      	movs	r6, r2
100048e4:	7e83      	ldrb	r3, [r0, #26]
100048e6:	2b00      	cmp	r3, #0
100048e8:	d117      	bne.n	1000491a <hw_endpoint_xfer_start+0x3e>
100048ea:	82a6      	strh	r6, [r4, #20]
100048ec:	2300      	movs	r3, #0
100048ee:	82e3      	strh	r3, [r4, #22]
100048f0:	3301      	adds	r3, #1
100048f2:	76a3      	strb	r3, [r4, #26]
100048f4:	6125      	str	r5, [r4, #16]
100048f6:	0020      	movs	r0, r4
100048f8:	f001 ff16 	bl	10006728 <__e15_is_bulkin_ep_veneer>
100048fc:	2800      	cmp	r0, #0
100048fe:	d004      	beq.n	1000490a <hw_endpoint_xfer_start+0x2e>
10004900:	4a0c      	ldr	r2, [pc, #48]	@ (10004934 <hw_endpoint_xfer_start+0x58>)
10004902:	2390      	movs	r3, #144	@ 0x90
10004904:	2180      	movs	r1, #128	@ 0x80
10004906:	0289      	lsls	r1, r1, #10
10004908:	50d1      	str	r1, [r2, r3]
1000490a:	0020      	movs	r0, r4
1000490c:	f001 fee4 	bl	100066d8 <__e15_is_critical_frame_period_veneer>
10004910:	2800      	cmp	r0, #0
10004912:	d00a      	beq.n	1000492a <hw_endpoint_xfer_start+0x4e>
10004914:	2301      	movs	r3, #1
10004916:	7723      	strb	r3, [r4, #28]
10004918:	bd70      	pop	{r4, r5, r6, pc}
1000491a:	7881      	ldrb	r1, [r0, #2]
1000491c:	4806      	ldr	r0, [pc, #24]	@ (10004938 <hw_endpoint_xfer_start+0x5c>)
1000491e:	f7ff fa81 	bl	10003e24 <__wrap_printf>
10004922:	0020      	movs	r0, r4
10004924:	f001 ff18 	bl	10006758 <__hw_endpoint_reset_transfer_veneer>
10004928:	e7df      	b.n	100048ea <hw_endpoint_xfer_start+0xe>
1000492a:	0020      	movs	r0, r4
1000492c:	f001 ff24 	bl	10006778 <__hw_endpoint_start_next_buffer_veneer>
10004930:	e7f2      	b.n	10004918 <hw_endpoint_xfer_start+0x3c>
10004932:	46c0      	nop			@ (mov r8, r8)
10004934:	50112000 	.word	0x50112000
10004938:	10007458 	.word	0x10007458

1000493c <configuration_reset>:
1000493c:	b570      	push	{r4, r5, r6, lr}
1000493e:	0005      	movs	r5, r0
10004940:	2400      	movs	r4, #0
10004942:	e008      	b.n	10004956 <configuration_reset+0x1a>
10004944:	1ae3      	subs	r3, r4, r3
10004946:	015b      	lsls	r3, r3, #5
10004948:	4a14      	ldr	r2, [pc, #80]	@ (1000499c <configuration_reset+0x60>)
1000494a:	189b      	adds	r3, r3, r2
1000494c:	68db      	ldr	r3, [r3, #12]
1000494e:	0028      	movs	r0, r5
10004950:	4798      	blx	r3
10004952:	3401      	adds	r4, #1
10004954:	b2e4      	uxtb	r4, r4
10004956:	4b12      	ldr	r3, [pc, #72]	@ (100049a0 <configuration_reset+0x64>)
10004958:	781b      	ldrb	r3, [r3, #0]
1000495a:	42a3      	cmp	r3, r4
1000495c:	d30c      	bcc.n	10004978 <configuration_reset+0x3c>
1000495e:	d9f1      	bls.n	10004944 <configuration_reset+0x8>
10004960:	4b10      	ldr	r3, [pc, #64]	@ (100049a4 <configuration_reset+0x68>)
10004962:	681b      	ldr	r3, [r3, #0]
10004964:	0162      	lsls	r2, r4, #5
10004966:	189b      	adds	r3, r3, r2
10004968:	2b00      	cmp	r3, #0
1000496a:	d1ef      	bne.n	1000494c <configuration_reset+0x10>
1000496c:	490e      	ldr	r1, [pc, #56]	@ (100049a8 <configuration_reset+0x6c>)
1000496e:	480f      	ldr	r0, [pc, #60]	@ (100049ac <configuration_reset+0x70>)
10004970:	4a0f      	ldr	r2, [pc, #60]	@ (100049b0 <configuration_reset+0x74>)
10004972:	f7ff fa57 	bl	10003e24 <__wrap_printf>
10004976:	e010      	b.n	1000499a <configuration_reset+0x5e>
10004978:	4c0e      	ldr	r4, [pc, #56]	@ (100049b4 <configuration_reset+0x78>)
1000497a:	2254      	movs	r2, #84	@ 0x54
1000497c:	2100      	movs	r1, #0
1000497e:	0020      	movs	r0, r4
10004980:	f7fd ffde 	bl	10002940 <__wrap_memset>
10004984:	1d20      	adds	r0, r4, #4
10004986:	2210      	movs	r2, #16
10004988:	21ff      	movs	r1, #255	@ 0xff
1000498a:	f7fd ffd9 	bl	10002940 <__wrap_memset>
1000498e:	0020      	movs	r0, r4
10004990:	3014      	adds	r0, #20
10004992:	2220      	movs	r2, #32
10004994:	21ff      	movs	r1, #255	@ 0xff
10004996:	f7fd ffd3 	bl	10002940 <__wrap_memset>
1000499a:	bd70      	pop	{r4, r5, r6, pc}
1000499c:	1000794c 	.word	0x1000794c
100049a0:	200018c9 	.word	0x200018c9
100049a4:	20000e48 	.word	0x20000e48
100049a8:	10007918 	.word	0x10007918
100049ac:	10007490 	.word	0x10007490
100049b0:	00000225 	.word	0x00000225
100049b4:	20000ff8 	.word	0x20000ff8

100049b8 <usbd_reset>:
100049b8:	b510      	push	{r4, lr}
100049ba:	f7ff ffbf 	bl	1000493c <configuration_reset>
100049be:	f000 fe97 	bl	100056f0 <usbd_control_reset>
100049c2:	bd10      	pop	{r4, pc}

100049c4 <invoke_class_control>:
100049c4:	b570      	push	{r4, r5, r6, lr}
100049c6:	0006      	movs	r6, r0
100049c8:	000c      	movs	r4, r1
100049ca:	0015      	movs	r5, r2
100049cc:	6948      	ldr	r0, [r1, #20]
100049ce:	f000 fe99 	bl	10005704 <usbd_control_set_complete_callback>
100049d2:	6963      	ldr	r3, [r4, #20]
100049d4:	002a      	movs	r2, r5
100049d6:	2101      	movs	r1, #1
100049d8:	0030      	movs	r0, r6
100049da:	4798      	blx	r3
100049dc:	bd70      	pop	{r4, r5, r6, pc}
	...

100049e0 <process_set_config>:
100049e0:	b5f0      	push	{r4, r5, r6, r7, lr}
100049e2:	46de      	mov	lr, fp
100049e4:	4657      	mov	r7, sl
100049e6:	464e      	mov	r6, r9
100049e8:	4645      	mov	r5, r8
100049ea:	b5e0      	push	{r5, r6, r7, lr}
100049ec:	b083      	sub	sp, #12
100049ee:	4681      	mov	r9, r0
100049f0:	3901      	subs	r1, #1
100049f2:	b2c8      	uxtb	r0, r1
100049f4:	f7ff fc60 	bl	100042b8 <tud_descriptor_configuration_cb>
100049f8:	2800      	cmp	r0, #0
100049fa:	d003      	beq.n	10004a04 <process_set_config+0x24>
100049fc:	7843      	ldrb	r3, [r0, #1]
100049fe:	469b      	mov	fp, r3
10004a00:	2b02      	cmp	r3, #2
10004a02:	d00c      	beq.n	10004a1e <process_set_config+0x3e>
10004a04:	494e      	ldr	r1, [pc, #312]	@ (10004b40 <process_set_config+0x160>)
10004a06:	484f      	ldr	r0, [pc, #316]	@ (10004b44 <process_set_config+0x164>)
10004a08:	4a4f      	ldr	r2, [pc, #316]	@ (10004b48 <process_set_config+0x168>)
10004a0a:	f7ff fa0b 	bl	10003e24 <__wrap_printf>
10004a0e:	2000      	movs	r0, #0
10004a10:	b003      	add	sp, #12
10004a12:	bcf0      	pop	{r4, r5, r6, r7}
10004a14:	46bb      	mov	fp, r7
10004a16:	46b2      	mov	sl, r6
10004a18:	46a9      	mov	r9, r5
10004a1a:	46a0      	mov	r8, r4
10004a1c:	bdf0      	pop	{r4, r5, r6, r7, pc}
10004a1e:	79c5      	ldrb	r5, [r0, #7]
10004a20:	116c      	asrs	r4, r5, #5
10004a22:	2201      	movs	r2, #1
10004a24:	4b49      	ldr	r3, [pc, #292]	@ (10004b4c <process_set_config+0x16c>)
10004a26:	4014      	ands	r4, r2
10004a28:	0124      	lsls	r4, r4, #4
10004a2a:	7819      	ldrb	r1, [r3, #0]
10004a2c:	2610      	movs	r6, #16
10004a2e:	43b1      	bics	r1, r6
10004a30:	4321      	orrs	r1, r4
10004a32:	7019      	strb	r1, [r3, #0]
10004a34:	11ad      	asrs	r5, r5, #6
10004a36:	402a      	ands	r2, r5
10004a38:	0152      	lsls	r2, r2, #5
10004a3a:	b2c9      	uxtb	r1, r1
10004a3c:	2420      	movs	r4, #32
10004a3e:	43a1      	bics	r1, r4
10004a40:	430a      	orrs	r2, r1
10004a42:	701a      	strb	r2, [r3, #0]
10004a44:	0006      	movs	r6, r0
10004a46:	3609      	adds	r6, #9
10004a48:	7882      	ldrb	r2, [r0, #2]
10004a4a:	78c3      	ldrb	r3, [r0, #3]
10004a4c:	021b      	lsls	r3, r3, #8
10004a4e:	4313      	orrs	r3, r2
10004a50:	18c3      	adds	r3, r0, r3
10004a52:	469a      	mov	sl, r3
10004a54:	e05b      	b.n	10004b0e <process_set_config+0x12e>
10004a56:	78f3      	ldrb	r3, [r6, #3]
10004a58:	4698      	mov	r8, r3
10004a5a:	7833      	ldrb	r3, [r6, #0]
10004a5c:	18f6      	adds	r6, r6, r3
10004a5e:	e05d      	b.n	10004b1c <process_set_config+0x13c>
10004a60:	4937      	ldr	r1, [pc, #220]	@ (10004b40 <process_set_config+0x160>)
10004a62:	4838      	ldr	r0, [pc, #224]	@ (10004b44 <process_set_config+0x164>)
10004a64:	4a3a      	ldr	r2, [pc, #232]	@ (10004b50 <process_set_config+0x170>)
10004a66:	f7ff f9dd 	bl	10003e24 <__wrap_printf>
10004a6a:	2000      	movs	r0, #0
10004a6c:	e7d0      	b.n	10004a10 <process_set_config+0x30>
10004a6e:	1b2c      	subs	r4, r5, r4
10004a70:	0164      	lsls	r4, r4, #5
10004a72:	4b38      	ldr	r3, [pc, #224]	@ (10004b54 <process_set_config+0x174>)
10004a74:	18e4      	adds	r4, r4, r3
10004a76:	6923      	ldr	r3, [r4, #16]
10004a78:	003a      	movs	r2, r7
10004a7a:	0031      	movs	r1, r6
10004a7c:	4648      	mov	r0, r9
10004a7e:	4798      	blx	r3
10004a80:	9001      	str	r0, [sp, #4]
10004a82:	2808      	cmp	r0, #8
10004a84:	d901      	bls.n	10004a8a <process_set_config+0xaa>
10004a86:	4287      	cmp	r7, r0
10004a88:	d213      	bcs.n	10004ab2 <process_set_config+0xd2>
10004a8a:	3501      	adds	r5, #1
10004a8c:	b2ed      	uxtb	r5, r5
10004a8e:	4b32      	ldr	r3, [pc, #200]	@ (10004b58 <process_set_config+0x178>)
10004a90:	781c      	ldrb	r4, [r3, #0]
10004a92:	42ac      	cmp	r4, r5
10004a94:	d337      	bcc.n	10004b06 <process_set_config+0x126>
10004a96:	d9ea      	bls.n	10004a6e <process_set_config+0x8e>
10004a98:	4b30      	ldr	r3, [pc, #192]	@ (10004b5c <process_set_config+0x17c>)
10004a9a:	681c      	ldr	r4, [r3, #0]
10004a9c:	016b      	lsls	r3, r5, #5
10004a9e:	18e4      	adds	r4, r4, r3
10004aa0:	2c00      	cmp	r4, #0
10004aa2:	d1e8      	bne.n	10004a76 <process_set_config+0x96>
10004aa4:	4926      	ldr	r1, [pc, #152]	@ (10004b40 <process_set_config+0x160>)
10004aa6:	4827      	ldr	r0, [pc, #156]	@ (10004b44 <process_set_config+0x164>)
10004aa8:	4a2d      	ldr	r2, [pc, #180]	@ (10004b60 <process_set_config+0x180>)
10004aaa:	f7ff f9bb 	bl	10003e24 <__wrap_printf>
10004aae:	2000      	movs	r0, #0
10004ab0:	e7ae      	b.n	10004a10 <process_set_config+0x30>
10004ab2:	4643      	mov	r3, r8
10004ab4:	2b01      	cmp	r3, #1
10004ab6:	d010      	beq.n	10004ada <process_set_config+0xfa>
10004ab8:	2200      	movs	r2, #0
10004aba:	4590      	cmp	r8, r2
10004abc:	d91a      	bls.n	10004af4 <process_set_config+0x114>
10004abe:	78b3      	ldrb	r3, [r6, #2]
10004ac0:	189b      	adds	r3, r3, r2
10004ac2:	b2db      	uxtb	r3, r3
10004ac4:	4921      	ldr	r1, [pc, #132]	@ (10004b4c <process_set_config+0x16c>)
10004ac6:	18c9      	adds	r1, r1, r3
10004ac8:	7909      	ldrb	r1, [r1, #4]
10004aca:	29ff      	cmp	r1, #255	@ 0xff
10004acc:	d10b      	bne.n	10004ae6 <process_set_config+0x106>
10004ace:	491f      	ldr	r1, [pc, #124]	@ (10004b4c <process_set_config+0x16c>)
10004ad0:	18cb      	adds	r3, r1, r3
10004ad2:	711d      	strb	r5, [r3, #4]
10004ad4:	3201      	adds	r2, #1
10004ad6:	b2d2      	uxtb	r2, r2
10004ad8:	e7ef      	b.n	10004aba <process_set_config+0xda>
10004ada:	6922      	ldr	r2, [r4, #16]
10004adc:	4b21      	ldr	r3, [pc, #132]	@ (10004b64 <process_set_config+0x184>)
10004ade:	429a      	cmp	r2, r3
10004ae0:	d1ea      	bne.n	10004ab8 <process_set_config+0xd8>
10004ae2:	46d8      	mov	r8, fp
10004ae4:	e7e8      	b.n	10004ab8 <process_set_config+0xd8>
10004ae6:	4916      	ldr	r1, [pc, #88]	@ (10004b40 <process_set_config+0x160>)
10004ae8:	4816      	ldr	r0, [pc, #88]	@ (10004b44 <process_set_config+0x164>)
10004aea:	4a1f      	ldr	r2, [pc, #124]	@ (10004b68 <process_set_config+0x188>)
10004aec:	f7ff f99a 	bl	10003e24 <__wrap_printf>
10004af0:	2000      	movs	r0, #0
10004af2:	e78d      	b.n	10004a10 <process_set_config+0x30>
10004af4:	481d      	ldr	r0, [pc, #116]	@ (10004b6c <process_set_config+0x18c>)
10004af6:	002b      	movs	r3, r5
10004af8:	9c01      	ldr	r4, [sp, #4]
10004afa:	0022      	movs	r2, r4
10004afc:	0031      	movs	r1, r6
10004afe:	f001 faf9 	bl	100060f4 <tu_edpt_bind_driver>
10004b02:	46a4      	mov	ip, r4
10004b04:	4466      	add	r6, ip
10004b06:	4b14      	ldr	r3, [pc, #80]	@ (10004b58 <process_set_config+0x178>)
10004b08:	781b      	ldrb	r3, [r3, #0]
10004b0a:	42ab      	cmp	r3, r5
10004b0c:	d30e      	bcc.n	10004b2c <process_set_config+0x14c>
10004b0e:	4556      	cmp	r6, sl
10004b10:	d214      	bcs.n	10004b3c <process_set_config+0x15c>
10004b12:	7873      	ldrb	r3, [r6, #1]
10004b14:	2b0b      	cmp	r3, #11
10004b16:	d09e      	beq.n	10004a56 <process_set_config+0x76>
10004b18:	2301      	movs	r3, #1
10004b1a:	4698      	mov	r8, r3
10004b1c:	7873      	ldrb	r3, [r6, #1]
10004b1e:	2b04      	cmp	r3, #4
10004b20:	d19e      	bne.n	10004a60 <process_set_config+0x80>
10004b22:	4653      	mov	r3, sl
10004b24:	1b9f      	subs	r7, r3, r6
10004b26:	b2bf      	uxth	r7, r7
10004b28:	2500      	movs	r5, #0
10004b2a:	e7b0      	b.n	10004a8e <process_set_config+0xae>
10004b2c:	2285      	movs	r2, #133	@ 0x85
10004b2e:	4904      	ldr	r1, [pc, #16]	@ (10004b40 <process_set_config+0x160>)
10004b30:	4804      	ldr	r0, [pc, #16]	@ (10004b44 <process_set_config+0x164>)
10004b32:	00d2      	lsls	r2, r2, #3
10004b34:	f7ff f976 	bl	10003e24 <__wrap_printf>
10004b38:	2000      	movs	r0, #0
10004b3a:	e769      	b.n	10004a10 <process_set_config+0x30>
10004b3c:	2001      	movs	r0, #1
10004b3e:	e767      	b.n	10004a10 <process_set_config+0x30>
10004b40:	100078ec 	.word	0x100078ec
10004b44:	10007490 	.word	0x10007490
10004b48:	000003d6 	.word	0x000003d6
10004b4c:	20000ff8 	.word	0x20000ff8
10004b50:	000003f1 	.word	0x000003f1
10004b54:	1000794c 	.word	0x1000794c
10004b58:	200018c9 	.word	0x200018c9
10004b5c:	20000e48 	.word	0x20000e48
10004b60:	000003fa 	.word	0x000003fa
10004b64:	10005b9d 	.word	0x10005b9d
10004b68:	00000419 	.word	0x00000419
10004b6c:	2000100c 	.word	0x2000100c

10004b70 <tud_event_hook_cb>:
10004b70:	4770      	bx	lr

10004b72 <tud_sof_cb>:
10004b72:	4770      	bx	lr

10004b74 <tud_descriptor_device_qualifier_cb>:
10004b74:	2000      	movs	r0, #0
10004b76:	4770      	bx	lr

10004b78 <tud_descriptor_other_speed_configuration_cb>:
10004b78:	2000      	movs	r0, #0
10004b7a:	4770      	bx	lr

10004b7c <process_get_descriptor>:
10004b7c:	b570      	push	{r4, r5, r6, lr}
10004b7e:	0005      	movs	r5, r0
10004b80:	000c      	movs	r4, r1
10004b82:	7888      	ldrb	r0, [r1, #2]
10004b84:	78cb      	ldrb	r3, [r1, #3]
10004b86:	021b      	lsls	r3, r3, #8
10004b88:	0a1a      	lsrs	r2, r3, #8
10004b8a:	0013      	movs	r3, r2
10004b8c:	2a06      	cmp	r2, #6
10004b8e:	d054      	beq.n	10004c3a <process_get_descriptor+0xbe>
10004b90:	d811      	bhi.n	10004bb6 <process_get_descriptor+0x3a>
10004b92:	2a02      	cmp	r2, #2
10004b94:	d029      	beq.n	10004bea <process_get_descriptor+0x6e>
10004b96:	2a03      	cmp	r2, #3
10004b98:	d041      	beq.n	10004c1e <process_get_descriptor+0xa2>
10004b9a:	2a01      	cmp	r2, #1
10004b9c:	d109      	bne.n	10004bb2 <process_get_descriptor+0x36>
10004b9e:	f7ff fb87 	bl	100042b0 <tud_descriptor_device_cb>
10004ba2:	1e02      	subs	r2, r0, #0
10004ba4:	d01a      	beq.n	10004bdc <process_get_descriptor+0x60>
10004ba6:	2312      	movs	r3, #18
10004ba8:	0021      	movs	r1, r4
10004baa:	0028      	movs	r0, r5
10004bac:	f000 fd54 	bl	10005658 <tud_control_xfer>
10004bb0:	e029      	b.n	10004c06 <process_get_descriptor+0x8a>
10004bb2:	2000      	movs	r0, #0
10004bb4:	e027      	b.n	10004c06 <process_get_descriptor+0x8a>
10004bb6:	2a07      	cmp	r2, #7
10004bb8:	d017      	beq.n	10004bea <process_get_descriptor+0x6e>
10004bba:	2a0f      	cmp	r2, #15
10004bbc:	d10c      	bne.n	10004bd8 <process_get_descriptor+0x5c>
10004bbe:	f7ff fc5d 	bl	1000447c <tud_descriptor_bos_cb>
10004bc2:	1e02      	subs	r2, r0, #0
10004bc4:	d043      	beq.n	10004c4e <process_get_descriptor+0xd2>
10004bc6:	7881      	ldrb	r1, [r0, #2]
10004bc8:	78c3      	ldrb	r3, [r0, #3]
10004bca:	021b      	lsls	r3, r3, #8
10004bcc:	430b      	orrs	r3, r1
10004bce:	0021      	movs	r1, r4
10004bd0:	0028      	movs	r0, r5
10004bd2:	f000 fd41 	bl	10005658 <tud_control_xfer>
10004bd6:	e016      	b.n	10004c06 <process_get_descriptor+0x8a>
10004bd8:	2000      	movs	r0, #0
10004bda:	e014      	b.n	10004c06 <process_get_descriptor+0x8a>
10004bdc:	4920      	ldr	r1, [pc, #128]	@ (10004c60 <process_get_descriptor+0xe4>)
10004bde:	4821      	ldr	r0, [pc, #132]	@ (10004c64 <process_get_descriptor+0xe8>)
10004be0:	4a21      	ldr	r2, [pc, #132]	@ (10004c68 <process_get_descriptor+0xec>)
10004be2:	f7ff f91f 	bl	10003e24 <__wrap_printf>
10004be6:	2000      	movs	r0, #0
10004be8:	e00d      	b.n	10004c06 <process_get_descriptor+0x8a>
10004bea:	2b02      	cmp	r3, #2
10004bec:	d00c      	beq.n	10004c08 <process_get_descriptor+0x8c>
10004bee:	f7ff ffc3 	bl	10004b78 <tud_descriptor_other_speed_configuration_cb>
10004bf2:	1e02      	subs	r2, r0, #0
10004bf4:	d02d      	beq.n	10004c52 <process_get_descriptor+0xd6>
10004bf6:	7891      	ldrb	r1, [r2, #2]
10004bf8:	78d3      	ldrb	r3, [r2, #3]
10004bfa:	021b      	lsls	r3, r3, #8
10004bfc:	430b      	orrs	r3, r1
10004bfe:	0021      	movs	r1, r4
10004c00:	0028      	movs	r0, r5
10004c02:	f000 fd29 	bl	10005658 <tud_control_xfer>
10004c06:	bd70      	pop	{r4, r5, r6, pc}
10004c08:	f7ff fb56 	bl	100042b8 <tud_descriptor_configuration_cb>
10004c0c:	1e02      	subs	r2, r0, #0
10004c0e:	d1f2      	bne.n	10004bf6 <process_get_descriptor+0x7a>
10004c10:	4913      	ldr	r1, [pc, #76]	@ (10004c60 <process_get_descriptor+0xe4>)
10004c12:	4814      	ldr	r0, [pc, #80]	@ (10004c64 <process_get_descriptor+0xe8>)
10004c14:	4a15      	ldr	r2, [pc, #84]	@ (10004c6c <process_get_descriptor+0xf0>)
10004c16:	f7ff f905 	bl	10003e24 <__wrap_printf>
10004c1a:	2000      	movs	r0, #0
10004c1c:	e7f3      	b.n	10004c06 <process_get_descriptor+0x8a>
10004c1e:	790b      	ldrb	r3, [r1, #4]
10004c20:	7949      	ldrb	r1, [r1, #5]
10004c22:	0209      	lsls	r1, r1, #8
10004c24:	4319      	orrs	r1, r3
10004c26:	f7ff fb4b 	bl	100042c0 <tud_descriptor_string_cb>
10004c2a:	1e02      	subs	r2, r0, #0
10004c2c:	d013      	beq.n	10004c56 <process_get_descriptor+0xda>
10004c2e:	7803      	ldrb	r3, [r0, #0]
10004c30:	0021      	movs	r1, r4
10004c32:	0028      	movs	r0, r5
10004c34:	f000 fd10 	bl	10005658 <tud_control_xfer>
10004c38:	e7e5      	b.n	10004c06 <process_get_descriptor+0x8a>
10004c3a:	f7ff ff9b 	bl	10004b74 <tud_descriptor_device_qualifier_cb>
10004c3e:	1e02      	subs	r2, r0, #0
10004c40:	d00b      	beq.n	10004c5a <process_get_descriptor+0xde>
10004c42:	7803      	ldrb	r3, [r0, #0]
10004c44:	0021      	movs	r1, r4
10004c46:	0028      	movs	r0, r5
10004c48:	f000 fd06 	bl	10005658 <tud_control_xfer>
10004c4c:	e7db      	b.n	10004c06 <process_get_descriptor+0x8a>
10004c4e:	2000      	movs	r0, #0
10004c50:	e7d9      	b.n	10004c06 <process_get_descriptor+0x8a>
10004c52:	2000      	movs	r0, #0
10004c54:	e7d7      	b.n	10004c06 <process_get_descriptor+0x8a>
10004c56:	2000      	movs	r0, #0
10004c58:	e7d5      	b.n	10004c06 <process_get_descriptor+0x8a>
10004c5a:	2000      	movs	r0, #0
10004c5c:	e7d3      	b.n	10004c06 <process_get_descriptor+0x8a>
10004c5e:	46c0      	nop			@ (mov r8, r8)
10004c60:	100078d4 	.word	0x100078d4
10004c64:	10007490 	.word	0x10007490
10004c68:	0000043a 	.word	0x0000043a
10004c6c:	00000461 	.word	0x00000461

10004c70 <tud_mount_cb>:
10004c70:	4770      	bx	lr

10004c72 <tud_umount_cb>:
10004c72:	4770      	bx	lr

10004c74 <tud_suspend_cb>:
10004c74:	4770      	bx	lr

10004c76 <tud_resume_cb>:
10004c76:	4770      	bx	lr

10004c78 <tud_mounted>:
10004c78:	4b02      	ldr	r3, [pc, #8]	@ (10004c84 <tud_mounted+0xc>)
10004c7a:	7858      	ldrb	r0, [r3, #1]
10004c7c:	1e43      	subs	r3, r0, #1
10004c7e:	4198      	sbcs	r0, r3
10004c80:	b2c0      	uxtb	r0, r0
10004c82:	4770      	bx	lr
10004c84:	20000ff8 	.word	0x20000ff8

10004c88 <tud_suspended>:
10004c88:	4b02      	ldr	r3, [pc, #8]	@ (10004c94 <tud_suspended+0xc>)
10004c8a:	7818      	ldrb	r0, [r3, #0]
10004c8c:	0740      	lsls	r0, r0, #29
10004c8e:	0fc0      	lsrs	r0, r0, #31
10004c90:	4770      	bx	lr
10004c92:	46c0      	nop			@ (mov r8, r8)
10004c94:	20000ff8 	.word	0x20000ff8

10004c98 <tud_inited>:
10004c98:	4b03      	ldr	r3, [pc, #12]	@ (10004ca8 <tud_inited+0x10>)
10004c9a:	7818      	ldrb	r0, [r3, #0]
10004c9c:	38ff      	subs	r0, #255	@ 0xff
10004c9e:	1e43      	subs	r3, r0, #1
10004ca0:	4198      	sbcs	r0, r3
10004ca2:	b2c0      	uxtb	r0, r0
10004ca4:	4770      	bx	lr
10004ca6:	46c0      	nop			@ (mov r8, r8)
10004ca8:	20000cb4 	.word	0x20000cb4

10004cac <tud_rhport_init>:
10004cac:	b5f8      	push	{r3, r4, r5, r6, r7, lr}
10004cae:	0006      	movs	r6, r0
10004cb0:	000c      	movs	r4, r1
10004cb2:	000f      	movs	r7, r1
10004cb4:	f7ff fff0 	bl	10004c98 <tud_inited>
10004cb8:	1e05      	subs	r5, r0, #0
10004cba:	d145      	bne.n	10004d48 <tud_rhport_init+0x9c>
10004cbc:	2c00      	cmp	r4, #0
10004cbe:	d021      	beq.n	10004d04 <tud_rhport_init+0x58>
10004cc0:	482c      	ldr	r0, [pc, #176]	@ (10004d74 <tud_rhport_init+0xc8>)
10004cc2:	2254      	movs	r2, #84	@ 0x54
10004cc4:	2100      	movs	r1, #0
10004cc6:	f7fd fe3b 	bl	10002940 <__wrap_memset>
10004cca:	4b2b      	ldr	r3, [pc, #172]	@ (10004d78 <tud_rhport_init+0xcc>)
10004ccc:	2200      	movs	r2, #0
10004cce:	701a      	strb	r2, [r3, #0]
10004cd0:	4c2a      	ldr	r4, [pc, #168]	@ (10004d7c <tud_rhport_init+0xd0>)
10004cd2:	0020      	movs	r0, r4
10004cd4:	f7fb ffa2 	bl	10000c1c <mutex_init>
10004cd8:	4b29      	ldr	r3, [pc, #164]	@ (10004d80 <tud_rhport_init+0xd4>)
10004cda:	601c      	str	r4, [r3, #0]
10004cdc:	4c29      	ldr	r4, [pc, #164]	@ (10004d84 <tud_rhport_init+0xd8>)
10004cde:	0020      	movs	r0, r4
10004ce0:	f7fb ffe8 	bl	10000cb4 <critical_section_init>
10004ce4:	3c14      	subs	r4, #20
10004ce6:	0020      	movs	r0, r4
10004ce8:	f001 fc84 	bl	100065f4 <tu_fifo_clear>
10004cec:	4b26      	ldr	r3, [pc, #152]	@ (10004d88 <tud_rhport_init+0xdc>)
10004cee:	601c      	str	r4, [r3, #0]
10004cf0:	4b26      	ldr	r3, [pc, #152]	@ (10004d8c <tud_rhport_init+0xe0>)
10004cf2:	2b00      	cmp	r3, #0
10004cf4:	d004      	beq.n	10004d00 <tud_rhport_init+0x54>
10004cf6:	4826      	ldr	r0, [pc, #152]	@ (10004d90 <tud_rhport_init+0xe4>)
10004cf8:	f7ff fbe2 	bl	100044c0 <usbd_app_driver_get_cb>
10004cfc:	4b25      	ldr	r3, [pc, #148]	@ (10004d94 <tud_rhport_init+0xe8>)
10004cfe:	6018      	str	r0, [r3, #0]
10004d00:	2400      	movs	r4, #0
10004d02:	e010      	b.n	10004d26 <tud_rhport_init+0x7a>
10004d04:	22e9      	movs	r2, #233	@ 0xe9
10004d06:	4924      	ldr	r1, [pc, #144]	@ (10004d98 <tud_rhport_init+0xec>)
10004d08:	4824      	ldr	r0, [pc, #144]	@ (10004d9c <tud_rhport_init+0xf0>)
10004d0a:	0052      	lsls	r2, r2, #1
10004d0c:	f7ff f88a 	bl	10003e24 <__wrap_printf>
10004d10:	e01a      	b.n	10004d48 <tud_rhport_init+0x9c>
10004d12:	1ae3      	subs	r3, r4, r3
10004d14:	015b      	lsls	r3, r3, #5
10004d16:	4a22      	ldr	r2, [pc, #136]	@ (10004da0 <tud_rhport_init+0xf4>)
10004d18:	189b      	adds	r3, r3, r2
10004d1a:	685b      	ldr	r3, [r3, #4]
10004d1c:	2b00      	cmp	r3, #0
10004d1e:	d00d      	beq.n	10004d3c <tud_rhport_init+0x90>
10004d20:	4798      	blx	r3
10004d22:	3401      	adds	r4, #1
10004d24:	b2e4      	uxtb	r4, r4
10004d26:	4b1a      	ldr	r3, [pc, #104]	@ (10004d90 <tud_rhport_init+0xe4>)
10004d28:	781b      	ldrb	r3, [r3, #0]
10004d2a:	42a3      	cmp	r3, r4
10004d2c:	d30e      	bcc.n	10004d4c <tud_rhport_init+0xa0>
10004d2e:	d9f0      	bls.n	10004d12 <tud_rhport_init+0x66>
10004d30:	4b18      	ldr	r3, [pc, #96]	@ (10004d94 <tud_rhport_init+0xe8>)
10004d32:	681b      	ldr	r3, [r3, #0]
10004d34:	0162      	lsls	r2, r4, #5
10004d36:	189b      	adds	r3, r3, r2
10004d38:	2b00      	cmp	r3, #0
10004d3a:	d1ee      	bne.n	10004d1a <tud_rhport_init+0x6e>
10004d3c:	22f8      	movs	r2, #248	@ 0xf8
10004d3e:	4916      	ldr	r1, [pc, #88]	@ (10004d98 <tud_rhport_init+0xec>)
10004d40:	4816      	ldr	r0, [pc, #88]	@ (10004d9c <tud_rhport_init+0xf0>)
10004d42:	0052      	lsls	r2, r2, #1
10004d44:	f7ff f86e 	bl	10003e24 <__wrap_printf>
10004d48:	0028      	movs	r0, r5
10004d4a:	bdf8      	pop	{r3, r4, r5, r6, r7, pc}
10004d4c:	4b15      	ldr	r3, [pc, #84]	@ (10004da4 <tud_rhport_init+0xf8>)
10004d4e:	701e      	strb	r6, [r3, #0]
10004d50:	0039      	movs	r1, r7
10004d52:	0030      	movs	r0, r6
10004d54:	f7ff fcca 	bl	100046ec <dcd_init>
10004d58:	1e05      	subs	r5, r0, #0
10004d5a:	d003      	beq.n	10004d64 <tud_rhport_init+0xb8>
10004d5c:	0030      	movs	r0, r6
10004d5e:	f7ff fc91 	bl	10004684 <dcd_int_enable>
10004d62:	e7f1      	b.n	10004d48 <tud_rhport_init+0x9c>
10004d64:	22fc      	movs	r2, #252	@ 0xfc
10004d66:	490c      	ldr	r1, [pc, #48]	@ (10004d98 <tud_rhport_init+0xec>)
10004d68:	480c      	ldr	r0, [pc, #48]	@ (10004d9c <tud_rhport_init+0xf0>)
10004d6a:	0052      	lsls	r2, r2, #1
10004d6c:	f7ff f85a 	bl	10003e24 <__wrap_printf>
10004d70:	e7ea      	b.n	10004d48 <tud_rhport_init+0x9c>
10004d72:	46c0      	nop			@ (mov r8, r8)
10004d74:	20000ff8 	.word	0x20000ff8
10004d78:	200018cb 	.word	0x200018cb
10004d7c:	20000ff0 	.word	0x20000ff0
10004d80:	2000104c 	.word	0x2000104c
10004d84:	20000cac 	.word	0x20000cac
10004d88:	20001050 	.word	0x20001050
10004d8c:	100044c1 	.word	0x100044c1
10004d90:	200018c9 	.word	0x200018c9
10004d94:	20000e48 	.word	0x20000e48
10004d98:	1000793c 	.word	0x1000793c
10004d9c:	10007490 	.word	0x10007490
10004da0:	1000794c 	.word	0x1000794c
10004da4:	20000cb4 	.word	0x20000cb4

10004da8 <usbd_edpt_open>:
10004da8:	b570      	push	{r4, r5, r6, lr}
10004daa:	000c      	movs	r4, r1
10004dac:	4b11      	ldr	r3, [pc, #68]	@ (10004df4 <usbd_edpt_open+0x4c>)
10004dae:	781b      	ldrb	r3, [r3, #0]
10004db0:	001e      	movs	r6, r3
10004db2:	788b      	ldrb	r3, [r1, #2]
10004db4:	2270      	movs	r2, #112	@ 0x70
10004db6:	421a      	tst	r2, r3
10004db8:	d10d      	bne.n	10004dd6 <usbd_edpt_open+0x2e>
10004dba:	4b0f      	ldr	r3, [pc, #60]	@ (10004df8 <usbd_edpt_open+0x50>)
10004dbc:	7899      	ldrb	r1, [r3, #2]
10004dbe:	0020      	movs	r0, r4
10004dc0:	f001 f942 	bl	10006048 <tu_edpt_validate>
10004dc4:	1e05      	subs	r5, r0, #0
10004dc6:	d00e      	beq.n	10004de6 <usbd_edpt_open+0x3e>
10004dc8:	0021      	movs	r1, r4
10004dca:	0030      	movs	r0, r6
10004dcc:	f7ff fcf2 	bl	100047b4 <dcd_edpt_open>
10004dd0:	0005      	movs	r5, r0
10004dd2:	0028      	movs	r0, r5
10004dd4:	bd70      	pop	{r4, r5, r6, pc}
10004dd6:	4909      	ldr	r1, [pc, #36]	@ (10004dfc <usbd_edpt_open+0x54>)
10004dd8:	4809      	ldr	r0, [pc, #36]	@ (10004e00 <usbd_edpt_open+0x58>)
10004dda:	4a0a      	ldr	r2, [pc, #40]	@ (10004e04 <usbd_edpt_open+0x5c>)
10004ddc:	f7ff f822 	bl	10003e24 <__wrap_printf>
10004de0:	2300      	movs	r3, #0
10004de2:	001d      	movs	r5, r3
10004de4:	e7f5      	b.n	10004dd2 <usbd_edpt_open+0x2a>
10004de6:	4905      	ldr	r1, [pc, #20]	@ (10004dfc <usbd_edpt_open+0x54>)
10004de8:	4805      	ldr	r0, [pc, #20]	@ (10004e00 <usbd_edpt_open+0x58>)
10004dea:	4a07      	ldr	r2, [pc, #28]	@ (10004e08 <usbd_edpt_open+0x60>)
10004dec:	f7ff f81a 	bl	10003e24 <__wrap_printf>
10004df0:	e7ef      	b.n	10004dd2 <usbd_edpt_open+0x2a>
10004df2:	46c0      	nop			@ (mov r8, r8)
10004df4:	20000cb4 	.word	0x20000cb4
10004df8:	20000ff8 	.word	0x20000ff8
10004dfc:	100078a4 	.word	0x100078a4
10004e00:	10007490 	.word	0x10007490
10004e04:	0000050b 	.word	0x0000050b
10004e08:	0000050c 	.word	0x0000050c

10004e0c <usbd_open_edpt_pair>:
10004e0c:	b5f8      	push	{r3, r4, r5, r6, r7, lr}
10004e0e:	46ce      	mov	lr, r9
10004e10:	4647      	mov	r7, r8
10004e12:	b580      	push	{r7, lr}
10004e14:	4680      	mov	r8, r0
10004e16:	000c      	movs	r4, r1
10004e18:	0016      	movs	r6, r2
10004e1a:	4699      	mov	r9, r3
10004e1c:	2500      	movs	r5, #0
10004e1e:	e016      	b.n	10004e4e <usbd_open_edpt_pair+0x42>
10004e20:	4917      	ldr	r1, [pc, #92]	@ (10004e80 <usbd_open_edpt_pair+0x74>)
10004e22:	4818      	ldr	r0, [pc, #96]	@ (10004e84 <usbd_open_edpt_pair+0x78>)
10004e24:	4a18      	ldr	r2, [pc, #96]	@ (10004e88 <usbd_open_edpt_pair+0x7c>)
10004e26:	f7fe fffd 	bl	10003e24 <__wrap_printf>
10004e2a:	2700      	movs	r7, #0
10004e2c:	0038      	movs	r0, r7
10004e2e:	bcc0      	pop	{r6, r7}
10004e30:	46b9      	mov	r9, r7
10004e32:	46b0      	mov	r8, r6
10004e34:	bdf8      	pop	{r3, r4, r5, r6, r7, pc}
10004e36:	229d      	movs	r2, #157	@ 0x9d
10004e38:	4911      	ldr	r1, [pc, #68]	@ (10004e80 <usbd_open_edpt_pair+0x74>)
10004e3a:	4812      	ldr	r0, [pc, #72]	@ (10004e84 <usbd_open_edpt_pair+0x78>)
10004e3c:	00d2      	lsls	r2, r2, #3
10004e3e:	f7fe fff1 	bl	10003e24 <__wrap_printf>
10004e42:	e7f3      	b.n	10004e2c <usbd_open_edpt_pair+0x20>
10004e44:	9a09      	ldr	r2, [sp, #36]	@ 0x24
10004e46:	7013      	strb	r3, [r2, #0]
10004e48:	7823      	ldrb	r3, [r4, #0]
10004e4a:	18e4      	adds	r4, r4, r3
10004e4c:	3501      	adds	r5, #1
10004e4e:	42ae      	cmp	r6, r5
10004e50:	dd14      	ble.n	10004e7c <usbd_open_edpt_pair+0x70>
10004e52:	7863      	ldrb	r3, [r4, #1]
10004e54:	2b05      	cmp	r3, #5
10004e56:	d1e3      	bne.n	10004e20 <usbd_open_edpt_pair+0x14>
10004e58:	78e1      	ldrb	r1, [r4, #3]
10004e5a:	0789      	lsls	r1, r1, #30
10004e5c:	0f89      	lsrs	r1, r1, #30
10004e5e:	4549      	cmp	r1, r9
10004e60:	d1de      	bne.n	10004e20 <usbd_open_edpt_pair+0x14>
10004e62:	0021      	movs	r1, r4
10004e64:	4640      	mov	r0, r8
10004e66:	f7ff ff9f 	bl	10004da8 <usbd_edpt_open>
10004e6a:	1e07      	subs	r7, r0, #0
10004e6c:	d0e3      	beq.n	10004e36 <usbd_open_edpt_pair+0x2a>
10004e6e:	78a3      	ldrb	r3, [r4, #2]
10004e70:	09da      	lsrs	r2, r3, #7
10004e72:	2a01      	cmp	r2, #1
10004e74:	d0e6      	beq.n	10004e44 <usbd_open_edpt_pair+0x38>
10004e76:	9a08      	ldr	r2, [sp, #32]
10004e78:	7013      	strb	r3, [r2, #0]
10004e7a:	e7e5      	b.n	10004e48 <usbd_open_edpt_pair+0x3c>
10004e7c:	2701      	movs	r7, #1
10004e7e:	e7d5      	b.n	10004e2c <usbd_open_edpt_pair+0x20>
10004e80:	100078b4 	.word	0x100078b4
10004e84:	10007490 	.word	0x10007490
10004e88:	000004e7 	.word	0x000004e7

10004e8c <usbd_edpt_claim>:
10004e8c:	b510      	push	{r4, lr}
10004e8e:	207f      	movs	r0, #127	@ 0x7f
10004e90:	4008      	ands	r0, r1
10004e92:	09c9      	lsrs	r1, r1, #7
10004e94:	0040      	lsls	r0, r0, #1
10004e96:	1840      	adds	r0, r0, r1
10004e98:	3030      	adds	r0, #48	@ 0x30
10004e9a:	4b04      	ldr	r3, [pc, #16]	@ (10004eac <usbd_edpt_claim+0x20>)
10004e9c:	18c0      	adds	r0, r0, r3
10004e9e:	3004      	adds	r0, #4
10004ea0:	4b03      	ldr	r3, [pc, #12]	@ (10004eb0 <usbd_edpt_claim+0x24>)
10004ea2:	6819      	ldr	r1, [r3, #0]
10004ea4:	f001 f884 	bl	10005fb0 <tu_edpt_claim>
10004ea8:	bd10      	pop	{r4, pc}
10004eaa:	46c0      	nop			@ (mov r8, r8)
10004eac:	20000ff8 	.word	0x20000ff8
10004eb0:	2000104c 	.word	0x2000104c

10004eb4 <usbd_edpt_release>:
10004eb4:	b510      	push	{r4, lr}
10004eb6:	207f      	movs	r0, #127	@ 0x7f
10004eb8:	4008      	ands	r0, r1
10004eba:	09c9      	lsrs	r1, r1, #7
10004ebc:	0040      	lsls	r0, r0, #1
10004ebe:	1840      	adds	r0, r0, r1
10004ec0:	3030      	adds	r0, #48	@ 0x30
10004ec2:	4b04      	ldr	r3, [pc, #16]	@ (10004ed4 <usbd_edpt_release+0x20>)
10004ec4:	18c0      	adds	r0, r0, r3
10004ec6:	3004      	adds	r0, #4
10004ec8:	4b03      	ldr	r3, [pc, #12]	@ (10004ed8 <usbd_edpt_release+0x24>)
10004eca:	6819      	ldr	r1, [r3, #0]
10004ecc:	f001 f89b 	bl	10006006 <tu_edpt_release>
10004ed0:	bd10      	pop	{r4, pc}
10004ed2:	46c0      	nop			@ (mov r8, r8)
10004ed4:	20000ff8 	.word	0x20000ff8
10004ed8:	2000104c 	.word	0x2000104c

10004edc <usbd_edpt_xfer>:
10004edc:	b5f0      	push	{r4, r5, r6, r7, lr}
10004ede:	b083      	sub	sp, #12
10004ee0:	9301      	str	r3, [sp, #4]
10004ee2:	4b19      	ldr	r3, [pc, #100]	@ (10004f48 <usbd_edpt_xfer+0x6c>)
10004ee4:	7818      	ldrb	r0, [r3, #0]
10004ee6:	247f      	movs	r4, #127	@ 0x7f
10004ee8:	400c      	ands	r4, r1
10004eea:	09cd      	lsrs	r5, r1, #7
10004eec:	4b17      	ldr	r3, [pc, #92]	@ (10004f4c <usbd_edpt_xfer+0x70>)
10004eee:	0066      	lsls	r6, r4, #1
10004ef0:	46b4      	mov	ip, r6
10004ef2:	4463      	add	r3, ip
10004ef4:	195b      	adds	r3, r3, r5
10004ef6:	3330      	adds	r3, #48	@ 0x30
10004ef8:	791b      	ldrb	r3, [r3, #4]
10004efa:	07db      	lsls	r3, r3, #31
10004efc:	d41c      	bmi.n	10004f38 <usbd_edpt_xfer+0x5c>
10004efe:	4b13      	ldr	r3, [pc, #76]	@ (10004f4c <usbd_edpt_xfer+0x70>)
10004f00:	0066      	lsls	r6, r4, #1
10004f02:	46b4      	mov	ip, r6
10004f04:	4463      	add	r3, ip
10004f06:	195b      	adds	r3, r3, r5
10004f08:	3330      	adds	r3, #48	@ 0x30
10004f0a:	791e      	ldrb	r6, [r3, #4]
10004f0c:	2701      	movs	r7, #1
10004f0e:	433e      	orrs	r6, r7
10004f10:	711e      	strb	r6, [r3, #4]
10004f12:	9b01      	ldr	r3, [sp, #4]
10004f14:	f7ff fc66 	bl	100047e4 <dcd_edpt_xfer>
10004f18:	2800      	cmp	r0, #0
10004f1a:	d113      	bne.n	10004f44 <usbd_edpt_xfer+0x68>
10004f1c:	4b0b      	ldr	r3, [pc, #44]	@ (10004f4c <usbd_edpt_xfer+0x70>)
10004f1e:	0064      	lsls	r4, r4, #1
10004f20:	191b      	adds	r3, r3, r4
10004f22:	195b      	adds	r3, r3, r5
10004f24:	3330      	adds	r3, #48	@ 0x30
10004f26:	791a      	ldrb	r2, [r3, #4]
10004f28:	2101      	movs	r1, #1
10004f2a:	438a      	bics	r2, r1
10004f2c:	711a      	strb	r2, [r3, #4]
10004f2e:	791a      	ldrb	r2, [r3, #4]
10004f30:	3103      	adds	r1, #3
10004f32:	438a      	bics	r2, r1
10004f34:	711a      	strb	r2, [r3, #4]
10004f36:	e005      	b.n	10004f44 <usbd_edpt_xfer+0x68>
10004f38:	4905      	ldr	r1, [pc, #20]	@ (10004f50 <usbd_edpt_xfer+0x74>)
10004f3a:	4806      	ldr	r0, [pc, #24]	@ (10004f54 <usbd_edpt_xfer+0x78>)
10004f3c:	4a06      	ldr	r2, [pc, #24]	@ (10004f58 <usbd_edpt_xfer+0x7c>)
10004f3e:	f7fe ff71 	bl	10003e24 <__wrap_printf>
10004f42:	2000      	movs	r0, #0
10004f44:	b003      	add	sp, #12
10004f46:	bdf0      	pop	{r4, r5, r6, r7, pc}
10004f48:	20000cb4 	.word	0x20000cb4
10004f4c:	20000ff8 	.word	0x20000ff8
10004f50:	10007894 	.word	0x10007894
10004f54:	10007490 	.word	0x10007490
10004f58:	00000539 	.word	0x00000539

10004f5c <usbd_edpt_stall>:
10004f5c:	b570      	push	{r4, r5, r6, lr}
10004f5e:	4b0a      	ldr	r3, [pc, #40]	@ (10004f88 <usbd_edpt_stall+0x2c>)
10004f60:	7818      	ldrb	r0, [r3, #0]
10004f62:	247f      	movs	r4, #127	@ 0x7f
10004f64:	400c      	ands	r4, r1
10004f66:	09cd      	lsrs	r5, r1, #7
10004f68:	f7ff fc56 	bl	10004818 <dcd_edpt_stall>
10004f6c:	4a07      	ldr	r2, [pc, #28]	@ (10004f8c <usbd_edpt_stall+0x30>)
10004f6e:	0064      	lsls	r4, r4, #1
10004f70:	1913      	adds	r3, r2, r4
10004f72:	195b      	adds	r3, r3, r5
10004f74:	3330      	adds	r3, #48	@ 0x30
10004f76:	791a      	ldrb	r2, [r3, #4]
10004f78:	2102      	movs	r1, #2
10004f7a:	430a      	orrs	r2, r1
10004f7c:	711a      	strb	r2, [r3, #4]
10004f7e:	791a      	ldrb	r2, [r3, #4]
10004f80:	2101      	movs	r1, #1
10004f82:	430a      	orrs	r2, r1
10004f84:	711a      	strb	r2, [r3, #4]
10004f86:	bd70      	pop	{r4, r5, r6, pc}
10004f88:	20000cb4 	.word	0x20000cb4
10004f8c:	20000ff8 	.word	0x20000ff8

10004f90 <usbd_edpt_clear_stall>:
10004f90:	b570      	push	{r4, r5, r6, lr}
10004f92:	4b0a      	ldr	r3, [pc, #40]	@ (10004fbc <usbd_edpt_clear_stall+0x2c>)
10004f94:	7818      	ldrb	r0, [r3, #0]
10004f96:	247f      	movs	r4, #127	@ 0x7f
10004f98:	400c      	ands	r4, r1
10004f9a:	09cd      	lsrs	r5, r1, #7
10004f9c:	f7ff fc5a 	bl	10004854 <dcd_edpt_clear_stall>
10004fa0:	4a07      	ldr	r2, [pc, #28]	@ (10004fc0 <usbd_edpt_clear_stall+0x30>)
10004fa2:	0064      	lsls	r4, r4, #1
10004fa4:	1913      	adds	r3, r2, r4
10004fa6:	195b      	adds	r3, r3, r5
10004fa8:	3330      	adds	r3, #48	@ 0x30
10004faa:	791a      	ldrb	r2, [r3, #4]
10004fac:	2102      	movs	r1, #2
10004fae:	438a      	bics	r2, r1
10004fb0:	711a      	strb	r2, [r3, #4]
10004fb2:	791a      	ldrb	r2, [r3, #4]
10004fb4:	3901      	subs	r1, #1
10004fb6:	438a      	bics	r2, r1
10004fb8:	711a      	strb	r2, [r3, #4]
10004fba:	bd70      	pop	{r4, r5, r6, pc}
10004fbc:	20000cb4 	.word	0x20000cb4
10004fc0:	20000ff8 	.word	0x20000ff8

10004fc4 <usbd_edpt_stalled>:
10004fc4:	227f      	movs	r2, #127	@ 0x7f
10004fc6:	400a      	ands	r2, r1
10004fc8:	09c9      	lsrs	r1, r1, #7
10004fca:	4b04      	ldr	r3, [pc, #16]	@ (10004fdc <usbd_edpt_stalled+0x18>)
10004fcc:	0052      	lsls	r2, r2, #1
10004fce:	189b      	adds	r3, r3, r2
10004fd0:	185b      	adds	r3, r3, r1
10004fd2:	3330      	adds	r3, #48	@ 0x30
10004fd4:	7918      	ldrb	r0, [r3, #4]
10004fd6:	0780      	lsls	r0, r0, #30
10004fd8:	0fc0      	lsrs	r0, r0, #31
10004fda:	4770      	bx	lr
10004fdc:	20000ff8 	.word	0x20000ff8

10004fe0 <process_control_request>:
10004fe0:	b5f0      	push	{r4, r5, r6, r7, lr}
10004fe2:	46c6      	mov	lr, r8
10004fe4:	b500      	push	{lr}
10004fe6:	b084      	sub	sp, #16
10004fe8:	9001      	str	r0, [sp, #4]
10004fea:	000c      	movs	r4, r1
10004fec:	2000      	movs	r0, #0
10004fee:	f000 fb89 	bl	10005704 <usbd_control_set_complete_callback>
10004ff2:	7823      	ldrb	r3, [r4, #0]
10004ff4:	2260      	movs	r2, #96	@ 0x60
10004ff6:	401a      	ands	r2, r3
10004ff8:	2a60      	cmp	r2, #96	@ 0x60
10004ffa:	d032      	beq.n	10005062 <process_control_request+0x82>
10004ffc:	2a40      	cmp	r2, #64	@ 0x40
10004ffe:	d039      	beq.n	10005074 <process_control_request+0x94>
10005000:	7823      	ldrb	r3, [r4, #0]
10005002:	06db      	lsls	r3, r3, #27
10005004:	0edb      	lsrs	r3, r3, #27
10005006:	2b01      	cmp	r3, #1
10005008:	d100      	bne.n	1000500c <process_control_request+0x2c>
1000500a:	e0f4      	b.n	100051f6 <process_control_request+0x216>
1000500c:	2b02      	cmp	r3, #2
1000500e:	d100      	bne.n	10005012 <process_control_request+0x32>
10005010:	e13a      	b.n	10005288 <process_control_request+0x2a8>
10005012:	2b00      	cmp	r3, #0
10005014:	d000      	beq.n	10005018 <process_control_request+0x38>
10005016:	e1b9      	b.n	1000538c <process_control_request+0x3ac>
10005018:	2a20      	cmp	r2, #32
1000501a:	d035      	beq.n	10005088 <process_control_request+0xa8>
1000501c:	2a00      	cmp	r2, #0
1000501e:	d000      	beq.n	10005022 <process_control_request+0x42>
10005020:	e1c1      	b.n	100053a6 <process_control_request+0x3c6>
10005022:	7863      	ldrb	r3, [r4, #1]
10005024:	2b05      	cmp	r3, #5
10005026:	d067      	beq.n	100050f8 <process_control_request+0x118>
10005028:	d857      	bhi.n	100050da <process_control_request+0xfa>
1000502a:	2b01      	cmp	r3, #1
1000502c:	d100      	bne.n	10005030 <process_control_request+0x50>
1000502e:	e0cd      	b.n	100051cc <process_control_request+0x1ec>
10005030:	2b03      	cmp	r3, #3
10005032:	d100      	bne.n	10005036 <process_control_request+0x56>
10005034:	e0b5      	b.n	100051a2 <process_control_request+0x1c2>
10005036:	2b00      	cmp	r3, #0
10005038:	d14c      	bne.n	100050d4 <process_control_request+0xf4>
1000503a:	4bcc      	ldr	r3, [pc, #816]	@ (1000536c <process_control_request+0x38c>)
1000503c:	781a      	ldrb	r2, [r3, #0]
1000503e:	0951      	lsrs	r1, r2, #5
10005040:	0892      	lsrs	r2, r2, #2
10005042:	2302      	movs	r3, #2
10005044:	4013      	ands	r3, r2
10005046:	2201      	movs	r2, #1
10005048:	400a      	ands	r2, r1
1000504a:	4313      	orrs	r3, r2
1000504c:	aa02      	add	r2, sp, #8
1000504e:	3206      	adds	r2, #6
10005050:	8013      	strh	r3, [r2, #0]
10005052:	2302      	movs	r3, #2
10005054:	0021      	movs	r1, r4
10005056:	9801      	ldr	r0, [sp, #4]
10005058:	f000 fafe 	bl	10005658 <tud_control_xfer>
1000505c:	2301      	movs	r3, #1
1000505e:	001d      	movs	r5, r3
10005060:	e196      	b.n	10005390 <process_control_request+0x3b0>
10005062:	3255      	adds	r2, #85	@ 0x55
10005064:	49c2      	ldr	r1, [pc, #776]	@ (10005370 <process_control_request+0x390>)
10005066:	48c3      	ldr	r0, [pc, #780]	@ (10005374 <process_control_request+0x394>)
10005068:	0092      	lsls	r2, r2, #2
1000506a:	f7fe fedb 	bl	10003e24 <__wrap_printf>
1000506e:	2300      	movs	r3, #0
10005070:	001d      	movs	r5, r3
10005072:	e18d      	b.n	10005390 <process_control_request+0x3b0>
10005074:	48c0      	ldr	r0, [pc, #768]	@ (10005378 <process_control_request+0x398>)
10005076:	f000 fb45 	bl	10005704 <usbd_control_set_complete_callback>
1000507a:	0022      	movs	r2, r4
1000507c:	2101      	movs	r1, #1
1000507e:	9801      	ldr	r0, [sp, #4]
10005080:	f7ff fa00 	bl	10004484 <tud_vendor_control_xfer_cb>
10005084:	0005      	movs	r5, r0
10005086:	e183      	b.n	10005390 <process_control_request+0x3b0>
10005088:	7922      	ldrb	r2, [r4, #4]
1000508a:	7963      	ldrb	r3, [r4, #5]
1000508c:	021b      	lsls	r3, r3, #8
1000508e:	4313      	orrs	r3, r2
10005090:	2a0f      	cmp	r2, #15
10005092:	d900      	bls.n	10005096 <process_control_request+0xb6>
10005094:	e181      	b.n	1000539a <process_control_request+0x3ba>
10005096:	4ab5      	ldr	r2, [pc, #724]	@ (1000536c <process_control_request+0x38c>)
10005098:	21ff      	movs	r1, #255	@ 0xff
1000509a:	400b      	ands	r3, r1
1000509c:	18d2      	adds	r2, r2, r3
1000509e:	7913      	ldrb	r3, [r2, #4]
100050a0:	4ab6      	ldr	r2, [pc, #728]	@ (1000537c <process_control_request+0x39c>)
100050a2:	7812      	ldrb	r2, [r2, #0]
100050a4:	4293      	cmp	r3, r2
100050a6:	d208      	bcs.n	100050ba <process_control_request+0xda>
100050a8:	4ab5      	ldr	r2, [pc, #724]	@ (10005380 <process_control_request+0x3a0>)
100050aa:	6811      	ldr	r1, [r2, #0]
100050ac:	015b      	lsls	r3, r3, #5
100050ae:	18c9      	adds	r1, r1, r3
100050b0:	2900      	cmp	r1, #0
100050b2:	d109      	bne.n	100050c8 <process_control_request+0xe8>
100050b4:	2300      	movs	r3, #0
100050b6:	001d      	movs	r5, r3
100050b8:	e16a      	b.n	10005390 <process_control_request+0x3b0>
100050ba:	4293      	cmp	r3, r2
100050bc:	d900      	bls.n	100050c0 <process_control_request+0xe0>
100050be:	e16f      	b.n	100053a0 <process_control_request+0x3c0>
100050c0:	1a9b      	subs	r3, r3, r2
100050c2:	015b      	lsls	r3, r3, #5
100050c4:	49af      	ldr	r1, [pc, #700]	@ (10005384 <process_control_request+0x3a4>)
100050c6:	1859      	adds	r1, r3, r1
100050c8:	0022      	movs	r2, r4
100050ca:	9801      	ldr	r0, [sp, #4]
100050cc:	f7ff fc7a 	bl	100049c4 <invoke_class_control>
100050d0:	0005      	movs	r5, r0
100050d2:	e15d      	b.n	10005390 <process_control_request+0x3b0>
100050d4:	2300      	movs	r3, #0
100050d6:	001d      	movs	r5, r3
100050d8:	e15a      	b.n	10005390 <process_control_request+0x3b0>
100050da:	2b08      	cmp	r3, #8
100050dc:	d01b      	beq.n	10005116 <process_control_request+0x136>
100050de:	2b09      	cmp	r3, #9
100050e0:	d026      	beq.n	10005130 <process_control_request+0x150>
100050e2:	2b06      	cmp	r3, #6
100050e4:	d105      	bne.n	100050f2 <process_control_request+0x112>
100050e6:	0021      	movs	r1, r4
100050e8:	9801      	ldr	r0, [sp, #4]
100050ea:	f7ff fd47 	bl	10004b7c <process_get_descriptor>
100050ee:	0005      	movs	r5, r0
100050f0:	e14e      	b.n	10005390 <process_control_request+0x3b0>
100050f2:	2300      	movs	r3, #0
100050f4:	001d      	movs	r5, r3
100050f6:	e14b      	b.n	10005390 <process_control_request+0x3b0>
100050f8:	0020      	movs	r0, r4
100050fa:	f000 fb09 	bl	10005710 <usbd_control_set_request>
100050fe:	78a1      	ldrb	r1, [r4, #2]
10005100:	9801      	ldr	r0, [sp, #4]
10005102:	f7ff fad5 	bl	100046b0 <dcd_set_address>
10005106:	4a99      	ldr	r2, [pc, #612]	@ (1000536c <process_control_request+0x38c>)
10005108:	7813      	ldrb	r3, [r2, #0]
1000510a:	2102      	movs	r1, #2
1000510c:	430b      	orrs	r3, r1
1000510e:	7013      	strb	r3, [r2, #0]
10005110:	2301      	movs	r3, #1
10005112:	001d      	movs	r5, r3
10005114:	e13c      	b.n	10005390 <process_control_request+0x3b0>
10005116:	4b95      	ldr	r3, [pc, #596]	@ (1000536c <process_control_request+0x38c>)
10005118:	785b      	ldrb	r3, [r3, #1]
1000511a:	aa02      	add	r2, sp, #8
1000511c:	3206      	adds	r2, #6
1000511e:	7013      	strb	r3, [r2, #0]
10005120:	2301      	movs	r3, #1
10005122:	0021      	movs	r1, r4
10005124:	9801      	ldr	r0, [sp, #4]
10005126:	f000 fa97 	bl	10005658 <tud_control_xfer>
1000512a:	2301      	movs	r3, #1
1000512c:	001d      	movs	r5, r3
1000512e:	e12f      	b.n	10005390 <process_control_request+0x3b0>
10005130:	78a2      	ldrb	r2, [r4, #2]
10005132:	4690      	mov	r8, r2
10005134:	4b8d      	ldr	r3, [pc, #564]	@ (1000536c <process_control_request+0x38c>)
10005136:	785b      	ldrb	r3, [r3, #1]
10005138:	4293      	cmp	r3, r2
1000513a:	d02b      	beq.n	10005194 <process_control_request+0x1b4>
1000513c:	4b8b      	ldr	r3, [pc, #556]	@ (1000536c <process_control_request+0x38c>)
1000513e:	785b      	ldrb	r3, [r3, #1]
10005140:	2b00      	cmp	r3, #0
10005142:	d10c      	bne.n	1000515e <process_control_request+0x17e>
10005144:	4b89      	ldr	r3, [pc, #548]	@ (1000536c <process_control_request+0x38c>)
10005146:	4641      	mov	r1, r8
10005148:	7059      	strb	r1, [r3, #1]
1000514a:	2900      	cmp	r1, #0
1000514c:	d020      	beq.n	10005190 <process_control_request+0x1b0>
1000514e:	9801      	ldr	r0, [sp, #4]
10005150:	f7ff fc46 	bl	100049e0 <process_set_config>
10005154:	1e05      	subs	r5, r0, #0
10005156:	d011      	beq.n	1000517c <process_control_request+0x19c>
10005158:	f7ff fd8a 	bl	10004c70 <tud_mount_cb>
1000515c:	e01a      	b.n	10005194 <process_control_request+0x1b4>
1000515e:	2100      	movs	r1, #0
10005160:	9d01      	ldr	r5, [sp, #4]
10005162:	0028      	movs	r0, r5
10005164:	f7ff fb02 	bl	1000476c <dcd_sof_enable>
10005168:	0028      	movs	r0, r5
1000516a:	f7ff fb36 	bl	100047da <dcd_edpt_close_all>
1000516e:	4e7f      	ldr	r6, [pc, #508]	@ (1000536c <process_control_request+0x38c>)
10005170:	78b7      	ldrb	r7, [r6, #2]
10005172:	0028      	movs	r0, r5
10005174:	f7ff fbe2 	bl	1000493c <configuration_reset>
10005178:	70b7      	strb	r7, [r6, #2]
1000517a:	e7e3      	b.n	10005144 <process_control_request+0x164>
1000517c:	22c9      	movs	r2, #201	@ 0xc9
1000517e:	497c      	ldr	r1, [pc, #496]	@ (10005370 <process_control_request+0x390>)
10005180:	487c      	ldr	r0, [pc, #496]	@ (10005374 <process_control_request+0x394>)
10005182:	0092      	lsls	r2, r2, #2
10005184:	f7fe fe4e 	bl	10003e24 <__wrap_printf>
10005188:	4b78      	ldr	r3, [pc, #480]	@ (1000536c <process_control_request+0x38c>)
1000518a:	2200      	movs	r2, #0
1000518c:	705a      	strb	r2, [r3, #1]
1000518e:	e0ff      	b.n	10005390 <process_control_request+0x3b0>
10005190:	f7ff fd6f 	bl	10004c72 <tud_umount_cb>
10005194:	0021      	movs	r1, r4
10005196:	9801      	ldr	r0, [sp, #4]
10005198:	f000 fa4a 	bl	10005630 <tud_control_status>
1000519c:	2301      	movs	r3, #1
1000519e:	001d      	movs	r5, r3
100051a0:	e0f6      	b.n	10005390 <process_control_request+0x3b0>
100051a2:	78a2      	ldrb	r2, [r4, #2]
100051a4:	78e3      	ldrb	r3, [r4, #3]
100051a6:	021b      	lsls	r3, r3, #8
100051a8:	4313      	orrs	r3, r2
100051aa:	2b01      	cmp	r3, #1
100051ac:	d002      	beq.n	100051b4 <process_control_request+0x1d4>
100051ae:	2300      	movs	r3, #0
100051b0:	001d      	movs	r5, r3
100051b2:	e0ed      	b.n	10005390 <process_control_request+0x3b0>
100051b4:	4a6d      	ldr	r2, [pc, #436]	@ (1000536c <process_control_request+0x38c>)
100051b6:	7813      	ldrb	r3, [r2, #0]
100051b8:	2108      	movs	r1, #8
100051ba:	430b      	orrs	r3, r1
100051bc:	7013      	strb	r3, [r2, #0]
100051be:	0021      	movs	r1, r4
100051c0:	9801      	ldr	r0, [sp, #4]
100051c2:	f000 fa35 	bl	10005630 <tud_control_status>
100051c6:	2301      	movs	r3, #1
100051c8:	001d      	movs	r5, r3
100051ca:	e0e1      	b.n	10005390 <process_control_request+0x3b0>
100051cc:	78a2      	ldrb	r2, [r4, #2]
100051ce:	78e3      	ldrb	r3, [r4, #3]
100051d0:	021b      	lsls	r3, r3, #8
100051d2:	4313      	orrs	r3, r2
100051d4:	2b01      	cmp	r3, #1
100051d6:	d002      	beq.n	100051de <process_control_request+0x1fe>
100051d8:	2300      	movs	r3, #0
100051da:	001d      	movs	r5, r3
100051dc:	e0d8      	b.n	10005390 <process_control_request+0x3b0>
100051de:	4a63      	ldr	r2, [pc, #396]	@ (1000536c <process_control_request+0x38c>)
100051e0:	7813      	ldrb	r3, [r2, #0]
100051e2:	2108      	movs	r1, #8
100051e4:	438b      	bics	r3, r1
100051e6:	7013      	strb	r3, [r2, #0]
100051e8:	0021      	movs	r1, r4
100051ea:	9801      	ldr	r0, [sp, #4]
100051ec:	f000 fa20 	bl	10005630 <tud_control_status>
100051f0:	2301      	movs	r3, #1
100051f2:	001d      	movs	r5, r3
100051f4:	e0cc      	b.n	10005390 <process_control_request+0x3b0>
100051f6:	7922      	ldrb	r2, [r4, #4]
100051f8:	7963      	ldrb	r3, [r4, #5]
100051fa:	021b      	lsls	r3, r3, #8
100051fc:	4313      	orrs	r3, r2
100051fe:	2a0f      	cmp	r2, #15
10005200:	d900      	bls.n	10005204 <process_control_request+0x224>
10005202:	e0d3      	b.n	100053ac <process_control_request+0x3cc>
10005204:	4a59      	ldr	r2, [pc, #356]	@ (1000536c <process_control_request+0x38c>)
10005206:	21ff      	movs	r1, #255	@ 0xff
10005208:	400b      	ands	r3, r1
1000520a:	18d2      	adds	r2, r2, r3
1000520c:	7913      	ldrb	r3, [r2, #4]
1000520e:	4a5b      	ldr	r2, [pc, #364]	@ (1000537c <process_control_request+0x39c>)
10005210:	7812      	ldrb	r2, [r2, #0]
10005212:	4293      	cmp	r3, r2
10005214:	d224      	bcs.n	10005260 <process_control_request+0x280>
10005216:	4a5a      	ldr	r2, [pc, #360]	@ (10005380 <process_control_request+0x3a0>)
10005218:	6811      	ldr	r1, [r2, #0]
1000521a:	015b      	lsls	r3, r3, #5
1000521c:	18c9      	adds	r1, r1, r3
1000521e:	2900      	cmp	r1, #0
10005220:	d100      	bne.n	10005224 <process_control_request+0x244>
10005222:	e0c6      	b.n	100053b2 <process_control_request+0x3d2>
10005224:	0022      	movs	r2, r4
10005226:	9801      	ldr	r0, [sp, #4]
10005228:	f7ff fbcc 	bl	100049c4 <invoke_class_control>
1000522c:	1e05      	subs	r5, r0, #0
1000522e:	d000      	beq.n	10005232 <process_control_request+0x252>
10005230:	e0ae      	b.n	10005390 <process_control_request+0x3b0>
10005232:	7823      	ldrb	r3, [r4, #0]
10005234:	2260      	movs	r2, #96	@ 0x60
10005236:	421a      	tst	r2, r3
10005238:	d000      	beq.n	1000523c <process_control_request+0x25c>
1000523a:	e0a9      	b.n	10005390 <process_control_request+0x3b0>
1000523c:	7863      	ldrb	r3, [r4, #1]
1000523e:	3b0a      	subs	r3, #10
10005240:	2b01      	cmp	r3, #1
10005242:	d900      	bls.n	10005246 <process_control_request+0x266>
10005244:	e0a4      	b.n	10005390 <process_control_request+0x3b0>
10005246:	2000      	movs	r0, #0
10005248:	f000 fa5c 	bl	10005704 <usbd_control_set_complete_callback>
1000524c:	7863      	ldrb	r3, [r4, #1]
1000524e:	2b0a      	cmp	r3, #10
10005250:	d00e      	beq.n	10005270 <process_control_request+0x290>
10005252:	0021      	movs	r1, r4
10005254:	9801      	ldr	r0, [sp, #4]
10005256:	f000 f9eb 	bl	10005630 <tud_control_status>
1000525a:	2301      	movs	r3, #1
1000525c:	001d      	movs	r5, r3
1000525e:	e097      	b.n	10005390 <process_control_request+0x3b0>
10005260:	4293      	cmp	r3, r2
10005262:	d900      	bls.n	10005266 <process_control_request+0x286>
10005264:	e0a8      	b.n	100053b8 <process_control_request+0x3d8>
10005266:	1a9b      	subs	r3, r3, r2
10005268:	015b      	lsls	r3, r3, #5
1000526a:	4946      	ldr	r1, [pc, #280]	@ (10005384 <process_control_request+0x3a4>)
1000526c:	1859      	adds	r1, r3, r1
1000526e:	e7d9      	b.n	10005224 <process_control_request+0x244>
10005270:	ab02      	add	r3, sp, #8
10005272:	1d9a      	adds	r2, r3, #6
10005274:	2300      	movs	r3, #0
10005276:	7013      	strb	r3, [r2, #0]
10005278:	3301      	adds	r3, #1
1000527a:	0021      	movs	r1, r4
1000527c:	9801      	ldr	r0, [sp, #4]
1000527e:	f000 f9eb 	bl	10005658 <tud_control_xfer>
10005282:	2301      	movs	r3, #1
10005284:	001d      	movs	r5, r3
10005286:	e083      	b.n	10005390 <process_control_request+0x3b0>
10005288:	7921      	ldrb	r1, [r4, #4]
1000528a:	207f      	movs	r0, #127	@ 0x7f
1000528c:	4008      	ands	r0, r1
1000528e:	09cb      	lsrs	r3, r1, #7
10005290:	469c      	mov	ip, r3
10005292:	2370      	movs	r3, #112	@ 0x70
10005294:	420b      	tst	r3, r1
10005296:	d118      	bne.n	100052ca <process_control_request+0x2ea>
10005298:	4b34      	ldr	r3, [pc, #208]	@ (1000536c <process_control_request+0x38c>)
1000529a:	0040      	lsls	r0, r0, #1
1000529c:	181b      	adds	r3, r3, r0
1000529e:	4463      	add	r3, ip
100052a0:	7d1b      	ldrb	r3, [r3, #20]
100052a2:	4836      	ldr	r0, [pc, #216]	@ (1000537c <process_control_request+0x39c>)
100052a4:	7800      	ldrb	r0, [r0, #0]
100052a6:	4283      	cmp	r3, r0
100052a8:	d217      	bcs.n	100052da <process_control_request+0x2fa>
100052aa:	4835      	ldr	r0, [pc, #212]	@ (10005380 <process_control_request+0x3a0>)
100052ac:	6800      	ldr	r0, [r0, #0]
100052ae:	015b      	lsls	r3, r3, #5
100052b0:	18c3      	adds	r3, r0, r3
100052b2:	001d      	movs	r5, r3
100052b4:	2a00      	cmp	r2, #0
100052b6:	d01b      	beq.n	100052f0 <process_control_request+0x310>
100052b8:	1e29      	subs	r1, r5, #0
100052ba:	d100      	bne.n	100052be <process_control_request+0x2de>
100052bc:	e07f      	b.n	100053be <process_control_request+0x3de>
100052be:	0022      	movs	r2, r4
100052c0:	9801      	ldr	r0, [sp, #4]
100052c2:	f7ff fb7f 	bl	100049c4 <invoke_class_control>
100052c6:	0005      	movs	r5, r0
100052c8:	e062      	b.n	10005390 <process_control_request+0x3b0>
100052ca:	4929      	ldr	r1, [pc, #164]	@ (10005370 <process_control_request+0x390>)
100052cc:	4829      	ldr	r0, [pc, #164]	@ (10005374 <process_control_request+0x394>)
100052ce:	4a2e      	ldr	r2, [pc, #184]	@ (10005388 <process_control_request+0x3a8>)
100052d0:	f7fe fda8 	bl	10003e24 <__wrap_printf>
100052d4:	2300      	movs	r3, #0
100052d6:	001d      	movs	r5, r3
100052d8:	e05a      	b.n	10005390 <process_control_request+0x3b0>
100052da:	4283      	cmp	r3, r0
100052dc:	d805      	bhi.n	100052ea <process_control_request+0x30a>
100052de:	1a1b      	subs	r3, r3, r0
100052e0:	015b      	lsls	r3, r3, #5
100052e2:	4828      	ldr	r0, [pc, #160]	@ (10005384 <process_control_request+0x3a4>)
100052e4:	181b      	adds	r3, r3, r0
100052e6:	001d      	movs	r5, r3
100052e8:	e7e4      	b.n	100052b4 <process_control_request+0x2d4>
100052ea:	2300      	movs	r3, #0
100052ec:	001d      	movs	r5, r3
100052ee:	e7e1      	b.n	100052b4 <process_control_request+0x2d4>
100052f0:	7863      	ldrb	r3, [r4, #1]
100052f2:	2b01      	cmp	r3, #1
100052f4:	d012      	beq.n	1000531c <process_control_request+0x33c>
100052f6:	2b03      	cmp	r3, #3
100052f8:	d010      	beq.n	1000531c <process_control_request+0x33c>
100052fa:	2b00      	cmp	r3, #0
100052fc:	d162      	bne.n	100053c4 <process_control_request+0x3e4>
100052fe:	9d01      	ldr	r5, [sp, #4]
10005300:	0028      	movs	r0, r5
10005302:	f7ff fe5f 	bl	10004fc4 <usbd_edpt_stalled>
10005306:	ab02      	add	r3, sp, #8
10005308:	1d9a      	adds	r2, r3, #6
1000530a:	8010      	strh	r0, [r2, #0]
1000530c:	2302      	movs	r3, #2
1000530e:	0021      	movs	r1, r4
10005310:	0028      	movs	r0, r5
10005312:	f000 f9a1 	bl	10005658 <tud_control_xfer>
10005316:	2301      	movs	r3, #1
10005318:	001d      	movs	r5, r3
1000531a:	e039      	b.n	10005390 <process_control_request+0x3b0>
1000531c:	78a0      	ldrb	r0, [r4, #2]
1000531e:	78e2      	ldrb	r2, [r4, #3]
10005320:	0212      	lsls	r2, r2, #8
10005322:	4302      	orrs	r2, r0
10005324:	d104      	bne.n	10005330 <process_control_request+0x350>
10005326:	2b01      	cmp	r3, #1
10005328:	d01b      	beq.n	10005362 <process_control_request+0x382>
1000532a:	9801      	ldr	r0, [sp, #4]
1000532c:	f7ff fe16 	bl	10004f5c <usbd_edpt_stall>
10005330:	2d00      	cmp	r5, #0
10005332:	d04a      	beq.n	100053ca <process_control_request+0x3ea>
10005334:	0022      	movs	r2, r4
10005336:	0029      	movs	r1, r5
10005338:	9801      	ldr	r0, [sp, #4]
1000533a:	f7ff fb43 	bl	100049c4 <invoke_class_control>
1000533e:	2000      	movs	r0, #0
10005340:	f000 f9e0 	bl	10005704 <usbd_control_set_complete_callback>
10005344:	4b09      	ldr	r3, [pc, #36]	@ (1000536c <process_control_request+0x38c>)
10005346:	2235      	movs	r2, #53	@ 0x35
10005348:	5c9b      	ldrb	r3, [r3, r2]
1000534a:	07db      	lsls	r3, r3, #31
1000534c:	0fda      	lsrs	r2, r3, #31
1000534e:	0015      	movs	r5, r2
10005350:	2b00      	cmp	r3, #0
10005352:	d11d      	bne.n	10005390 <process_control_request+0x3b0>
10005354:	0021      	movs	r1, r4
10005356:	9801      	ldr	r0, [sp, #4]
10005358:	f000 f96a 	bl	10005630 <tud_control_status>
1000535c:	2301      	movs	r3, #1
1000535e:	001d      	movs	r5, r3
10005360:	e016      	b.n	10005390 <process_control_request+0x3b0>
10005362:	9801      	ldr	r0, [sp, #4]
10005364:	f7ff fe14 	bl	10004f90 <usbd_edpt_clear_stall>
10005368:	e7e2      	b.n	10005330 <process_control_request+0x350>
1000536a:	46c0      	nop			@ (mov r8, r8)
1000536c:	20000ff8 	.word	0x20000ff8
10005370:	10007900 	.word	0x10007900
10005374:	10007490 	.word	0x10007490
10005378:	10004485 	.word	0x10004485
1000537c:	200018c9 	.word	0x200018c9
10005380:	20000e48 	.word	0x20000e48
10005384:	1000794c 	.word	0x1000794c
10005388:	00000395 	.word	0x00000395
1000538c:	2300      	movs	r3, #0
1000538e:	001d      	movs	r5, r3
10005390:	0028      	movs	r0, r5
10005392:	b004      	add	sp, #16
10005394:	bc80      	pop	{r7}
10005396:	46b8      	mov	r8, r7
10005398:	bdf0      	pop	{r4, r5, r6, r7, pc}
1000539a:	2300      	movs	r3, #0
1000539c:	001d      	movs	r5, r3
1000539e:	e7f7      	b.n	10005390 <process_control_request+0x3b0>
100053a0:	2300      	movs	r3, #0
100053a2:	001d      	movs	r5, r3
100053a4:	e7f4      	b.n	10005390 <process_control_request+0x3b0>
100053a6:	2300      	movs	r3, #0
100053a8:	001d      	movs	r5, r3
100053aa:	e7f1      	b.n	10005390 <process_control_request+0x3b0>
100053ac:	2300      	movs	r3, #0
100053ae:	001d      	movs	r5, r3
100053b0:	e7ee      	b.n	10005390 <process_control_request+0x3b0>
100053b2:	2300      	movs	r3, #0
100053b4:	001d      	movs	r5, r3
100053b6:	e7eb      	b.n	10005390 <process_control_request+0x3b0>
100053b8:	2300      	movs	r3, #0
100053ba:	001d      	movs	r5, r3
100053bc:	e7e8      	b.n	10005390 <process_control_request+0x3b0>
100053be:	2300      	movs	r3, #0
100053c0:	001d      	movs	r5, r3
100053c2:	e7e5      	b.n	10005390 <process_control_request+0x3b0>
100053c4:	2300      	movs	r3, #0
100053c6:	001d      	movs	r5, r3
100053c8:	e7e2      	b.n	10005390 <process_control_request+0x3b0>
100053ca:	2301      	movs	r3, #1
100053cc:	001d      	movs	r5, r3
100053ce:	e7df      	b.n	10005390 <process_control_request+0x3b0>

100053d0 <tud_task_ext>:
100053d0:	b530      	push	{r4, r5, lr}
100053d2:	b085      	sub	sp, #20
100053d4:	f7ff fc60 	bl	10004c98 <tud_inited>
100053d8:	2800      	cmp	r0, #0
100053da:	d14e      	bne.n	1000547a <tud_task_ext+0xaa>
100053dc:	b005      	add	sp, #20
100053de:	bd30      	pop	{r4, r5, pc}
100053e0:	2b04      	cmp	r3, #4
100053e2:	d14a      	bne.n	1000547a <tud_task_ext+0xaa>
100053e4:	4b6a      	ldr	r3, [pc, #424]	@ (10005590 <tud_task_ext+0x1c0>)
100053e6:	781b      	ldrb	r3, [r3, #0]
100053e8:	07db      	lsls	r3, r3, #31
100053ea:	d546      	bpl.n	1000547a <tud_task_ext+0xaa>
100053ec:	4b68      	ldr	r3, [pc, #416]	@ (10005590 <tud_task_ext+0x1c0>)
100053ee:	7818      	ldrb	r0, [r3, #0]
100053f0:	0700      	lsls	r0, r0, #28
100053f2:	0fc0      	lsrs	r0, r0, #31
100053f4:	f7ff fc3e 	bl	10004c74 <tud_suspend_cb>
100053f8:	e03f      	b.n	1000547a <tud_task_ext+0xaa>
100053fa:	2b07      	cmp	r3, #7
100053fc:	d071      	beq.n	100054e2 <tud_task_ext+0x112>
100053fe:	2b08      	cmp	r3, #8
10005400:	d100      	bne.n	10005404 <tud_task_ext+0x34>
10005402:	e0b5      	b.n	10005570 <tud_task_ext+0x1a0>
10005404:	2b06      	cmp	r3, #6
10005406:	d138      	bne.n	1000547a <tud_task_ext+0xaa>
10005408:	4b62      	ldr	r3, [pc, #392]	@ (10005594 <tud_task_ext+0x1c4>)
1000540a:	781b      	ldrb	r3, [r3, #0]
1000540c:	2b00      	cmp	r3, #0
1000540e:	d062      	beq.n	100054d6 <tud_task_ext+0x106>
10005410:	4a60      	ldr	r2, [pc, #384]	@ (10005594 <tud_task_ext+0x1c4>)
10005412:	7813      	ldrb	r3, [r2, #0]
10005414:	3b01      	subs	r3, #1
10005416:	b2db      	uxtb	r3, r3
10005418:	7013      	strb	r3, [r2, #0]
1000541a:	7813      	ldrb	r3, [r2, #0]
1000541c:	2b00      	cmp	r3, #0
1000541e:	d12c      	bne.n	1000547a <tud_task_ext+0xaa>
10005420:	4b5b      	ldr	r3, [pc, #364]	@ (10005590 <tud_task_ext+0x1c0>)
10005422:	781a      	ldrb	r2, [r3, #0]
10005424:	2401      	movs	r4, #1
10005426:	2101      	movs	r1, #1
10005428:	430a      	orrs	r2, r1
1000542a:	701a      	strb	r2, [r3, #0]
1000542c:	2234      	movs	r2, #52	@ 0x34
1000542e:	5c99      	ldrb	r1, [r3, r2]
10005430:	43a1      	bics	r1, r4
10005432:	5499      	strb	r1, [r3, r2]
10005434:	5c99      	ldrb	r1, [r3, r2]
10005436:	2004      	movs	r0, #4
10005438:	4381      	bics	r1, r0
1000543a:	5499      	strb	r1, [r3, r2]
1000543c:	3201      	adds	r2, #1
1000543e:	5c99      	ldrb	r1, [r3, r2]
10005440:	43a1      	bics	r1, r4
10005442:	5499      	strb	r1, [r3, r2]
10005444:	5c99      	ldrb	r1, [r3, r2]
10005446:	4381      	bics	r1, r0
10005448:	5499      	strb	r1, [r3, r2]
1000544a:	ab01      	add	r3, sp, #4
1000544c:	7818      	ldrb	r0, [r3, #0]
1000544e:	a902      	add	r1, sp, #8
10005450:	f7ff fdc6 	bl	10004fe0 <process_control_request>
10005454:	2800      	cmp	r0, #0
10005456:	d110      	bne.n	1000547a <tud_task_ext+0xaa>
10005458:	ac01      	add	r4, sp, #4
1000545a:	7820      	ldrb	r0, [r4, #0]
1000545c:	2100      	movs	r1, #0
1000545e:	f7ff f9db 	bl	10004818 <dcd_edpt_stall>
10005462:	7820      	ldrb	r0, [r4, #0]
10005464:	2180      	movs	r1, #128	@ 0x80
10005466:	f7ff f9d7 	bl	10004818 <dcd_edpt_stall>
1000546a:	e006      	b.n	1000547a <tud_task_ext+0xaa>
1000546c:	ac01      	add	r4, sp, #4
1000546e:	7820      	ldrb	r0, [r4, #0]
10005470:	f7ff faa2 	bl	100049b8 <usbd_reset>
10005474:	7922      	ldrb	r2, [r4, #4]
10005476:	4b46      	ldr	r3, [pc, #280]	@ (10005590 <tud_task_ext+0x1c0>)
10005478:	709a      	strb	r2, [r3, #2]
1000547a:	4b47      	ldr	r3, [pc, #284]	@ (10005598 <tud_task_ext+0x1c8>)
1000547c:	681c      	ldr	r4, [r3, #0]
1000547e:	6962      	ldr	r2, [r4, #20]
10005480:	f3ef 8110 	mrs	r1, PRIMASK
10005484:	b672      	cpsid	i
10005486:	6813      	ldr	r3, [r2, #0]
10005488:	2b00      	cmp	r3, #0
1000548a:	d0fc      	beq.n	10005486 <tud_task_ext+0xb6>
1000548c:	f3bf 8f5f 	dmb	sy
10005490:	61a1      	str	r1, [r4, #24]
10005492:	a901      	add	r1, sp, #4
10005494:	0020      	movs	r0, r4
10005496:	f001 f84f 	bl	10006538 <tu_fifo_read>
1000549a:	6962      	ldr	r2, [r4, #20]
1000549c:	69a3      	ldr	r3, [r4, #24]
1000549e:	f3bf 8f5f 	dmb	sy
100054a2:	2100      	movs	r1, #0
100054a4:	6011      	str	r1, [r2, #0]
100054a6:	f383 8810 	msr	PRIMASK, r3
100054aa:	2800      	cmp	r0, #0
100054ac:	d100      	bne.n	100054b0 <tud_task_ext+0xe0>
100054ae:	e795      	b.n	100053dc <tud_task_ext+0xc>
100054b0:	ab01      	add	r3, sp, #4
100054b2:	785b      	ldrb	r3, [r3, #1]
100054b4:	2b05      	cmp	r3, #5
100054b6:	d053      	beq.n	10005560 <tud_task_ext+0x190>
100054b8:	d89f      	bhi.n	100053fa <tud_task_ext+0x2a>
100054ba:	2b03      	cmp	r3, #3
100054bc:	d05f      	beq.n	1000557e <tud_task_ext+0x1ae>
100054be:	d88f      	bhi.n	100053e0 <tud_task_ext+0x10>
100054c0:	2b01      	cmp	r3, #1
100054c2:	d0d3      	beq.n	1000546c <tud_task_ext+0x9c>
100054c4:	2b02      	cmp	r3, #2
100054c6:	d1d8      	bne.n	1000547a <tud_task_ext+0xaa>
100054c8:	ab01      	add	r3, sp, #4
100054ca:	7818      	ldrb	r0, [r3, #0]
100054cc:	f7ff fa74 	bl	100049b8 <usbd_reset>
100054d0:	f7ff fbcf 	bl	10004c72 <tud_umount_cb>
100054d4:	e7d1      	b.n	1000547a <tud_task_ext+0xaa>
100054d6:	4931      	ldr	r1, [pc, #196]	@ (1000559c <tud_task_ext+0x1cc>)
100054d8:	4831      	ldr	r0, [pc, #196]	@ (100055a0 <tud_task_ext+0x1d0>)
100054da:	4a32      	ldr	r2, [pc, #200]	@ (100055a4 <tud_task_ext+0x1d4>)
100054dc:	f7fe fca2 	bl	10003e24 <__wrap_printf>
100054e0:	e77c      	b.n	100053dc <tud_task_ext+0xc>
100054e2:	ab01      	add	r3, sp, #4
100054e4:	7919      	ldrb	r1, [r3, #4]
100054e6:	227f      	movs	r2, #127	@ 0x7f
100054e8:	400a      	ands	r2, r1
100054ea:	09cc      	lsrs	r4, r1, #7
100054ec:	4b28      	ldr	r3, [pc, #160]	@ (10005590 <tud_task_ext+0x1c0>)
100054ee:	0050      	lsls	r0, r2, #1
100054f0:	181b      	adds	r3, r3, r0
100054f2:	191b      	adds	r3, r3, r4
100054f4:	3330      	adds	r3, #48	@ 0x30
100054f6:	7918      	ldrb	r0, [r3, #4]
100054f8:	2501      	movs	r5, #1
100054fa:	43a8      	bics	r0, r5
100054fc:	7118      	strb	r0, [r3, #4]
100054fe:	7918      	ldrb	r0, [r3, #4]
10005500:	3503      	adds	r5, #3
10005502:	43a8      	bics	r0, r5
10005504:	7118      	strb	r0, [r3, #4]
10005506:	2a00      	cmp	r2, #0
10005508:	d015      	beq.n	10005536 <tud_task_ext+0x166>
1000550a:	4b21      	ldr	r3, [pc, #132]	@ (10005590 <tud_task_ext+0x1c0>)
1000550c:	0052      	lsls	r2, r2, #1
1000550e:	189b      	adds	r3, r3, r2
10005510:	191b      	adds	r3, r3, r4
10005512:	7d1b      	ldrb	r3, [r3, #20]
10005514:	4a24      	ldr	r2, [pc, #144]	@ (100055a8 <tud_task_ext+0x1d8>)
10005516:	7812      	ldrb	r2, [r2, #0]
10005518:	4293      	cmp	r3, r2
1000551a:	d213      	bcs.n	10005544 <tud_task_ext+0x174>
1000551c:	4a23      	ldr	r2, [pc, #140]	@ (100055ac <tud_task_ext+0x1dc>)
1000551e:	6812      	ldr	r2, [r2, #0]
10005520:	015b      	lsls	r3, r3, #5
10005522:	18d3      	adds	r3, r2, r3
10005524:	2b00      	cmp	r3, #0
10005526:	d014      	beq.n	10005552 <tud_task_ext+0x182>
10005528:	699c      	ldr	r4, [r3, #24]
1000552a:	a801      	add	r0, sp, #4
1000552c:	7942      	ldrb	r2, [r0, #5]
1000552e:	9b03      	ldr	r3, [sp, #12]
10005530:	7800      	ldrb	r0, [r0, #0]
10005532:	47a0      	blx	r4
10005534:	e7a1      	b.n	1000547a <tud_task_ext+0xaa>
10005536:	a801      	add	r0, sp, #4
10005538:	7942      	ldrb	r2, [r0, #5]
1000553a:	9b03      	ldr	r3, [sp, #12]
1000553c:	7800      	ldrb	r0, [r0, #0]
1000553e:	f000 f8f5 	bl	1000572c <usbd_control_xfer_cb>
10005542:	e79a      	b.n	1000547a <tud_task_ext+0xaa>
10005544:	4293      	cmp	r3, r2
10005546:	d804      	bhi.n	10005552 <tud_task_ext+0x182>
10005548:	1a9b      	subs	r3, r3, r2
1000554a:	015b      	lsls	r3, r3, #5
1000554c:	4a18      	ldr	r2, [pc, #96]	@ (100055b0 <tud_task_ext+0x1e0>)
1000554e:	189b      	adds	r3, r3, r2
10005550:	e7ea      	b.n	10005528 <tud_task_ext+0x158>
10005552:	22a4      	movs	r2, #164	@ 0xa4
10005554:	4911      	ldr	r1, [pc, #68]	@ (1000559c <tud_task_ext+0x1cc>)
10005556:	4812      	ldr	r0, [pc, #72]	@ (100055a0 <tud_task_ext+0x1d0>)
10005558:	0092      	lsls	r2, r2, #2
1000555a:	f7fe fc63 	bl	10003e24 <__wrap_printf>
1000555e:	e73d      	b.n	100053dc <tud_task_ext+0xc>
10005560:	4b0b      	ldr	r3, [pc, #44]	@ (10005590 <tud_task_ext+0x1c0>)
10005562:	781b      	ldrb	r3, [r3, #0]
10005564:	07db      	lsls	r3, r3, #31
10005566:	d400      	bmi.n	1000556a <tud_task_ext+0x19a>
10005568:	e787      	b.n	1000547a <tud_task_ext+0xaa>
1000556a:	f7ff fb84 	bl	10004c76 <tud_resume_cb>
1000556e:	e784      	b.n	1000547a <tud_task_ext+0xaa>
10005570:	9b02      	ldr	r3, [sp, #8]
10005572:	2b00      	cmp	r3, #0
10005574:	d100      	bne.n	10005578 <tud_task_ext+0x1a8>
10005576:	e780      	b.n	1000547a <tud_task_ext+0xaa>
10005578:	9803      	ldr	r0, [sp, #12]
1000557a:	4798      	blx	r3
1000557c:	e77d      	b.n	1000547a <tud_task_ext+0xaa>
1000557e:	4b04      	ldr	r3, [pc, #16]	@ (10005590 <tud_task_ext+0x1c0>)
10005580:	78db      	ldrb	r3, [r3, #3]
10005582:	07db      	lsls	r3, r3, #31
10005584:	d400      	bmi.n	10005588 <tud_task_ext+0x1b8>
10005586:	e778      	b.n	1000547a <tud_task_ext+0xaa>
10005588:	9802      	ldr	r0, [sp, #8]
1000558a:	f7ff faf2 	bl	10004b72 <tud_sof_cb>
1000558e:	e774      	b.n	1000547a <tud_task_ext+0xaa>
10005590:	20000ff8 	.word	0x20000ff8
10005594:	200018cb 	.word	0x200018cb
10005598:	20001050 	.word	0x20001050
1000559c:	1000792c 	.word	0x1000792c
100055a0:	10007490 	.word	0x10007490
100055a4:	00000265 	.word	0x00000265
100055a8:	200018c9 	.word	0x200018c9
100055ac:	20000e48 	.word	0x20000e48
100055b0:	1000794c 	.word	0x1000794c

100055b4 <status_stage_xact>:
100055b4:	b510      	push	{r4, lr}
100055b6:	2300      	movs	r3, #0
100055b8:	56cb      	ldrsb	r3, [r1, r3]
100055ba:	2b00      	cmp	r3, #0
100055bc:	db05      	blt.n	100055ca <status_stage_xact+0x16>
100055be:	2180      	movs	r1, #128	@ 0x80
100055c0:	2300      	movs	r3, #0
100055c2:	2200      	movs	r2, #0
100055c4:	f7ff fc8a 	bl	10004edc <usbd_edpt_xfer>
100055c8:	bd10      	pop	{r4, pc}
100055ca:	2100      	movs	r1, #0
100055cc:	e7f8      	b.n	100055c0 <status_stage_xact+0xc>
	...

100055d0 <data_stage_xact>:
100055d0:	b5f8      	push	{r3, r4, r5, r6, r7, lr}
100055d2:	0007      	movs	r7, r0
100055d4:	4b14      	ldr	r3, [pc, #80]	@ (10005628 <data_stage_xact+0x58>)
100055d6:	899e      	ldrh	r6, [r3, #12]
100055d8:	89dd      	ldrh	r5, [r3, #14]
100055da:	1b73      	subs	r3, r6, r5
100055dc:	b29b      	uxth	r3, r3
100055de:	1c1c      	adds	r4, r3, #0
100055e0:	2b40      	cmp	r3, #64	@ 0x40
100055e2:	d900      	bls.n	100055e6 <data_stage_xact+0x16>
100055e4:	2440      	movs	r4, #64	@ 0x40
100055e6:	b2a4      	uxth	r4, r4
100055e8:	4b0f      	ldr	r3, [pc, #60]	@ (10005628 <data_stage_xact+0x58>)
100055ea:	781b      	ldrb	r3, [r3, #0]
100055ec:	b25b      	sxtb	r3, r3
100055ee:	2b00      	cmp	r3, #0
100055f0:	db08      	blt.n	10005604 <data_stage_xact+0x34>
100055f2:	2100      	movs	r1, #0
100055f4:	42ae      	cmp	r6, r5
100055f6:	d013      	beq.n	10005620 <data_stage_xact+0x50>
100055f8:	4a0c      	ldr	r2, [pc, #48]	@ (1000562c <data_stage_xact+0x5c>)
100055fa:	0023      	movs	r3, r4
100055fc:	0038      	movs	r0, r7
100055fe:	f7ff fc6d 	bl	10004edc <usbd_edpt_xfer>
10005602:	bdf8      	pop	{r3, r4, r5, r6, r7, pc}
10005604:	42ae      	cmp	r6, r5
10005606:	d009      	beq.n	1000561c <data_stage_xact+0x4c>
10005608:	4b07      	ldr	r3, [pc, #28]	@ (10005628 <data_stage_xact+0x58>)
1000560a:	6899      	ldr	r1, [r3, #8]
1000560c:	2c40      	cmp	r4, #64	@ 0x40
1000560e:	d809      	bhi.n	10005624 <data_stage_xact+0x54>
10005610:	4806      	ldr	r0, [pc, #24]	@ (1000562c <data_stage_xact+0x5c>)
10005612:	0022      	movs	r2, r4
10005614:	f7fd f99a 	bl	1000294c <__wrap___aeabi_memcpy>
10005618:	2180      	movs	r1, #128	@ 0x80
1000561a:	e7eb      	b.n	100055f4 <data_stage_xact+0x24>
1000561c:	2180      	movs	r1, #128	@ 0x80
1000561e:	e7e9      	b.n	100055f4 <data_stage_xact+0x24>
10005620:	2200      	movs	r2, #0
10005622:	e7ea      	b.n	100055fa <data_stage_xact+0x2a>
10005624:	2000      	movs	r0, #0
10005626:	e7ec      	b.n	10005602 <data_stage_xact+0x32>
10005628:	20000fd8 	.word	0x20000fd8
1000562c:	20000f98 	.word	0x20000f98

10005630 <tud_control_status>:
10005630:	b570      	push	{r4, r5, r6, lr}
10005632:	0006      	movs	r6, r0
10005634:	000d      	movs	r5, r1
10005636:	4c07      	ldr	r4, [pc, #28]	@ (10005654 <tud_control_status+0x24>)
10005638:	2208      	movs	r2, #8
1000563a:	0020      	movs	r0, r4
1000563c:	f7fd f986 	bl	1000294c <__wrap___aeabi_memcpy>
10005640:	2300      	movs	r3, #0
10005642:	60a3      	str	r3, [r4, #8]
10005644:	81e3      	strh	r3, [r4, #14]
10005646:	81a3      	strh	r3, [r4, #12]
10005648:	0029      	movs	r1, r5
1000564a:	0030      	movs	r0, r6
1000564c:	f7ff ffb2 	bl	100055b4 <status_stage_xact>
10005650:	bd70      	pop	{r4, r5, r6, pc}
10005652:	46c0      	nop			@ (mov r8, r8)
10005654:	20000fd8 	.word	0x20000fd8

10005658 <tud_control_xfer>:
10005658:	b5f0      	push	{r4, r5, r6, r7, lr}
1000565a:	46c6      	mov	lr, r8
1000565c:	b500      	push	{lr}
1000565e:	4680      	mov	r8, r0
10005660:	000c      	movs	r4, r1
10005662:	0017      	movs	r7, r2
10005664:	001e      	movs	r6, r3
10005666:	4d1f      	ldr	r5, [pc, #124]	@ (100056e4 <tud_control_xfer+0x8c>)
10005668:	2208      	movs	r2, #8
1000566a:	0028      	movs	r0, r5
1000566c:	f7fd f96e 	bl	1000294c <__wrap___aeabi_memcpy>
10005670:	60af      	str	r7, [r5, #8]
10005672:	2300      	movs	r3, #0
10005674:	81eb      	strh	r3, [r5, #14]
10005676:	79a3      	ldrb	r3, [r4, #6]
10005678:	79e1      	ldrb	r1, [r4, #7]
1000567a:	0209      	lsls	r1, r1, #8
1000567c:	4319      	orrs	r1, r3
1000567e:	1c0b      	adds	r3, r1, #0
10005680:	42b1      	cmp	r1, r6
10005682:	d900      	bls.n	10005686 <tud_control_xfer+0x2e>
10005684:	1c33      	adds	r3, r6, #0
10005686:	b299      	uxth	r1, r3
10005688:	4a16      	ldr	r2, [pc, #88]	@ (100056e4 <tud_control_xfer+0x8c>)
1000568a:	8193      	strh	r3, [r2, #12]
1000568c:	79a2      	ldrb	r2, [r4, #6]
1000568e:	79e3      	ldrb	r3, [r4, #7]
10005690:	021b      	lsls	r3, r3, #8
10005692:	4313      	orrs	r3, r2
10005694:	d019      	beq.n	100056ca <tud_control_xfer+0x72>
10005696:	2900      	cmp	r1, #0
10005698:	d001      	beq.n	1000569e <tud_control_xfer+0x46>
1000569a:	2f00      	cmp	r7, #0
1000569c:	d008      	beq.n	100056b0 <tud_control_xfer+0x58>
1000569e:	4640      	mov	r0, r8
100056a0:	f7ff ff96 	bl	100055d0 <data_stage_xact>
100056a4:	1e04      	subs	r4, r0, #0
100056a6:	d00a      	beq.n	100056be <tud_control_xfer+0x66>
100056a8:	0020      	movs	r0, r4
100056aa:	bc80      	pop	{r7}
100056ac:	46b8      	mov	r8, r7
100056ae:	bdf0      	pop	{r4, r5, r6, r7, pc}
100056b0:	490d      	ldr	r1, [pc, #52]	@ (100056e8 <tud_control_xfer+0x90>)
100056b2:	480e      	ldr	r0, [pc, #56]	@ (100056ec <tud_control_xfer+0x94>)
100056b4:	2272      	movs	r2, #114	@ 0x72
100056b6:	f7fe fbb5 	bl	10003e24 <__wrap_printf>
100056ba:	2400      	movs	r4, #0
100056bc:	e7f4      	b.n	100056a8 <tud_control_xfer+0x50>
100056be:	490a      	ldr	r1, [pc, #40]	@ (100056e8 <tud_control_xfer+0x90>)
100056c0:	480a      	ldr	r0, [pc, #40]	@ (100056ec <tud_control_xfer+0x94>)
100056c2:	2274      	movs	r2, #116	@ 0x74
100056c4:	f7fe fbae 	bl	10003e24 <__wrap_printf>
100056c8:	e7ee      	b.n	100056a8 <tud_control_xfer+0x50>
100056ca:	0021      	movs	r1, r4
100056cc:	4640      	mov	r0, r8
100056ce:	f7ff ff71 	bl	100055b4 <status_stage_xact>
100056d2:	1e04      	subs	r4, r0, #0
100056d4:	d1e8      	bne.n	100056a8 <tud_control_xfer+0x50>
100056d6:	4904      	ldr	r1, [pc, #16]	@ (100056e8 <tud_control_xfer+0x90>)
100056d8:	4804      	ldr	r0, [pc, #16]	@ (100056ec <tud_control_xfer+0x94>)
100056da:	2276      	movs	r2, #118	@ 0x76
100056dc:	f7fe fba2 	bl	10003e24 <__wrap_printf>
100056e0:	e7e2      	b.n	100056a8 <tud_control_xfer+0x50>
100056e2:	46c0      	nop			@ (mov r8, r8)
100056e4:	20000fd8 	.word	0x20000fd8
100056e8:	10007984 	.word	0x10007984
100056ec:	10007490 	.word	0x10007490

100056f0 <usbd_control_reset>:
100056f0:	b510      	push	{r4, lr}
100056f2:	4803      	ldr	r0, [pc, #12]	@ (10005700 <usbd_control_reset+0x10>)
100056f4:	2214      	movs	r2, #20
100056f6:	2100      	movs	r1, #0
100056f8:	f7fd f922 	bl	10002940 <__wrap_memset>
100056fc:	bd10      	pop	{r4, pc}
100056fe:	46c0      	nop			@ (mov r8, r8)
10005700:	20000fd8 	.word	0x20000fd8

10005704 <usbd_control_set_complete_callback>:
10005704:	4b01      	ldr	r3, [pc, #4]	@ (1000570c <usbd_control_set_complete_callback+0x8>)
10005706:	6118      	str	r0, [r3, #16]
10005708:	4770      	bx	lr
1000570a:	46c0      	nop			@ (mov r8, r8)
1000570c:	20000fd8 	.word	0x20000fd8

10005710 <usbd_control_set_request>:
10005710:	b510      	push	{r4, lr}
10005712:	0001      	movs	r1, r0
10005714:	4c04      	ldr	r4, [pc, #16]	@ (10005728 <usbd_control_set_request+0x18>)
10005716:	2208      	movs	r2, #8
10005718:	0020      	movs	r0, r4
1000571a:	f7fd f917 	bl	1000294c <__wrap___aeabi_memcpy>
1000571e:	2300      	movs	r3, #0
10005720:	60a3      	str	r3, [r4, #8]
10005722:	81e3      	strh	r3, [r4, #14]
10005724:	81a3      	strh	r3, [r4, #12]
10005726:	bd10      	pop	{r4, pc}
10005728:	20000fd8 	.word	0x20000fd8

1000572c <usbd_control_xfer_cb>:
1000572c:	b570      	push	{r4, r5, r6, lr}
1000572e:	0005      	movs	r5, r0
10005730:	001a      	movs	r2, r3
10005732:	001c      	movs	r4, r3
10005734:	09c9      	lsrs	r1, r1, #7
10005736:	4b34      	ldr	r3, [pc, #208]	@ (10005808 <usbd_control_xfer_cb+0xdc>)
10005738:	781b      	ldrb	r3, [r3, #0]
1000573a:	09db      	lsrs	r3, r3, #7
1000573c:	428b      	cmp	r3, r1
1000573e:	d019      	beq.n	10005774 <usbd_control_xfer_cb+0x48>
10005740:	2a00      	cmp	r2, #0
10005742:	d008      	beq.n	10005756 <usbd_control_xfer_cb+0x2a>
10005744:	4931      	ldr	r1, [pc, #196]	@ (1000580c <usbd_control_xfer_cb+0xe0>)
10005746:	4832      	ldr	r0, [pc, #200]	@ (10005810 <usbd_control_xfer_cb+0xe4>)
10005748:	229d      	movs	r2, #157	@ 0x9d
1000574a:	f7fe fb6b 	bl	10003e24 <__wrap_printf>
1000574e:	2300      	movs	r3, #0
10005750:	001c      	movs	r4, r3
10005752:	0020      	movs	r0, r4
10005754:	bd70      	pop	{r4, r5, r6, pc}
10005756:	4b2c      	ldr	r3, [pc, #176]	@ (10005808 <usbd_control_xfer_cb+0xdc>)
10005758:	001c      	movs	r4, r3
1000575a:	0019      	movs	r1, r3
1000575c:	f7ff f814 	bl	10004788 <dcd_edpt0_status_complete>
10005760:	6923      	ldr	r3, [r4, #16]
10005762:	2b00      	cmp	r3, #0
10005764:	d003      	beq.n	1000576e <usbd_control_xfer_cb+0x42>
10005766:	4a28      	ldr	r2, [pc, #160]	@ (10005808 <usbd_control_xfer_cb+0xdc>)
10005768:	2103      	movs	r1, #3
1000576a:	0028      	movs	r0, r5
1000576c:	4798      	blx	r3
1000576e:	2301      	movs	r3, #1
10005770:	001c      	movs	r4, r3
10005772:	e7ee      	b.n	10005752 <usbd_control_xfer_cb+0x26>
10005774:	4b24      	ldr	r3, [pc, #144]	@ (10005808 <usbd_control_xfer_cb+0xdc>)
10005776:	781b      	ldrb	r3, [r3, #0]
10005778:	b25b      	sxtb	r3, r3
1000577a:	2b00      	cmp	r3, #0
1000577c:	db06      	blt.n	1000578c <usbd_control_xfer_cb+0x60>
1000577e:	4b22      	ldr	r3, [pc, #136]	@ (10005808 <usbd_control_xfer_cb+0xdc>)
10005780:	6898      	ldr	r0, [r3, #8]
10005782:	2800      	cmp	r0, #0
10005784:	d03d      	beq.n	10005802 <usbd_control_xfer_cb+0xd6>
10005786:	4923      	ldr	r1, [pc, #140]	@ (10005814 <usbd_control_xfer_cb+0xe8>)
10005788:	f7fd f8e0 	bl	1000294c <__wrap___aeabi_memcpy>
1000578c:	4a1e      	ldr	r2, [pc, #120]	@ (10005808 <usbd_control_xfer_cb+0xdc>)
1000578e:	89d3      	ldrh	r3, [r2, #14]
10005790:	b2a1      	uxth	r1, r4
10005792:	185b      	adds	r3, r3, r1
10005794:	b29b      	uxth	r3, r3
10005796:	81d3      	strh	r3, [r2, #14]
10005798:	6891      	ldr	r1, [r2, #8]
1000579a:	46a4      	mov	ip, r4
1000579c:	4461      	add	r1, ip
1000579e:	6091      	str	r1, [r2, #8]
100057a0:	88d2      	ldrh	r2, [r2, #6]
100057a2:	4293      	cmp	r3, r2
100057a4:	d001      	beq.n	100057aa <usbd_control_xfer_cb+0x7e>
100057a6:	2c3f      	cmp	r4, #63	@ 0x3f
100057a8:	d820      	bhi.n	100057ec <usbd_control_xfer_cb+0xc0>
100057aa:	4b17      	ldr	r3, [pc, #92]	@ (10005808 <usbd_control_xfer_cb+0xdc>)
100057ac:	691b      	ldr	r3, [r3, #16]
100057ae:	2b00      	cmp	r3, #0
100057b0:	d005      	beq.n	100057be <usbd_control_xfer_cb+0x92>
100057b2:	4a15      	ldr	r2, [pc, #84]	@ (10005808 <usbd_control_xfer_cb+0xdc>)
100057b4:	2102      	movs	r1, #2
100057b6:	0028      	movs	r0, r5
100057b8:	4798      	blx	r3
100057ba:	2800      	cmp	r0, #0
100057bc:	d00b      	beq.n	100057d6 <usbd_control_xfer_cb+0xaa>
100057be:	4912      	ldr	r1, [pc, #72]	@ (10005808 <usbd_control_xfer_cb+0xdc>)
100057c0:	0028      	movs	r0, r5
100057c2:	f7ff fef7 	bl	100055b4 <status_stage_xact>
100057c6:	1e04      	subs	r4, r0, #0
100057c8:	d1c3      	bne.n	10005752 <usbd_control_xfer_cb+0x26>
100057ca:	4910      	ldr	r1, [pc, #64]	@ (1000580c <usbd_control_xfer_cb+0xe0>)
100057cc:	4810      	ldr	r0, [pc, #64]	@ (10005810 <usbd_control_xfer_cb+0xe4>)
100057ce:	22c5      	movs	r2, #197	@ 0xc5
100057d0:	f7fe fb28 	bl	10003e24 <__wrap_printf>
100057d4:	e7bd      	b.n	10005752 <usbd_control_xfer_cb+0x26>
100057d6:	2100      	movs	r1, #0
100057d8:	0028      	movs	r0, r5
100057da:	f7ff f81d 	bl	10004818 <dcd_edpt_stall>
100057de:	2180      	movs	r1, #128	@ 0x80
100057e0:	0028      	movs	r0, r5
100057e2:	f7ff f819 	bl	10004818 <dcd_edpt_stall>
100057e6:	2301      	movs	r3, #1
100057e8:	001c      	movs	r4, r3
100057ea:	e7b2      	b.n	10005752 <usbd_control_xfer_cb+0x26>
100057ec:	0028      	movs	r0, r5
100057ee:	f7ff feef 	bl	100055d0 <data_stage_xact>
100057f2:	1e04      	subs	r4, r0, #0
100057f4:	d1ad      	bne.n	10005752 <usbd_control_xfer_cb+0x26>
100057f6:	4905      	ldr	r1, [pc, #20]	@ (1000580c <usbd_control_xfer_cb+0xe0>)
100057f8:	4805      	ldr	r0, [pc, #20]	@ (10005810 <usbd_control_xfer_cb+0xe4>)
100057fa:	22cd      	movs	r2, #205	@ 0xcd
100057fc:	f7fe fb12 	bl	10003e24 <__wrap_printf>
10005800:	e7a7      	b.n	10005752 <usbd_control_xfer_cb+0x26>
10005802:	2300      	movs	r3, #0
10005804:	001c      	movs	r4, r3
10005806:	e7a4      	b.n	10005752 <usbd_control_xfer_cb+0x26>
10005808:	20000fd8 	.word	0x20000fd8
1000580c:	1000796c 	.word	0x1000796c
10005810:	10007490 	.word	0x10007490
10005814:	20000f98 	.word	0x20000f98

10005818 <_prep_out_transaction>:
10005818:	b570      	push	{r4, r5, r6, lr}
1000581a:	0004      	movs	r4, r0
1000581c:	f7ff fa2c 	bl	10004c78 <tud_mounted>
10005820:	2800      	cmp	r0, #0
10005822:	d103      	bne.n	1000582c <_prep_out_transaction+0x14>
10005824:	2300      	movs	r3, #0
10005826:	001e      	movs	r6, r3
10005828:	0030      	movs	r0, r6
1000582a:	bd70      	pop	{r4, r5, r6, pc}
1000582c:	f7ff fa2c 	bl	10004c88 <tud_suspended>
10005830:	1e06      	subs	r6, r0, #0
10005832:	d1f7      	bne.n	10005824 <_prep_out_transaction+0xc>
10005834:	4b1c      	ldr	r3, [pc, #112]	@ (100058a8 <_prep_out_transaction+0x90>)
10005836:	22c8      	movs	r2, #200	@ 0xc8
10005838:	4362      	muls	r2, r4
1000583a:	189b      	adds	r3, r3, r2
1000583c:	78db      	ldrb	r3, [r3, #3]
1000583e:	2b00      	cmp	r3, #0
10005840:	d0f0      	beq.n	10005824 <_prep_out_transaction+0xc>
10005842:	23c8      	movs	r3, #200	@ 0xc8
10005844:	4363      	muls	r3, r4
10005846:	3310      	adds	r3, #16
10005848:	4a17      	ldr	r2, [pc, #92]	@ (100058a8 <_prep_out_transaction+0x90>)
1000584a:	189b      	adds	r3, r3, r2
1000584c:	001d      	movs	r5, r3
1000584e:	0018      	movs	r0, r3
10005850:	f000 fe5b 	bl	1000650a <tu_fifo_remaining>
10005854:	283f      	cmp	r0, #63	@ 0x3f
10005856:	d9e7      	bls.n	10005828 <_prep_out_transaction+0x10>
10005858:	4b13      	ldr	r3, [pc, #76]	@ (100058a8 <_prep_out_transaction+0x90>)
1000585a:	22c8      	movs	r2, #200	@ 0xc8
1000585c:	4362      	muls	r2, r4
1000585e:	189b      	adds	r3, r3, r2
10005860:	78d9      	ldrb	r1, [r3, #3]
10005862:	2000      	movs	r0, #0
10005864:	f7ff fb12 	bl	10004e8c <usbd_edpt_claim>
10005868:	2800      	cmp	r0, #0
1000586a:	d101      	bne.n	10005870 <_prep_out_transaction+0x58>
1000586c:	0006      	movs	r6, r0
1000586e:	e7db      	b.n	10005828 <_prep_out_transaction+0x10>
10005870:	0028      	movs	r0, r5
10005872:	f000 fe4a 	bl	1000650a <tu_fifo_remaining>
10005876:	283f      	cmp	r0, #63	@ 0x3f
10005878:	d90d      	bls.n	10005896 <_prep_out_transaction+0x7e>
1000587a:	01e2      	lsls	r2, r4, #7
1000587c:	4b0b      	ldr	r3, [pc, #44]	@ (100058ac <_prep_out_transaction+0x94>)
1000587e:	18d2      	adds	r2, r2, r3
10005880:	4b09      	ldr	r3, [pc, #36]	@ (100058a8 <_prep_out_transaction+0x90>)
10005882:	21c8      	movs	r1, #200	@ 0xc8
10005884:	4361      	muls	r1, r4
10005886:	185b      	adds	r3, r3, r1
10005888:	78d9      	ldrb	r1, [r3, #3]
1000588a:	2340      	movs	r3, #64	@ 0x40
1000588c:	2000      	movs	r0, #0
1000588e:	f7ff fb25 	bl	10004edc <usbd_edpt_xfer>
10005892:	0006      	movs	r6, r0
10005894:	e7c8      	b.n	10005828 <_prep_out_transaction+0x10>
10005896:	4b04      	ldr	r3, [pc, #16]	@ (100058a8 <_prep_out_transaction+0x90>)
10005898:	22c8      	movs	r2, #200	@ 0xc8
1000589a:	4362      	muls	r2, r4
1000589c:	189b      	adds	r3, r3, r2
1000589e:	78d9      	ldrb	r1, [r3, #3]
100058a0:	2000      	movs	r0, #0
100058a2:	f7ff fb07 	bl	10004eb4 <usbd_edpt_release>
100058a6:	e7bf      	b.n	10005828 <_prep_out_transaction+0x10>
100058a8:	20000ed0 	.word	0x20000ed0
100058ac:	20000e4c 	.word	0x20000e4c

100058b0 <tud_cdc_n_connected>:
100058b0:	b510      	push	{r4, lr}
100058b2:	0004      	movs	r4, r0
100058b4:	f7ff f9e0 	bl	10004c78 <tud_mounted>
100058b8:	2800      	cmp	r0, #0
100058ba:	d100      	bne.n	100058be <tud_cdc_n_connected+0xe>
100058bc:	bd10      	pop	{r4, pc}
100058be:	f7ff f9e3 	bl	10004c88 <tud_suspended>
100058c2:	2800      	cmp	r0, #0
100058c4:	d108      	bne.n	100058d8 <tud_cdc_n_connected+0x28>
100058c6:	4b06      	ldr	r3, [pc, #24]	@ (100058e0 <tud_cdc_n_connected+0x30>)
100058c8:	22c8      	movs	r2, #200	@ 0xc8
100058ca:	4362      	muls	r2, r4
100058cc:	189b      	adds	r3, r3, r2
100058ce:	791b      	ldrb	r3, [r3, #4]
100058d0:	07db      	lsls	r3, r3, #31
100058d2:	d503      	bpl.n	100058dc <tud_cdc_n_connected+0x2c>
100058d4:	3001      	adds	r0, #1
100058d6:	e7f1      	b.n	100058bc <tud_cdc_n_connected+0xc>
100058d8:	2000      	movs	r0, #0
100058da:	e7ef      	b.n	100058bc <tud_cdc_n_connected+0xc>
100058dc:	2000      	movs	r0, #0
100058de:	e7ed      	b.n	100058bc <tud_cdc_n_connected+0xc>
100058e0:	20000ed0 	.word	0x20000ed0

100058e4 <tud_cdc_n_available>:
100058e4:	b510      	push	{r4, lr}
100058e6:	23c8      	movs	r3, #200	@ 0xc8
100058e8:	4343      	muls	r3, r0
100058ea:	3310      	adds	r3, #16
100058ec:	4802      	ldr	r0, [pc, #8]	@ (100058f8 <tud_cdc_n_available+0x14>)
100058ee:	1818      	adds	r0, r3, r0
100058f0:	f000 fdd7 	bl	100064a2 <tu_fifo_count>
100058f4:	bd10      	pop	{r4, pc}
100058f6:	46c0      	nop			@ (mov r8, r8)
100058f8:	20000ed0 	.word	0x20000ed0

100058fc <tud_cdc_n_read>:
100058fc:	b570      	push	{r4, r5, r6, lr}
100058fe:	0004      	movs	r4, r0
10005900:	20c8      	movs	r0, #200	@ 0xc8
10005902:	4360      	muls	r0, r4
10005904:	0003      	movs	r3, r0
10005906:	3310      	adds	r3, #16
10005908:	4807      	ldr	r0, [pc, #28]	@ (10005928 <tud_cdc_n_read+0x2c>)
1000590a:	1818      	adds	r0, r3, r0
1000590c:	4b07      	ldr	r3, [pc, #28]	@ (1000592c <tud_cdc_n_read+0x30>)
1000590e:	429a      	cmp	r2, r3
10005910:	d808      	bhi.n	10005924 <tud_cdc_n_read+0x28>
10005912:	b292      	uxth	r2, r2
10005914:	f000 fe31 	bl	1000657a <tu_fifo_read_n>
10005918:	0005      	movs	r5, r0
1000591a:	0020      	movs	r0, r4
1000591c:	f7ff ff7c 	bl	10005818 <_prep_out_transaction>
10005920:	0028      	movs	r0, r5
10005922:	bd70      	pop	{r4, r5, r6, pc}
10005924:	4a02      	ldr	r2, [pc, #8]	@ (10005930 <tud_cdc_n_read+0x34>)
10005926:	e7f5      	b.n	10005914 <tud_cdc_n_read+0x18>
10005928:	20000ed0 	.word	0x20000ed0
1000592c:	0000fffe 	.word	0x0000fffe
10005930:	0000ffff 	.word	0x0000ffff

10005934 <tud_cdc_n_write_flush>:
10005934:	b570      	push	{r4, r5, r6, lr}
10005936:	0004      	movs	r4, r0
10005938:	f7ff f99e 	bl	10004c78 <tud_mounted>
1000593c:	2800      	cmp	r0, #0
1000593e:	d101      	bne.n	10005944 <tud_cdc_n_write_flush+0x10>
10005940:	2000      	movs	r0, #0
10005942:	bd70      	pop	{r4, r5, r6, pc}
10005944:	f7ff f9a0 	bl	10004c88 <tud_suspended>
10005948:	2800      	cmp	r0, #0
1000594a:	d1f9      	bne.n	10005940 <tud_cdc_n_write_flush+0xc>
1000594c:	23c8      	movs	r3, #200	@ 0xc8
1000594e:	4363      	muls	r3, r4
10005950:	3320      	adds	r3, #32
10005952:	4a1e      	ldr	r2, [pc, #120]	@ (100059cc <tud_cdc_n_write_flush+0x98>)
10005954:	189b      	adds	r3, r3, r2
10005956:	3304      	adds	r3, #4
10005958:	001e      	movs	r6, r3
1000595a:	0018      	movs	r0, r3
1000595c:	f000 fda1 	bl	100064a2 <tu_fifo_count>
10005960:	2800      	cmp	r0, #0
10005962:	d0ee      	beq.n	10005942 <tud_cdc_n_write_flush+0xe>
10005964:	4b19      	ldr	r3, [pc, #100]	@ (100059cc <tud_cdc_n_write_flush+0x98>)
10005966:	22c8      	movs	r2, #200	@ 0xc8
10005968:	4362      	muls	r2, r4
1000596a:	189b      	adds	r3, r3, r2
1000596c:	7899      	ldrb	r1, [r3, #2]
1000596e:	2000      	movs	r0, #0
10005970:	f7ff fa8c 	bl	10004e8c <usbd_edpt_claim>
10005974:	2800      	cmp	r0, #0
10005976:	d0e4      	beq.n	10005942 <tud_cdc_n_write_flush+0xe>
10005978:	01e3      	lsls	r3, r4, #7
1000597a:	3340      	adds	r3, #64	@ 0x40
1000597c:	4a14      	ldr	r2, [pc, #80]	@ (100059d0 <tud_cdc_n_write_flush+0x9c>)
1000597e:	189b      	adds	r3, r3, r2
10005980:	001d      	movs	r5, r3
10005982:	2240      	movs	r2, #64	@ 0x40
10005984:	0019      	movs	r1, r3
10005986:	0030      	movs	r0, r6
10005988:	f000 fdf7 	bl	1000657a <tu_fifo_read_n>
1000598c:	1e06      	subs	r6, r0, #0
1000598e:	d014      	beq.n	100059ba <tud_cdc_n_write_flush+0x86>
10005990:	4b0e      	ldr	r3, [pc, #56]	@ (100059cc <tud_cdc_n_write_flush+0x98>)
10005992:	22c8      	movs	r2, #200	@ 0xc8
10005994:	4362      	muls	r2, r4
10005996:	189b      	adds	r3, r3, r2
10005998:	7899      	ldrb	r1, [r3, #2]
1000599a:	0003      	movs	r3, r0
1000599c:	002a      	movs	r2, r5
1000599e:	2000      	movs	r0, #0
100059a0:	f7ff fa9c 	bl	10004edc <usbd_edpt_xfer>
100059a4:	2800      	cmp	r0, #0
100059a6:	d001      	beq.n	100059ac <tud_cdc_n_write_flush+0x78>
100059a8:	0030      	movs	r0, r6
100059aa:	e7ca      	b.n	10005942 <tud_cdc_n_write_flush+0xe>
100059ac:	4909      	ldr	r1, [pc, #36]	@ (100059d4 <tud_cdc_n_write_flush+0xa0>)
100059ae:	480a      	ldr	r0, [pc, #40]	@ (100059d8 <tud_cdc_n_write_flush+0xa4>)
100059b0:	22d5      	movs	r2, #213	@ 0xd5
100059b2:	f7fe fa37 	bl	10003e24 <__wrap_printf>
100059b6:	2000      	movs	r0, #0
100059b8:	e7c3      	b.n	10005942 <tud_cdc_n_write_flush+0xe>
100059ba:	4b04      	ldr	r3, [pc, #16]	@ (100059cc <tud_cdc_n_write_flush+0x98>)
100059bc:	22c8      	movs	r2, #200	@ 0xc8
100059be:	4362      	muls	r2, r4
100059c0:	189b      	adds	r3, r3, r2
100059c2:	7899      	ldrb	r1, [r3, #2]
100059c4:	f7ff fa76 	bl	10004eb4 <usbd_edpt_release>
100059c8:	2000      	movs	r0, #0
100059ca:	e7ba      	b.n	10005942 <tud_cdc_n_write_flush+0xe>
100059cc:	20000ed0 	.word	0x20000ed0
100059d0:	20000e4c 	.word	0x20000e4c
100059d4:	100079b4 	.word	0x100079b4
100059d8:	10007490 	.word	0x10007490

100059dc <tud_cdc_n_write>:
100059dc:	b570      	push	{r4, r5, r6, lr}
100059de:	0006      	movs	r6, r0
100059e0:	24c8      	movs	r4, #200	@ 0xc8
100059e2:	4344      	muls	r4, r0
100059e4:	3420      	adds	r4, #32
100059e6:	4b0c      	ldr	r3, [pc, #48]	@ (10005a18 <tud_cdc_n_write+0x3c>)
100059e8:	18e4      	adds	r4, r4, r3
100059ea:	3404      	adds	r4, #4
100059ec:	4b0b      	ldr	r3, [pc, #44]	@ (10005a1c <tud_cdc_n_write+0x40>)
100059ee:	429a      	cmp	r2, r3
100059f0:	d80b      	bhi.n	10005a0a <tud_cdc_n_write+0x2e>
100059f2:	b292      	uxth	r2, r2
100059f4:	0020      	movs	r0, r4
100059f6:	f000 fdf8 	bl	100065ea <tu_fifo_write_n>
100059fa:	0005      	movs	r5, r0
100059fc:	0020      	movs	r0, r4
100059fe:	f000 fd50 	bl	100064a2 <tu_fifo_count>
10005a02:	283f      	cmp	r0, #63	@ 0x3f
10005a04:	d803      	bhi.n	10005a0e <tud_cdc_n_write+0x32>
10005a06:	0028      	movs	r0, r5
10005a08:	bd70      	pop	{r4, r5, r6, pc}
10005a0a:	4a05      	ldr	r2, [pc, #20]	@ (10005a20 <tud_cdc_n_write+0x44>)
10005a0c:	e7f2      	b.n	100059f4 <tud_cdc_n_write+0x18>
10005a0e:	0030      	movs	r0, r6
10005a10:	f7ff ff90 	bl	10005934 <tud_cdc_n_write_flush>
10005a14:	e7f7      	b.n	10005a06 <tud_cdc_n_write+0x2a>
10005a16:	46c0      	nop			@ (mov r8, r8)
10005a18:	20000ed0 	.word	0x20000ed0
10005a1c:	0000fffe 	.word	0x0000fffe
10005a20:	0000ffff 	.word	0x0000ffff

10005a24 <tud_cdc_n_write_available>:
10005a24:	b510      	push	{r4, lr}
10005a26:	23c8      	movs	r3, #200	@ 0xc8
10005a28:	4358      	muls	r0, r3
10005a2a:	3020      	adds	r0, #32
10005a2c:	4b02      	ldr	r3, [pc, #8]	@ (10005a38 <tud_cdc_n_write_available+0x14>)
10005a2e:	18c0      	adds	r0, r0, r3
10005a30:	3004      	adds	r0, #4
10005a32:	f000 fd6a 	bl	1000650a <tu_fifo_remaining>
10005a36:	bd10      	pop	{r4, pc}
10005a38:	20000ed0 	.word	0x20000ed0

10005a3c <cdcd_init>:
10005a3c:	b5f0      	push	{r4, r5, r6, r7, lr}
10005a3e:	46c6      	mov	lr, r8
10005a40:	b500      	push	{lr}
10005a42:	b082      	sub	sp, #8
10005a44:	4824      	ldr	r0, [pc, #144]	@ (10005ad8 <cdcd_init+0x9c>)
10005a46:	22c8      	movs	r2, #200	@ 0xc8
10005a48:	2100      	movs	r1, #0
10005a4a:	f7fc ff79 	bl	10002940 <__wrap_memset>
10005a4e:	4b23      	ldr	r3, [pc, #140]	@ (10005adc <cdcd_init+0xa0>)
10005a50:	2200      	movs	r2, #0
10005a52:	701a      	strb	r2, [r3, #0]
10005a54:	2700      	movs	r7, #0
10005a56:	2f00      	cmp	r7, #0
10005a58:	d003      	beq.n	10005a62 <cdcd_init+0x26>
10005a5a:	b002      	add	sp, #8
10005a5c:	bc80      	pop	{r7}
10005a5e:	46b8      	mov	r8, r7
10005a60:	bdf0      	pop	{r4, r5, r6, r7, pc}
10005a62:	4e1d      	ldr	r6, [pc, #116]	@ (10005ad8 <cdcd_init+0x9c>)
10005a64:	24c8      	movs	r4, #200	@ 0xc8
10005a66:	437c      	muls	r4, r7
10005a68:	1935      	adds	r5, r6, r4
10005a6a:	23ff      	movs	r3, #255	@ 0xff
10005a6c:	716b      	strb	r3, [r5, #5]
10005a6e:	23e1      	movs	r3, #225	@ 0xe1
10005a70:	025b      	lsls	r3, r3, #9
10005a72:	60ab      	str	r3, [r5, #8]
10005a74:	2200      	movs	r2, #0
10005a76:	732a      	strb	r2, [r5, #12]
10005a78:	736a      	strb	r2, [r5, #13]
10005a7a:	2308      	movs	r3, #8
10005a7c:	73ab      	strb	r3, [r5, #14]
10005a7e:	0021      	movs	r1, r4
10005a80:	3138      	adds	r1, #56	@ 0x38
10005a82:	1989      	adds	r1, r1, r6
10005a84:	0020      	movs	r0, r4
10005a86:	3010      	adds	r0, #16
10005a88:	1980      	adds	r0, r0, r6
10005a8a:	9200      	str	r2, [sp, #0]
10005a8c:	3b07      	subs	r3, #7
10005a8e:	3240      	adds	r2, #64	@ 0x40
10005a90:	f000 fcc6 	bl	10006420 <tu_fifo_config>
10005a94:	0021      	movs	r1, r4
10005a96:	3178      	adds	r1, #120	@ 0x78
10005a98:	1989      	adds	r1, r1, r6
10005a9a:	0020      	movs	r0, r4
10005a9c:	3020      	adds	r0, #32
10005a9e:	1980      	adds	r0, r0, r6
10005aa0:	3004      	adds	r0, #4
10005aa2:	2301      	movs	r3, #1
10005aa4:	9300      	str	r3, [sp, #0]
10005aa6:	2240      	movs	r2, #64	@ 0x40
10005aa8:	f000 fcba 	bl	10006420 <tu_fifo_config>
10005aac:	0023      	movs	r3, r4
10005aae:	33b8      	adds	r3, #184	@ 0xb8
10005ab0:	199b      	adds	r3, r3, r6
10005ab2:	4698      	mov	r8, r3
10005ab4:	0018      	movs	r0, r3
10005ab6:	f7fb f8b1 	bl	10000c1c <mutex_init>
10005aba:	34c0      	adds	r4, #192	@ 0xc0
10005abc:	19a4      	adds	r4, r4, r6
10005abe:	0020      	movs	r0, r4
10005ac0:	f7fb f8ac 	bl	10000c1c <mutex_init>
10005ac4:	2200      	movs	r2, #0
10005ac6:	61ea      	str	r2, [r5, #28]
10005ac8:	4643      	mov	r3, r8
10005aca:	622b      	str	r3, [r5, #32]
10005acc:	632c      	str	r4, [r5, #48]	@ 0x30
10005ace:	636a      	str	r2, [r5, #52]	@ 0x34
10005ad0:	3701      	adds	r7, #1
10005ad2:	b2ff      	uxtb	r7, r7
10005ad4:	e7bf      	b.n	10005a56 <cdcd_init+0x1a>
10005ad6:	46c0      	nop			@ (mov r8, r8)
10005ad8:	20000ed0 	.word	0x20000ed0
10005adc:	20000ecc 	.word	0x20000ecc

10005ae0 <cdcd_deinit>:
10005ae0:	2300      	movs	r3, #0
10005ae2:	2b00      	cmp	r3, #0
10005ae4:	d001      	beq.n	10005aea <cdcd_deinit+0xa>
10005ae6:	2001      	movs	r0, #1
10005ae8:	4770      	bx	lr
10005aea:	0019      	movs	r1, r3
10005aec:	4a0e      	ldr	r2, [pc, #56]	@ (10005b28 <cdcd_deinit+0x48>)
10005aee:	20c8      	movs	r0, #200	@ 0xc8
10005af0:	4358      	muls	r0, r3
10005af2:	1812      	adds	r2, r2, r0
10005af4:	6a10      	ldr	r0, [r2, #32]
10005af6:	6b12      	ldr	r2, [r2, #48]	@ 0x30
10005af8:	4694      	mov	ip, r2
10005afa:	2800      	cmp	r0, #0
10005afc:	d006      	beq.n	10005b0c <cdcd_deinit+0x2c>
10005afe:	4a0a      	ldr	r2, [pc, #40]	@ (10005b28 <cdcd_deinit+0x48>)
10005b00:	20c8      	movs	r0, #200	@ 0xc8
10005b02:	4358      	muls	r0, r3
10005b04:	1812      	adds	r2, r2, r0
10005b06:	2000      	movs	r0, #0
10005b08:	61d0      	str	r0, [r2, #28]
10005b0a:	6210      	str	r0, [r2, #32]
10005b0c:	4662      	mov	r2, ip
10005b0e:	2a00      	cmp	r2, #0
10005b10:	d006      	beq.n	10005b20 <cdcd_deinit+0x40>
10005b12:	4a05      	ldr	r2, [pc, #20]	@ (10005b28 <cdcd_deinit+0x48>)
10005b14:	20c8      	movs	r0, #200	@ 0xc8
10005b16:	4341      	muls	r1, r0
10005b18:	1852      	adds	r2, r2, r1
10005b1a:	2100      	movs	r1, #0
10005b1c:	6311      	str	r1, [r2, #48]	@ 0x30
10005b1e:	6351      	str	r1, [r2, #52]	@ 0x34
10005b20:	3301      	adds	r3, #1
10005b22:	b2db      	uxtb	r3, r3
10005b24:	e7dd      	b.n	10005ae2 <cdcd_deinit+0x2>
10005b26:	46c0      	nop			@ (mov r8, r8)
10005b28:	20000ed0 	.word	0x20000ed0

10005b2c <cdcd_reset>:
10005b2c:	b570      	push	{r4, r5, r6, lr}
10005b2e:	2400      	movs	r4, #0
10005b30:	2c00      	cmp	r4, #0
10005b32:	d000      	beq.n	10005b36 <cdcd_reset+0xa>
10005b34:	bd70      	pop	{r4, r5, r6, pc}
10005b36:	0025      	movs	r5, r4
10005b38:	20c8      	movs	r0, #200	@ 0xc8
10005b3a:	4360      	muls	r0, r4
10005b3c:	4b15      	ldr	r3, [pc, #84]	@ (10005b94 <cdcd_reset+0x68>)
10005b3e:	18c0      	adds	r0, r0, r3
10005b40:	2205      	movs	r2, #5
10005b42:	2100      	movs	r1, #0
10005b44:	f7fc fefc 	bl	10002940 <__wrap_memset>
10005b48:	4b13      	ldr	r3, [pc, #76]	@ (10005b98 <cdcd_reset+0x6c>)
10005b4a:	781b      	ldrb	r3, [r3, #0]
10005b4c:	07db      	lsls	r3, r3, #31
10005b4e:	d50f      	bpl.n	10005b70 <cdcd_reset+0x44>
10005b50:	4b11      	ldr	r3, [pc, #68]	@ (10005b98 <cdcd_reset+0x6c>)
10005b52:	781b      	ldrb	r3, [r3, #0]
10005b54:	079b      	lsls	r3, r3, #30
10005b56:	d513      	bpl.n	10005b80 <cdcd_reset+0x54>
10005b58:	20c8      	movs	r0, #200	@ 0xc8
10005b5a:	4368      	muls	r0, r5
10005b5c:	3020      	adds	r0, #32
10005b5e:	4b0d      	ldr	r3, [pc, #52]	@ (10005b94 <cdcd_reset+0x68>)
10005b60:	18c0      	adds	r0, r0, r3
10005b62:	3004      	adds	r0, #4
10005b64:	2101      	movs	r1, #1
10005b66:	f000 fd64 	bl	10006632 <tu_fifo_set_overwritable>
10005b6a:	3401      	adds	r4, #1
10005b6c:	b2e4      	uxtb	r4, r4
10005b6e:	e7df      	b.n	10005b30 <cdcd_reset+0x4>
10005b70:	20c8      	movs	r0, #200	@ 0xc8
10005b72:	4360      	muls	r0, r4
10005b74:	3010      	adds	r0, #16
10005b76:	4b07      	ldr	r3, [pc, #28]	@ (10005b94 <cdcd_reset+0x68>)
10005b78:	18c0      	adds	r0, r0, r3
10005b7a:	f000 fd3b 	bl	100065f4 <tu_fifo_clear>
10005b7e:	e7e7      	b.n	10005b50 <cdcd_reset+0x24>
10005b80:	20c8      	movs	r0, #200	@ 0xc8
10005b82:	4368      	muls	r0, r5
10005b84:	3020      	adds	r0, #32
10005b86:	4b03      	ldr	r3, [pc, #12]	@ (10005b94 <cdcd_reset+0x68>)
10005b88:	18c0      	adds	r0, r0, r3
10005b8a:	3004      	adds	r0, #4
10005b8c:	f000 fd32 	bl	100065f4 <tu_fifo_clear>
10005b90:	e7e2      	b.n	10005b58 <cdcd_reset+0x2c>
10005b92:	46c0      	nop			@ (mov r8, r8)
10005b94:	20000ed0 	.word	0x20000ed0
10005b98:	20000ecc 	.word	0x20000ecc

10005b9c <cdcd_open>:
10005b9c:	b5f0      	push	{r4, r5, r6, r7, lr}
10005b9e:	46c6      	mov	lr, r8
10005ba0:	b500      	push	{lr}
10005ba2:	b082      	sub	sp, #8
10005ba4:	0007      	movs	r7, r0
10005ba6:	794b      	ldrb	r3, [r1, #5]
10005ba8:	2b02      	cmp	r3, #2
10005baa:	d16b      	bne.n	10005c84 <cdcd_open+0xe8>
10005bac:	798b      	ldrb	r3, [r1, #6]
10005bae:	2b02      	cmp	r3, #2
10005bb0:	d000      	beq.n	10005bb4 <cdcd_open+0x18>
10005bb2:	e06d      	b.n	10005c90 <cdcd_open+0xf4>
10005bb4:	2300      	movs	r3, #0
10005bb6:	001e      	movs	r6, r3
10005bb8:	2e00      	cmp	r6, #0
10005bba:	d008      	beq.n	10005bce <cdcd_open+0x32>
10005bbc:	2e00      	cmp	r6, #0
10005bbe:	d113      	bne.n	10005be8 <cdcd_open+0x4c>
10005bc0:	788b      	ldrb	r3, [r1, #2]
10005bc2:	4640      	mov	r0, r8
10005bc4:	7003      	strb	r3, [r0, #0]
10005bc6:	780c      	ldrb	r4, [r1, #0]
10005bc8:	190c      	adds	r4, r1, r4
10005bca:	2509      	movs	r5, #9
10005bcc:	e018      	b.n	10005c00 <cdcd_open+0x64>
10005bce:	23c8      	movs	r3, #200	@ 0xc8
10005bd0:	4373      	muls	r3, r6
10005bd2:	4830      	ldr	r0, [pc, #192]	@ (10005c94 <cdcd_open+0xf8>)
10005bd4:	181b      	adds	r3, r3, r0
10005bd6:	4698      	mov	r8, r3
10005bd8:	789b      	ldrb	r3, [r3, #2]
10005bda:	2b00      	cmp	r3, #0
10005bdc:	d0ee      	beq.n	10005bbc <cdcd_open+0x20>
10005bde:	0033      	movs	r3, r6
10005be0:	3301      	adds	r3, #1
10005be2:	b2db      	uxtb	r3, r3
10005be4:	001e      	movs	r6, r3
10005be6:	e7e7      	b.n	10005bb8 <cdcd_open+0x1c>
10005be8:	2242      	movs	r2, #66	@ 0x42
10005bea:	492b      	ldr	r1, [pc, #172]	@ (10005c98 <cdcd_open+0xfc>)
10005bec:	482b      	ldr	r0, [pc, #172]	@ (10005c9c <cdcd_open+0x100>)
10005bee:	32ff      	adds	r2, #255	@ 0xff
10005bf0:	f7fe f918 	bl	10003e24 <__wrap_printf>
10005bf4:	2500      	movs	r5, #0
10005bf6:	e046      	b.n	10005c86 <cdcd_open+0xea>
10005bf8:	7823      	ldrb	r3, [r4, #0]
10005bfa:	195d      	adds	r5, r3, r5
10005bfc:	b2ad      	uxth	r5, r5
10005bfe:	18e4      	adds	r4, r4, r3
10005c00:	7863      	ldrb	r3, [r4, #1]
10005c02:	2b24      	cmp	r3, #36	@ 0x24
10005c04:	d101      	bne.n	10005c0a <cdcd_open+0x6e>
10005c06:	4295      	cmp	r5, r2
10005c08:	d9f6      	bls.n	10005bf8 <cdcd_open+0x5c>
10005c0a:	2b05      	cmp	r3, #5
10005c0c:	d009      	beq.n	10005c22 <cdcd_open+0x86>
10005c0e:	7863      	ldrb	r3, [r4, #1]
10005c10:	2b04      	cmp	r3, #4
10005c12:	d102      	bne.n	10005c1a <cdcd_open+0x7e>
10005c14:	7963      	ldrb	r3, [r4, #5]
10005c16:	2b0a      	cmp	r3, #10
10005c18:	d019      	beq.n	10005c4e <cdcd_open+0xb2>
10005c1a:	0030      	movs	r0, r6
10005c1c:	f7ff fdfc 	bl	10005818 <_prep_out_transaction>
10005c20:	e031      	b.n	10005c86 <cdcd_open+0xea>
10005c22:	0021      	movs	r1, r4
10005c24:	0038      	movs	r0, r7
10005c26:	f7ff f8bf 	bl	10004da8 <usbd_edpt_open>
10005c2a:	2800      	cmp	r0, #0
10005c2c:	d007      	beq.n	10005c3e <cdcd_open+0xa2>
10005c2e:	78a3      	ldrb	r3, [r4, #2]
10005c30:	4642      	mov	r2, r8
10005c32:	7053      	strb	r3, [r2, #1]
10005c34:	7823      	ldrb	r3, [r4, #0]
10005c36:	195d      	adds	r5, r3, r5
10005c38:	b2ad      	uxth	r5, r5
10005c3a:	18e4      	adds	r4, r4, r3
10005c3c:	e7e7      	b.n	10005c0e <cdcd_open+0x72>
10005c3e:	2254      	movs	r2, #84	@ 0x54
10005c40:	4915      	ldr	r1, [pc, #84]	@ (10005c98 <cdcd_open+0xfc>)
10005c42:	4816      	ldr	r0, [pc, #88]	@ (10005c9c <cdcd_open+0x100>)
10005c44:	32ff      	adds	r2, #255	@ 0xff
10005c46:	f7fe f8ed 	bl	10003e24 <__wrap_printf>
10005c4a:	2500      	movs	r5, #0
10005c4c:	e01b      	b.n	10005c86 <cdcd_open+0xea>
10005c4e:	7821      	ldrb	r1, [r4, #0]
10005c50:	194d      	adds	r5, r1, r5
10005c52:	b2ad      	uxth	r5, r5
10005c54:	1861      	adds	r1, r4, r1
10005c56:	4642      	mov	r2, r8
10005c58:	1c93      	adds	r3, r2, #2
10005c5a:	9301      	str	r3, [sp, #4]
10005c5c:	1cd3      	adds	r3, r2, #3
10005c5e:	9300      	str	r3, [sp, #0]
10005c60:	2302      	movs	r3, #2
10005c62:	2202      	movs	r2, #2
10005c64:	0038      	movs	r0, r7
10005c66:	f7ff f8d1 	bl	10004e0c <usbd_open_edpt_pair>
10005c6a:	2800      	cmp	r0, #0
10005c6c:	d002      	beq.n	10005c74 <cdcd_open+0xd8>
10005c6e:	350e      	adds	r5, #14
10005c70:	b2ad      	uxth	r5, r5
10005c72:	e7d2      	b.n	10005c1a <cdcd_open+0x7e>
10005c74:	22b1      	movs	r2, #177	@ 0xb1
10005c76:	4908      	ldr	r1, [pc, #32]	@ (10005c98 <cdcd_open+0xfc>)
10005c78:	4808      	ldr	r0, [pc, #32]	@ (10005c9c <cdcd_open+0x100>)
10005c7a:	0052      	lsls	r2, r2, #1
10005c7c:	f7fe f8d2 	bl	10003e24 <__wrap_printf>
10005c80:	2500      	movs	r5, #0
10005c82:	e000      	b.n	10005c86 <cdcd_open+0xea>
10005c84:	2500      	movs	r5, #0
10005c86:	0028      	movs	r0, r5
10005c88:	b002      	add	sp, #8
10005c8a:	bc80      	pop	{r7}
10005c8c:	46b8      	mov	r8, r7
10005c8e:	bdf0      	pop	{r4, r5, r6, r7, pc}
10005c90:	2500      	movs	r5, #0
10005c92:	e7f8      	b.n	10005c86 <cdcd_open+0xea>
10005c94:	20000ed0 	.word	0x20000ed0
10005c98:	100079a8 	.word	0x100079a8
10005c9c:	10007490 	.word	0x10007490

10005ca0 <cdcd_control_xfer_cb>:
10005ca0:	b570      	push	{r4, r5, r6, lr}
10005ca2:	0006      	movs	r6, r0
10005ca4:	000d      	movs	r5, r1
10005ca6:	0011      	movs	r1, r2
10005ca8:	7812      	ldrb	r2, [r2, #0]
10005caa:	2360      	movs	r3, #96	@ 0x60
10005cac:	4013      	ands	r3, r2
10005cae:	2b20      	cmp	r3, #32
10005cb0:	d000      	beq.n	10005cb4 <cdcd_control_xfer_cb+0x14>
10005cb2:	e087      	b.n	10005dc4 <cdcd_control_xfer_cb+0x124>
10005cb4:	2400      	movs	r4, #0
10005cb6:	2c00      	cmp	r4, #0
10005cb8:	d00f      	beq.n	10005cda <cdcd_control_xfer_cb+0x3a>
10005cba:	2c00      	cmp	r4, #0
10005cbc:	d000      	beq.n	10005cc0 <cdcd_control_xfer_cb+0x20>
10005cbe:	e083      	b.n	10005dc8 <cdcd_control_xfer_cb+0x128>
10005cc0:	784b      	ldrb	r3, [r1, #1]
10005cc2:	2b22      	cmp	r3, #34	@ 0x22
10005cc4:	d045      	beq.n	10005d52 <cdcd_control_xfer_cb+0xb2>
10005cc6:	d819      	bhi.n	10005cfc <cdcd_control_xfer_cb+0x5c>
10005cc8:	2b20      	cmp	r3, #32
10005cca:	d021      	beq.n	10005d10 <cdcd_control_xfer_cb+0x70>
10005ccc:	2b21      	cmp	r3, #33	@ 0x21
10005cce:	d113      	bne.n	10005cf8 <cdcd_control_xfer_cb+0x58>
10005cd0:	002b      	movs	r3, r5
10005cd2:	2d01      	cmp	r5, #1
10005cd4:	d035      	beq.n	10005d42 <cdcd_control_xfer_cb+0xa2>
10005cd6:	2001      	movs	r0, #1
10005cd8:	e075      	b.n	10005dc6 <cdcd_control_xfer_cb+0x126>
10005cda:	23c8      	movs	r3, #200	@ 0xc8
10005cdc:	4363      	muls	r3, r4
10005cde:	4a3e      	ldr	r2, [pc, #248]	@ (10005dd8 <cdcd_control_xfer_cb+0x138>)
10005ce0:	1898      	adds	r0, r3, r2
10005ce2:	4684      	mov	ip, r0
10005ce4:	5cd2      	ldrb	r2, [r2, r3]
10005ce6:	7908      	ldrb	r0, [r1, #4]
10005ce8:	794b      	ldrb	r3, [r1, #5]
10005cea:	021b      	lsls	r3, r3, #8
10005cec:	4303      	orrs	r3, r0
10005cee:	429a      	cmp	r2, r3
10005cf0:	d0e3      	beq.n	10005cba <cdcd_control_xfer_cb+0x1a>
10005cf2:	3401      	adds	r4, #1
10005cf4:	b2e4      	uxtb	r4, r4
10005cf6:	e7de      	b.n	10005cb6 <cdcd_control_xfer_cb+0x16>
10005cf8:	2000      	movs	r0, #0
10005cfa:	e064      	b.n	10005dc6 <cdcd_control_xfer_cb+0x126>
10005cfc:	2b23      	cmp	r3, #35	@ 0x23
10005cfe:	d105      	bne.n	10005d0c <cdcd_control_xfer_cb+0x6c>
10005d00:	2d01      	cmp	r5, #1
10005d02:	d04e      	beq.n	10005da2 <cdcd_control_xfer_cb+0x102>
10005d04:	2d03      	cmp	r5, #3
10005d06:	d051      	beq.n	10005dac <cdcd_control_xfer_cb+0x10c>
10005d08:	2001      	movs	r0, #1
10005d0a:	e05c      	b.n	10005dc6 <cdcd_control_xfer_cb+0x126>
10005d0c:	2000      	movs	r0, #0
10005d0e:	e05a      	b.n	10005dc6 <cdcd_control_xfer_cb+0x126>
10005d10:	002b      	movs	r3, r5
10005d12:	2d01      	cmp	r5, #1
10005d14:	d003      	beq.n	10005d1e <cdcd_control_xfer_cb+0x7e>
10005d16:	2d03      	cmp	r5, #3
10005d18:	d009      	beq.n	10005d2e <cdcd_control_xfer_cb+0x8e>
10005d1a:	2001      	movs	r0, #1
10005d1c:	e053      	b.n	10005dc6 <cdcd_control_xfer_cb+0x126>
10005d1e:	4662      	mov	r2, ip
10005d20:	3208      	adds	r2, #8
10005d22:	3306      	adds	r3, #6
10005d24:	0030      	movs	r0, r6
10005d26:	f7ff fc97 	bl	10005658 <tud_control_xfer>
10005d2a:	2001      	movs	r0, #1
10005d2c:	e04b      	b.n	10005dc6 <cdcd_control_xfer_cb+0x126>
10005d2e:	4b2b      	ldr	r3, [pc, #172]	@ (10005ddc <cdcd_control_xfer_cb+0x13c>)
10005d30:	2b00      	cmp	r3, #0
10005d32:	d04b      	beq.n	10005dcc <cdcd_control_xfer_cb+0x12c>
10005d34:	4661      	mov	r1, ip
10005d36:	3108      	adds	r1, #8
10005d38:	0020      	movs	r0, r4
10005d3a:	f7fe fbc7 	bl	100044cc <tud_cdc_line_coding_cb>
10005d3e:	2001      	movs	r0, #1
10005d40:	e041      	b.n	10005dc6 <cdcd_control_xfer_cb+0x126>
10005d42:	4662      	mov	r2, ip
10005d44:	3208      	adds	r2, #8
10005d46:	3306      	adds	r3, #6
10005d48:	0030      	movs	r0, r6
10005d4a:	f7ff fc85 	bl	10005658 <tud_control_xfer>
10005d4e:	2001      	movs	r0, #1
10005d50:	e039      	b.n	10005dc6 <cdcd_control_xfer_cb+0x126>
10005d52:	2d01      	cmp	r5, #1
10005d54:	d003      	beq.n	10005d5e <cdcd_control_xfer_cb+0xbe>
10005d56:	2d03      	cmp	r5, #3
10005d58:	d006      	beq.n	10005d68 <cdcd_control_xfer_cb+0xc8>
10005d5a:	2001      	movs	r0, #1
10005d5c:	e033      	b.n	10005dc6 <cdcd_control_xfer_cb+0x126>
10005d5e:	0030      	movs	r0, r6
10005d60:	f7ff fc66 	bl	10005630 <tud_control_status>
10005d64:	2001      	movs	r0, #1
10005d66:	e02e      	b.n	10005dc6 <cdcd_control_xfer_cb+0x126>
10005d68:	788a      	ldrb	r2, [r1, #2]
10005d6a:	78cb      	ldrb	r3, [r1, #3]
10005d6c:	021b      	lsls	r3, r3, #8
10005d6e:	4313      	orrs	r3, r2
10005d70:	2201      	movs	r2, #1
10005d72:	0015      	movs	r5, r2
10005d74:	401d      	ands	r5, r3
10005d76:	0859      	lsrs	r1, r3, #1
10005d78:	400a      	ands	r2, r1
10005d7a:	0016      	movs	r6, r2
10005d7c:	4662      	mov	r2, ip
10005d7e:	7113      	strb	r3, [r2, #4]
10005d80:	2101      	movs	r1, #1
10005d82:	4069      	eors	r1, r5
10005d84:	b2c9      	uxtb	r1, r1
10005d86:	4660      	mov	r0, ip
10005d88:	3024      	adds	r0, #36	@ 0x24
10005d8a:	f000 fc52 	bl	10006632 <tu_fifo_set_overwritable>
10005d8e:	4b14      	ldr	r3, [pc, #80]	@ (10005de0 <cdcd_control_xfer_cb+0x140>)
10005d90:	2b00      	cmp	r3, #0
10005d92:	d01d      	beq.n	10005dd0 <cdcd_control_xfer_cb+0x130>
10005d94:	0032      	movs	r2, r6
10005d96:	0029      	movs	r1, r5
10005d98:	0020      	movs	r0, r4
10005d9a:	e000      	b.n	10005d9e <cdcd_control_xfer_cb+0xfe>
10005d9c:	bf00      	nop
10005d9e:	2001      	movs	r0, #1
10005da0:	e011      	b.n	10005dc6 <cdcd_control_xfer_cb+0x126>
10005da2:	0030      	movs	r0, r6
10005da4:	f7ff fc44 	bl	10005630 <tud_control_status>
10005da8:	2001      	movs	r0, #1
10005daa:	e00c      	b.n	10005dc6 <cdcd_control_xfer_cb+0x126>
10005dac:	4b0d      	ldr	r3, [pc, #52]	@ (10005de4 <cdcd_control_xfer_cb+0x144>)
10005dae:	2b00      	cmp	r3, #0
10005db0:	d010      	beq.n	10005dd4 <cdcd_control_xfer_cb+0x134>
10005db2:	788b      	ldrb	r3, [r1, #2]
10005db4:	78c9      	ldrb	r1, [r1, #3]
10005db6:	0209      	lsls	r1, r1, #8
10005db8:	4319      	orrs	r1, r3
10005dba:	0020      	movs	r0, r4
10005dbc:	e000      	b.n	10005dc0 <cdcd_control_xfer_cb+0x120>
10005dbe:	bf00      	nop
10005dc0:	2001      	movs	r0, #1
10005dc2:	e000      	b.n	10005dc6 <cdcd_control_xfer_cb+0x126>
10005dc4:	2000      	movs	r0, #0
10005dc6:	bd70      	pop	{r4, r5, r6, pc}
10005dc8:	2000      	movs	r0, #0
10005dca:	e7fc      	b.n	10005dc6 <cdcd_control_xfer_cb+0x126>
10005dcc:	2001      	movs	r0, #1
10005dce:	e7fa      	b.n	10005dc6 <cdcd_control_xfer_cb+0x126>
10005dd0:	2001      	movs	r0, #1
10005dd2:	e7f8      	b.n	10005dc6 <cdcd_control_xfer_cb+0x126>
10005dd4:	2001      	movs	r0, #1
10005dd6:	e7f6      	b.n	10005dc6 <cdcd_control_xfer_cb+0x126>
10005dd8:	20000ed0 	.word	0x20000ed0
10005ddc:	100044cd 	.word	0x100044cd
	...

10005de8 <cdcd_xfer_cb>:
10005de8:	b5f0      	push	{r4, r5, r6, r7, lr}
10005dea:	46ce      	mov	lr, r9
10005dec:	4647      	mov	r7, r8
10005dee:	b580      	push	{r7, lr}
10005df0:	b083      	sub	sp, #12
10005df2:	9001      	str	r0, [sp, #4]
10005df4:	000e      	movs	r6, r1
10005df6:	9300      	str	r3, [sp, #0]
10005df8:	2400      	movs	r4, #0
10005dfa:	2c00      	cmp	r4, #0
10005dfc:	d00f      	beq.n	10005e1e <cdcd_xfer_cb+0x36>
10005dfe:	2c00      	cmp	r4, #0
10005e00:	d11a      	bne.n	10005e38 <cdcd_xfer_cb+0x50>
10005e02:	46a0      	mov	r8, r4
10005e04:	78eb      	ldrb	r3, [r5, #3]
10005e06:	42b3      	cmp	r3, r6
10005e08:	d01e      	beq.n	10005e48 <cdcd_xfer_cb+0x60>
10005e0a:	78ab      	ldrb	r3, [r5, #2]
10005e0c:	42b3      	cmp	r3, r6
10005e0e:	d055      	beq.n	10005ebc <cdcd_xfer_cb+0xd4>
10005e10:	2401      	movs	r4, #1
10005e12:	0020      	movs	r0, r4
10005e14:	b003      	add	sp, #12
10005e16:	bcc0      	pop	{r6, r7}
10005e18:	46b9      	mov	r9, r7
10005e1a:	46b0      	mov	r8, r6
10005e1c:	bdf0      	pop	{r4, r5, r6, r7, pc}
10005e1e:	25c8      	movs	r5, #200	@ 0xc8
10005e20:	4365      	muls	r5, r4
10005e22:	4b3d      	ldr	r3, [pc, #244]	@ (10005f18 <cdcd_xfer_cb+0x130>)
10005e24:	18ed      	adds	r5, r5, r3
10005e26:	78eb      	ldrb	r3, [r5, #3]
10005e28:	42b3      	cmp	r3, r6
10005e2a:	d0e8      	beq.n	10005dfe <cdcd_xfer_cb+0x16>
10005e2c:	78ab      	ldrb	r3, [r5, #2]
10005e2e:	42b3      	cmp	r3, r6
10005e30:	d0e5      	beq.n	10005dfe <cdcd_xfer_cb+0x16>
10005e32:	3401      	adds	r4, #1
10005e34:	b2e4      	uxtb	r4, r4
10005e36:	e7e0      	b.n	10005dfa <cdcd_xfer_cb+0x12>
10005e38:	22e6      	movs	r2, #230	@ 0xe6
10005e3a:	4938      	ldr	r1, [pc, #224]	@ (10005f1c <cdcd_xfer_cb+0x134>)
10005e3c:	4838      	ldr	r0, [pc, #224]	@ (10005f20 <cdcd_xfer_cb+0x138>)
10005e3e:	0052      	lsls	r2, r2, #1
10005e40:	f7fd fff0 	bl	10003e24 <__wrap_printf>
10005e44:	2400      	movs	r4, #0
10005e46:	e7e4      	b.n	10005e12 <cdcd_xfer_cb+0x2a>
10005e48:	2310      	movs	r3, #16
10005e4a:	469c      	mov	ip, r3
10005e4c:	44ac      	add	ip, r5
10005e4e:	4660      	mov	r0, ip
10005e50:	46e1      	mov	r9, ip
10005e52:	01e1      	lsls	r1, r4, #7
10005e54:	4b33      	ldr	r3, [pc, #204]	@ (10005f24 <cdcd_xfer_cb+0x13c>)
10005e56:	18c9      	adds	r1, r1, r3
10005e58:	466b      	mov	r3, sp
10005e5a:	881a      	ldrh	r2, [r3, #0]
10005e5c:	f000 fbc5 	bl	100065ea <tu_fifo_write_n>
10005e60:	4b31      	ldr	r3, [pc, #196]	@ (10005f28 <cdcd_xfer_cb+0x140>)
10005e62:	2b00      	cmp	r3, #0
10005e64:	d01a      	beq.n	10005e9c <cdcd_xfer_cb+0xb4>
10005e66:	796b      	ldrb	r3, [r5, #5]
10005e68:	2bff      	cmp	r3, #255	@ 0xff
10005e6a:	d017      	beq.n	10005e9c <cdcd_xfer_cb+0xb4>
10005e6c:	2700      	movs	r7, #0
10005e6e:	e000      	b.n	10005e72 <cdcd_xfer_cb+0x8a>
10005e70:	3701      	adds	r7, #1
10005e72:	9b00      	ldr	r3, [sp, #0]
10005e74:	429f      	cmp	r7, r3
10005e76:	d211      	bcs.n	10005e9c <cdcd_xfer_cb+0xb4>
10005e78:	796a      	ldrb	r2, [r5, #5]
10005e7a:	4b2a      	ldr	r3, [pc, #168]	@ (10005f24 <cdcd_xfer_cb+0x13c>)
10005e7c:	4641      	mov	r1, r8
10005e7e:	01c9      	lsls	r1, r1, #7
10005e80:	185b      	adds	r3, r3, r1
10005e82:	5ddb      	ldrb	r3, [r3, r7]
10005e84:	429a      	cmp	r2, r3
10005e86:	d1f3      	bne.n	10005e70 <cdcd_xfer_cb+0x88>
10005e88:	4648      	mov	r0, r9
10005e8a:	f000 fb20 	bl	100064ce <tu_fifo_empty>
10005e8e:	2800      	cmp	r0, #0
10005e90:	d1ee      	bne.n	10005e70 <cdcd_xfer_cb+0x88>
10005e92:	7969      	ldrb	r1, [r5, #5]
10005e94:	0020      	movs	r0, r4
10005e96:	e000      	b.n	10005e9a <cdcd_xfer_cb+0xb2>
10005e98:	bf00      	nop
10005e9a:	e7e9      	b.n	10005e70 <cdcd_xfer_cb+0x88>
10005e9c:	4b23      	ldr	r3, [pc, #140]	@ (10005f2c <cdcd_xfer_cb+0x144>)
10005e9e:	2b00      	cmp	r3, #0
10005ea0:	d004      	beq.n	10005eac <cdcd_xfer_cb+0xc4>
10005ea2:	4648      	mov	r0, r9
10005ea4:	f000 fb13 	bl	100064ce <tu_fifo_empty>
10005ea8:	2800      	cmp	r0, #0
10005eaa:	d003      	beq.n	10005eb4 <cdcd_xfer_cb+0xcc>
10005eac:	0020      	movs	r0, r4
10005eae:	f7ff fcb3 	bl	10005818 <_prep_out_transaction>
10005eb2:	e7aa      	b.n	10005e0a <cdcd_xfer_cb+0x22>
10005eb4:	0020      	movs	r0, r4
10005eb6:	e000      	b.n	10005eba <cdcd_xfer_cb+0xd2>
10005eb8:	bf00      	nop
10005eba:	e7f7      	b.n	10005eac <cdcd_xfer_cb+0xc4>
10005ebc:	4b1c      	ldr	r3, [pc, #112]	@ (10005f30 <cdcd_xfer_cb+0x148>)
10005ebe:	2b00      	cmp	r3, #0
10005ec0:	d002      	beq.n	10005ec8 <cdcd_xfer_cb+0xe0>
10005ec2:	0020      	movs	r0, r4
10005ec4:	e000      	b.n	10005ec8 <cdcd_xfer_cb+0xe0>
10005ec6:	bf00      	nop
10005ec8:	0020      	movs	r0, r4
10005eca:	f7ff fd33 	bl	10005934 <tud_cdc_n_write_flush>
10005ece:	2800      	cmp	r0, #0
10005ed0:	d001      	beq.n	10005ed6 <cdcd_xfer_cb+0xee>
10005ed2:	2401      	movs	r4, #1
10005ed4:	e79d      	b.n	10005e12 <cdcd_xfer_cb+0x2a>
10005ed6:	0028      	movs	r0, r5
10005ed8:	3024      	adds	r0, #36	@ 0x24
10005eda:	f000 fae2 	bl	100064a2 <tu_fifo_count>
10005ede:	2800      	cmp	r0, #0
10005ee0:	d115      	bne.n	10005f0e <cdcd_xfer_cb+0x126>
10005ee2:	9b00      	ldr	r3, [sp, #0]
10005ee4:	2b00      	cmp	r3, #0
10005ee6:	d014      	beq.n	10005f12 <cdcd_xfer_cb+0x12a>
10005ee8:	069b      	lsls	r3, r3, #26
10005eea:	d001      	beq.n	10005ef0 <cdcd_xfer_cb+0x108>
10005eec:	2401      	movs	r4, #1
10005eee:	e790      	b.n	10005e12 <cdcd_xfer_cb+0x2a>
10005ef0:	78a9      	ldrb	r1, [r5, #2]
10005ef2:	9801      	ldr	r0, [sp, #4]
10005ef4:	f7fe ffca 	bl	10004e8c <usbd_edpt_claim>
10005ef8:	1e04      	subs	r4, r0, #0
10005efa:	d101      	bne.n	10005f00 <cdcd_xfer_cb+0x118>
10005efc:	2401      	movs	r4, #1
10005efe:	e788      	b.n	10005e12 <cdcd_xfer_cb+0x2a>
10005f00:	78a9      	ldrb	r1, [r5, #2]
10005f02:	2300      	movs	r3, #0
10005f04:	2200      	movs	r2, #0
10005f06:	9801      	ldr	r0, [sp, #4]
10005f08:	f7fe ffe8 	bl	10004edc <usbd_edpt_xfer>
10005f0c:	e781      	b.n	10005e12 <cdcd_xfer_cb+0x2a>
10005f0e:	2401      	movs	r4, #1
10005f10:	e77f      	b.n	10005e12 <cdcd_xfer_cb+0x2a>
10005f12:	2401      	movs	r4, #1
10005f14:	e77d      	b.n	10005e12 <cdcd_xfer_cb+0x2a>
10005f16:	46c0      	nop			@ (mov r8, r8)
10005f18:	20000ed0 	.word	0x20000ed0
10005f1c:	10007998 	.word	0x10007998
10005f20:	10007490 	.word	0x10007490
10005f24:	20000e4c 	.word	0x20000e4c
	...

10005f34 <tusb_rhport_init>:
10005f34:	b510      	push	{r4, lr}
10005f36:	b082      	sub	sp, #8
10005f38:	2900      	cmp	r1, #0
10005f3a:	d00b      	beq.n	10005f54 <tusb_rhport_init+0x20>
10005f3c:	2801      	cmp	r0, #1
10005f3e:	d81d      	bhi.n	10005f7c <tusb_rhport_init+0x48>
10005f40:	780b      	ldrb	r3, [r1, #0]
10005f42:	2b00      	cmp	r3, #0
10005f44:	d01a      	beq.n	10005f7c <tusb_rhport_init+0x48>
10005f46:	4a17      	ldr	r2, [pc, #92]	@ (10005fa4 <tusb_rhport_init+0x70>)
10005f48:	5413      	strb	r3, [r2, r0]
10005f4a:	2b01      	cmp	r3, #1
10005f4c:	d020      	beq.n	10005f90 <tusb_rhport_init+0x5c>
10005f4e:	2301      	movs	r3, #1
10005f50:	001c      	movs	r4, r3
10005f52:	e01a      	b.n	10005f8a <tusb_rhport_init+0x56>
10005f54:	a901      	add	r1, sp, #4
10005f56:	2301      	movs	r3, #1
10005f58:	700b      	strb	r3, [r1, #0]
10005f5a:	2300      	movs	r3, #0
10005f5c:	704b      	strb	r3, [r1, #1]
10005f5e:	2000      	movs	r0, #0
10005f60:	f7fe fea4 	bl	10004cac <tud_rhport_init>
10005f64:	1e04      	subs	r4, r0, #0
10005f66:	d003      	beq.n	10005f70 <tusb_rhport_init+0x3c>
10005f68:	4b0e      	ldr	r3, [pc, #56]	@ (10005fa4 <tusb_rhport_init+0x70>)
10005f6a:	2201      	movs	r2, #1
10005f6c:	701a      	strb	r2, [r3, #0]
10005f6e:	e00c      	b.n	10005f8a <tusb_rhport_init+0x56>
10005f70:	490d      	ldr	r1, [pc, #52]	@ (10005fa8 <tusb_rhport_init+0x74>)
10005f72:	480e      	ldr	r0, [pc, #56]	@ (10005fac <tusb_rhport_init+0x78>)
10005f74:	2247      	movs	r2, #71	@ 0x47
10005f76:	f7fd ff55 	bl	10003e24 <__wrap_printf>
10005f7a:	e006      	b.n	10005f8a <tusb_rhport_init+0x56>
10005f7c:	490a      	ldr	r1, [pc, #40]	@ (10005fa8 <tusb_rhport_init+0x74>)
10005f7e:	480b      	ldr	r0, [pc, #44]	@ (10005fac <tusb_rhport_init+0x78>)
10005f80:	225a      	movs	r2, #90	@ 0x5a
10005f82:	f7fd ff4f 	bl	10003e24 <__wrap_printf>
10005f86:	2300      	movs	r3, #0
10005f88:	001c      	movs	r4, r3
10005f8a:	0020      	movs	r0, r4
10005f8c:	b002      	add	sp, #8
10005f8e:	bd10      	pop	{r4, pc}
10005f90:	f7fe fe8c 	bl	10004cac <tud_rhport_init>
10005f94:	1e04      	subs	r4, r0, #0
10005f96:	d1f8      	bne.n	10005f8a <tusb_rhport_init+0x56>
10005f98:	4903      	ldr	r1, [pc, #12]	@ (10005fa8 <tusb_rhport_init+0x74>)
10005f9a:	4804      	ldr	r0, [pc, #16]	@ (10005fac <tusb_rhport_init+0x78>)
10005f9c:	225f      	movs	r2, #95	@ 0x5f
10005f9e:	f7fd ff41 	bl	10003e24 <__wrap_printf>
10005fa2:	e7f2      	b.n	10005f8a <tusb_rhport_init+0x56>
10005fa4:	20000fec 	.word	0x20000fec
10005fa8:	100079e0 	.word	0x100079e0
10005fac:	10007490 	.word	0x10007490

10005fb0 <tu_edpt_claim>:
10005fb0:	b570      	push	{r4, r5, r6, lr}
10005fb2:	0004      	movs	r4, r0
10005fb4:	000a      	movs	r2, r1
10005fb6:	000d      	movs	r5, r1
10005fb8:	7803      	ldrb	r3, [r0, #0]
10005fba:	07db      	lsls	r3, r3, #31
10005fbc:	0fd8      	lsrs	r0, r3, #31
10005fbe:	2b00      	cmp	r3, #0
10005fc0:	d11f      	bne.n	10006002 <tu_edpt_claim+0x52>
10005fc2:	7823      	ldrb	r3, [r4, #0]
10005fc4:	075b      	lsls	r3, r3, #29
10005fc6:	0fd9      	lsrs	r1, r3, #31
10005fc8:	000e      	movs	r6, r1
10005fca:	2b00      	cmp	r3, #0
10005fcc:	db1a      	blt.n	10006004 <tu_edpt_claim+0x54>
10005fce:	2101      	movs	r1, #1
10005fd0:	4249      	negs	r1, r1
10005fd2:	0010      	movs	r0, r2
10005fd4:	f000 fb88 	bl	100066e8 <__mutex_enter_timeout_ms_veneer>
10005fd8:	7823      	ldrb	r3, [r4, #0]
10005fda:	07db      	lsls	r3, r3, #31
10005fdc:	0fda      	lsrs	r2, r3, #31
10005fde:	2b00      	cmp	r3, #0
10005fe0:	d108      	bne.n	10005ff4 <tu_edpt_claim+0x44>
10005fe2:	7823      	ldrb	r3, [r4, #0]
10005fe4:	075b      	lsls	r3, r3, #29
10005fe6:	d40a      	bmi.n	10005ffe <tu_edpt_claim+0x4e>
10005fe8:	7823      	ldrb	r3, [r4, #0]
10005fea:	2204      	movs	r2, #4
10005fec:	4313      	orrs	r3, r2
10005fee:	7023      	strb	r3, [r4, #0]
10005ff0:	2301      	movs	r3, #1
10005ff2:	001e      	movs	r6, r3
10005ff4:	0028      	movs	r0, r5
10005ff6:	f000 fb9f 	bl	10006738 <__mutex_exit_veneer>
10005ffa:	0030      	movs	r0, r6
10005ffc:	e002      	b.n	10006004 <tu_edpt_claim+0x54>
10005ffe:	0016      	movs	r6, r2
10006000:	e7f8      	b.n	10005ff4 <tu_edpt_claim+0x44>
10006002:	2000      	movs	r0, #0
10006004:	bd70      	pop	{r4, r5, r6, pc}

10006006 <tu_edpt_release>:
10006006:	b570      	push	{r4, r5, r6, lr}
10006008:	0004      	movs	r4, r0
1000600a:	0006      	movs	r6, r0
1000600c:	000a      	movs	r2, r1
1000600e:	000d      	movs	r5, r1
10006010:	2101      	movs	r1, #1
10006012:	4249      	negs	r1, r1
10006014:	0010      	movs	r0, r2
10006016:	f000 fb67 	bl	100066e8 <__mutex_enter_timeout_ms_veneer>
1000601a:	7823      	ldrb	r3, [r4, #0]
1000601c:	075b      	lsls	r3, r3, #29
1000601e:	0fda      	lsrs	r2, r3, #31
10006020:	0014      	movs	r4, r2
10006022:	2b00      	cmp	r3, #0
10006024:	db04      	blt.n	10006030 <tu_edpt_release+0x2a>
10006026:	0028      	movs	r0, r5
10006028:	f000 fb86 	bl	10006738 <__mutex_exit_veneer>
1000602c:	0020      	movs	r0, r4
1000602e:	bd70      	pop	{r4, r5, r6, pc}
10006030:	7833      	ldrb	r3, [r6, #0]
10006032:	07db      	lsls	r3, r3, #31
10006034:	d404      	bmi.n	10006040 <tu_edpt_release+0x3a>
10006036:	7833      	ldrb	r3, [r6, #0]
10006038:	2204      	movs	r2, #4
1000603a:	4393      	bics	r3, r2
1000603c:	7033      	strb	r3, [r6, #0]
1000603e:	e7f2      	b.n	10006026 <tu_edpt_release+0x20>
10006040:	2300      	movs	r3, #0
10006042:	001c      	movs	r4, r3
10006044:	e7ef      	b.n	10006026 <tu_edpt_release+0x20>
	...

10006048 <tu_edpt_validate>:
10006048:	b510      	push	{r4, lr}
1000604a:	7902      	ldrb	r2, [r0, #4]
1000604c:	7943      	ldrb	r3, [r0, #5]
1000604e:	021b      	lsls	r3, r3, #8
10006050:	4313      	orrs	r3, r2
10006052:	055b      	lsls	r3, r3, #21
10006054:	0d5b      	lsrs	r3, r3, #21
10006056:	78c2      	ldrb	r2, [r0, #3]
10006058:	0792      	lsls	r2, r2, #30
1000605a:	0f92      	lsrs	r2, r2, #30
1000605c:	2a02      	cmp	r2, #2
1000605e:	d014      	beq.n	1000608a <tu_edpt_validate+0x42>
10006060:	2a03      	cmp	r2, #3
10006062:	d02d      	beq.n	100060c0 <tu_edpt_validate+0x78>
10006064:	2a01      	cmp	r2, #1
10006066:	d13c      	bne.n	100060e2 <tu_edpt_validate+0x9a>
10006068:	2902      	cmp	r1, #2
1000606a:	d004      	beq.n	10006076 <tu_edpt_validate+0x2e>
1000606c:	4a1e      	ldr	r2, [pc, #120]	@ (100060e8 <tu_edpt_validate+0xa0>)
1000606e:	429a      	cmp	r2, r3
10006070:	d304      	bcc.n	1000607c <tu_edpt_validate+0x34>
10006072:	2001      	movs	r0, #1
10006074:	e036      	b.n	100060e4 <tu_edpt_validate+0x9c>
10006076:	2280      	movs	r2, #128	@ 0x80
10006078:	00d2      	lsls	r2, r2, #3
1000607a:	e7f8      	b.n	1000606e <tu_edpt_validate+0x26>
1000607c:	491b      	ldr	r1, [pc, #108]	@ (100060ec <tu_edpt_validate+0xa4>)
1000607e:	481c      	ldr	r0, [pc, #112]	@ (100060f0 <tu_edpt_validate+0xa8>)
10006080:	22d1      	movs	r2, #209	@ 0xd1
10006082:	f7fd fecf 	bl	10003e24 <__wrap_printf>
10006086:	2000      	movs	r0, #0
10006088:	e02c      	b.n	100060e4 <tu_edpt_validate+0x9c>
1000608a:	2902      	cmp	r1, #2
1000608c:	d003      	beq.n	10006096 <tu_edpt_validate+0x4e>
1000608e:	2b40      	cmp	r3, #64	@ 0x40
10006090:	d80f      	bhi.n	100060b2 <tu_edpt_validate+0x6a>
10006092:	2001      	movs	r0, #1
10006094:	e026      	b.n	100060e4 <tu_edpt_validate+0x9c>
10006096:	2280      	movs	r2, #128	@ 0x80
10006098:	0092      	lsls	r2, r2, #2
1000609a:	4293      	cmp	r3, r2
1000609c:	d101      	bne.n	100060a2 <tu_edpt_validate+0x5a>
1000609e:	2001      	movs	r0, #1
100060a0:	e020      	b.n	100060e4 <tu_edpt_validate+0x9c>
100060a2:	4912      	ldr	r1, [pc, #72]	@ (100060ec <tu_edpt_validate+0xa4>)
100060a4:	4812      	ldr	r0, [pc, #72]	@ (100060f0 <tu_edpt_validate+0xa8>)
100060a6:	3a29      	subs	r2, #41	@ 0x29
100060a8:	3aff      	subs	r2, #255	@ 0xff
100060aa:	f7fd febb 	bl	10003e24 <__wrap_printf>
100060ae:	2000      	movs	r0, #0
100060b0:	e018      	b.n	100060e4 <tu_edpt_validate+0x9c>
100060b2:	490e      	ldr	r1, [pc, #56]	@ (100060ec <tu_edpt_validate+0xa4>)
100060b4:	480e      	ldr	r0, [pc, #56]	@ (100060f0 <tu_edpt_validate+0xa8>)
100060b6:	22db      	movs	r2, #219	@ 0xdb
100060b8:	f7fd feb4 	bl	10003e24 <__wrap_printf>
100060bc:	2000      	movs	r0, #0
100060be:	e011      	b.n	100060e4 <tu_edpt_validate+0x9c>
100060c0:	2902      	cmp	r1, #2
100060c2:	d004      	beq.n	100060ce <tu_edpt_validate+0x86>
100060c4:	2240      	movs	r2, #64	@ 0x40
100060c6:	429a      	cmp	r2, r3
100060c8:	d304      	bcc.n	100060d4 <tu_edpt_validate+0x8c>
100060ca:	2001      	movs	r0, #1
100060cc:	e00a      	b.n	100060e4 <tu_edpt_validate+0x9c>
100060ce:	2280      	movs	r2, #128	@ 0x80
100060d0:	00d2      	lsls	r2, r2, #3
100060d2:	e7f8      	b.n	100060c6 <tu_edpt_validate+0x7e>
100060d4:	4905      	ldr	r1, [pc, #20]	@ (100060ec <tu_edpt_validate+0xa4>)
100060d6:	4806      	ldr	r0, [pc, #24]	@ (100060f0 <tu_edpt_validate+0xa8>)
100060d8:	22e1      	movs	r2, #225	@ 0xe1
100060da:	f7fd fea3 	bl	10003e24 <__wrap_printf>
100060de:	2000      	movs	r0, #0
100060e0:	e000      	b.n	100060e4 <tu_edpt_validate+0x9c>
100060e2:	2000      	movs	r0, #0
100060e4:	bd10      	pop	{r4, pc}
100060e6:	46c0      	nop			@ (mov r8, r8)
100060e8:	000003ff 	.word	0x000003ff
100060ec:	100079cc 	.word	0x100079cc
100060f0:	10007490 	.word	0x10007490

100060f4 <tu_edpt_bind_driver>:
100060f4:	b510      	push	{r4, lr}
100060f6:	4684      	mov	ip, r0
100060f8:	001c      	movs	r4, r3
100060fa:	188b      	adds	r3, r1, r2
100060fc:	e001      	b.n	10006102 <tu_edpt_bind_driver+0xe>
100060fe:	780a      	ldrb	r2, [r1, #0]
10006100:	1889      	adds	r1, r1, r2
10006102:	4299      	cmp	r1, r3
10006104:	d20a      	bcs.n	1000611c <tu_edpt_bind_driver+0x28>
10006106:	784a      	ldrb	r2, [r1, #1]
10006108:	2a05      	cmp	r2, #5
1000610a:	d1f8      	bne.n	100060fe <tu_edpt_bind_driver+0xa>
1000610c:	7888      	ldrb	r0, [r1, #2]
1000610e:	327a      	adds	r2, #122	@ 0x7a
10006110:	4002      	ands	r2, r0
10006112:	0052      	lsls	r2, r2, #1
10006114:	4462      	add	r2, ip
10006116:	09c0      	lsrs	r0, r0, #7
10006118:	5414      	strb	r4, [r2, r0]
1000611a:	e7f0      	b.n	100060fe <tu_edpt_bind_driver+0xa>
1000611c:	bd10      	pop	{r4, pc}

1000611e <advance_index>:
1000611e:	0003      	movs	r3, r0
10006120:	188a      	adds	r2, r1, r2
10006122:	b290      	uxth	r0, r2
10006124:	4281      	cmp	r1, r0
10006126:	d802      	bhi.n	1000612e <advance_index+0x10>
10006128:	005a      	lsls	r2, r3, #1
1000612a:	4290      	cmp	r0, r2
1000612c:	db03      	blt.n	10006136 <advance_index+0x18>
1000612e:	005b      	lsls	r3, r3, #1
10006130:	b29b      	uxth	r3, r3
10006132:	1ac0      	subs	r0, r0, r3
10006134:	b280      	uxth	r0, r0
10006136:	4770      	bx	lr

10006138 <_tu_fifo_peek>:
10006138:	b570      	push	{r4, r5, r6, lr}
1000613a:	000e      	movs	r6, r1
1000613c:	0014      	movs	r4, r2
1000613e:	8881      	ldrh	r1, [r0, #4]
10006140:	429a      	cmp	r2, r3
10006142:	d30b      	bcc.n	1000615c <_tu_fifo_peek+0x24>
10006144:	1ad2      	subs	r2, r2, r3
10006146:	b292      	uxth	r2, r2
10006148:	2a00      	cmp	r2, #0
1000614a:	d020      	beq.n	1000618e <_tu_fifo_peek+0x56>
1000614c:	4291      	cmp	r1, r2
1000614e:	d211      	bcs.n	10006174 <_tu_fifo_peek+0x3c>
10006150:	42a1      	cmp	r1, r4
10006152:	d80a      	bhi.n	1000616a <_tu_fifo_peek+0x32>
10006154:	1a64      	subs	r4, r4, r1
10006156:	b2a3      	uxth	r3, r4
10006158:	8143      	strh	r3, [r0, #10]
1000615a:	e00b      	b.n	10006174 <_tu_fifo_peek+0x3c>
1000615c:	1ad2      	subs	r2, r2, r3
1000615e:	b292      	uxth	r2, r2
10006160:	004d      	lsls	r5, r1, #1
10006162:	46ac      	mov	ip, r5
10006164:	4462      	add	r2, ip
10006166:	b292      	uxth	r2, r2
10006168:	e7ee      	b.n	10006148 <_tu_fifo_peek+0x10>
1000616a:	190c      	adds	r4, r1, r4
1000616c:	b2a3      	uxth	r3, r4
1000616e:	e7f3      	b.n	10006158 <_tu_fifo_peek+0x20>
10006170:	1a5b      	subs	r3, r3, r1
10006172:	b29b      	uxth	r3, r3
10006174:	4299      	cmp	r1, r3
10006176:	d9fb      	bls.n	10006170 <_tu_fifo_peek+0x38>
10006178:	6801      	ldr	r1, [r0, #0]
1000617a:	88c2      	ldrh	r2, [r0, #6]
1000617c:	0452      	lsls	r2, r2, #17
1000617e:	0c52      	lsrs	r2, r2, #17
10006180:	4353      	muls	r3, r2
10006182:	18c9      	adds	r1, r1, r3
10006184:	0030      	movs	r0, r6
10006186:	f7fc fbe1 	bl	1000294c <__wrap___aeabi_memcpy>
1000618a:	2001      	movs	r0, #1
1000618c:	bd70      	pop	{r4, r5, r6, pc}
1000618e:	2000      	movs	r0, #0
10006190:	e7fc      	b.n	1000618c <_tu_fifo_peek+0x54>

10006192 <_ff_pull_n>:
10006192:	b5f8      	push	{r3, r4, r5, r6, r7, lr}
10006194:	46ce      	mov	lr, r9
10006196:	4647      	mov	r7, r8
10006198:	b580      	push	{r7, lr}
1000619a:	0004      	movs	r4, r0
1000619c:	000f      	movs	r7, r1
1000619e:	0018      	movs	r0, r3
100061a0:	ab08      	add	r3, sp, #32
100061a2:	781b      	ldrb	r3, [r3, #0]
100061a4:	469c      	mov	ip, r3
100061a6:	88a3      	ldrh	r3, [r4, #4]
100061a8:	1a19      	subs	r1, r3, r0
100061aa:	b289      	uxth	r1, r1
100061ac:	1ac3      	subs	r3, r0, r3
100061ae:	18d3      	adds	r3, r2, r3
100061b0:	b29b      	uxth	r3, r3
100061b2:	88e5      	ldrh	r5, [r4, #6]
100061b4:	046d      	lsls	r5, r5, #17
100061b6:	0c6d      	lsrs	r5, r5, #17
100061b8:	000e      	movs	r6, r1
100061ba:	436e      	muls	r6, r5
100061bc:	b2b6      	uxth	r6, r6
100061be:	46b0      	mov	r8, r6
100061c0:	436b      	muls	r3, r5
100061c2:	b29b      	uxth	r3, r3
100061c4:	4699      	mov	r9, r3
100061c6:	6823      	ldr	r3, [r4, #0]
100061c8:	4368      	muls	r0, r5
100061ca:	181b      	adds	r3, r3, r0
100061cc:	4666      	mov	r6, ip
100061ce:	2e00      	cmp	r6, #0
100061d0:	d106      	bne.n	100061e0 <_ff_pull_n+0x4e>
100061d2:	4291      	cmp	r1, r2
100061d4:	d308      	bcc.n	100061e8 <_ff_pull_n+0x56>
100061d6:	436a      	muls	r2, r5
100061d8:	0019      	movs	r1, r3
100061da:	0038      	movs	r0, r7
100061dc:	f7fc fbb6 	bl	1000294c <__wrap___aeabi_memcpy>
100061e0:	bcc0      	pop	{r6, r7}
100061e2:	46b9      	mov	r9, r7
100061e4:	46b0      	mov	r8, r6
100061e6:	bdf8      	pop	{r3, r4, r5, r6, r7, pc}
100061e8:	4646      	mov	r6, r8
100061ea:	0032      	movs	r2, r6
100061ec:	0019      	movs	r1, r3
100061ee:	0038      	movs	r0, r7
100061f0:	f7fc fbac 	bl	1000294c <__wrap___aeabi_memcpy>
100061f4:	6821      	ldr	r1, [r4, #0]
100061f6:	0038      	movs	r0, r7
100061f8:	4440      	add	r0, r8
100061fa:	464a      	mov	r2, r9
100061fc:	f7fc fba6 	bl	1000294c <__wrap___aeabi_memcpy>
10006200:	e7ee      	b.n	100061e0 <_ff_pull_n+0x4e>

10006202 <_tu_fifo_peek_n>:
10006202:	b5f0      	push	{r4, r5, r6, r7, lr}
10006204:	46c6      	mov	lr, r8
10006206:	b500      	push	{lr}
10006208:	b082      	sub	sp, #8
1000620a:	000e      	movs	r6, r1
1000620c:	0017      	movs	r7, r2
1000620e:	0019      	movs	r1, r3
10006210:	ab08      	add	r3, sp, #32
10006212:	881b      	ldrh	r3, [r3, #0]
10006214:	aa09      	add	r2, sp, #36	@ 0x24
10006216:	7812      	ldrb	r2, [r2, #0]
10006218:	4694      	mov	ip, r2
1000621a:	8882      	ldrh	r2, [r0, #4]
1000621c:	4299      	cmp	r1, r3
1000621e:	d30f      	bcc.n	10006240 <_tu_fifo_peek_n+0x3e>
10006220:	1acc      	subs	r4, r1, r3
10006222:	b2a4      	uxth	r4, r4
10006224:	2c00      	cmp	r4, #0
10006226:	d01f      	beq.n	10006268 <_tu_fifo_peek_n+0x66>
10006228:	42a2      	cmp	r2, r4
1000622a:	d205      	bcs.n	10006238 <_tu_fifo_peek_n+0x36>
1000622c:	428a      	cmp	r2, r1
1000622e:	d80e      	bhi.n	1000624e <_tu_fifo_peek_n+0x4c>
10006230:	1a8b      	subs	r3, r1, r2
10006232:	b29b      	uxth	r3, r3
10006234:	8143      	strh	r3, [r0, #10]
10006236:	0014      	movs	r4, r2
10006238:	42bc      	cmp	r4, r7
1000623a:	d30d      	bcc.n	10006258 <_tu_fifo_peek_n+0x56>
1000623c:	003c      	movs	r4, r7
1000623e:	e00b      	b.n	10006258 <_tu_fifo_peek_n+0x56>
10006240:	1acc      	subs	r4, r1, r3
10006242:	b2a4      	uxth	r4, r4
10006244:	0055      	lsls	r5, r2, #1
10006246:	46a8      	mov	r8, r5
10006248:	4444      	add	r4, r8
1000624a:	b2a4      	uxth	r4, r4
1000624c:	e7ea      	b.n	10006224 <_tu_fifo_peek_n+0x22>
1000624e:	1851      	adds	r1, r2, r1
10006250:	b28b      	uxth	r3, r1
10006252:	e7ef      	b.n	10006234 <_tu_fifo_peek_n+0x32>
10006254:	1a9b      	subs	r3, r3, r2
10006256:	b29b      	uxth	r3, r3
10006258:	429a      	cmp	r2, r3
1000625a:	d9fb      	bls.n	10006254 <_tu_fifo_peek_n+0x52>
1000625c:	4662      	mov	r2, ip
1000625e:	9200      	str	r2, [sp, #0]
10006260:	0022      	movs	r2, r4
10006262:	0031      	movs	r1, r6
10006264:	f7ff ff95 	bl	10006192 <_ff_pull_n>
10006268:	0020      	movs	r0, r4
1000626a:	b002      	add	sp, #8
1000626c:	bc80      	pop	{r7}
1000626e:	46b8      	mov	r8, r7
10006270:	bdf0      	pop	{r4, r5, r6, r7, pc}

10006272 <_tu_fifo_read_n>:
10006272:	b5f0      	push	{r4, r5, r6, r7, lr}
10006274:	b083      	sub	sp, #12
10006276:	0004      	movs	r4, r0
10006278:	000d      	movs	r5, r1
1000627a:	0016      	movs	r6, r2
1000627c:	001f      	movs	r7, r3
1000627e:	6900      	ldr	r0, [r0, #16]
10006280:	2800      	cmp	r0, #0
10006282:	d003      	beq.n	1000628c <_tu_fifo_read_n+0x1a>
10006284:	2101      	movs	r1, #1
10006286:	4249      	negs	r1, r1
10006288:	f000 fa2e 	bl	100066e8 <__mutex_enter_timeout_ms_veneer>
1000628c:	8923      	ldrh	r3, [r4, #8]
1000628e:	b29b      	uxth	r3, r3
10006290:	8962      	ldrh	r2, [r4, #10]
10006292:	9701      	str	r7, [sp, #4]
10006294:	9200      	str	r2, [sp, #0]
10006296:	0032      	movs	r2, r6
10006298:	0029      	movs	r1, r5
1000629a:	0020      	movs	r0, r4
1000629c:	f7ff ffb1 	bl	10006202 <_tu_fifo_peek_n>
100062a0:	0002      	movs	r2, r0
100062a2:	0005      	movs	r5, r0
100062a4:	8961      	ldrh	r1, [r4, #10]
100062a6:	b289      	uxth	r1, r1
100062a8:	88a0      	ldrh	r0, [r4, #4]
100062aa:	f7ff ff38 	bl	1000611e <advance_index>
100062ae:	8160      	strh	r0, [r4, #10]
100062b0:	6920      	ldr	r0, [r4, #16]
100062b2:	2800      	cmp	r0, #0
100062b4:	d001      	beq.n	100062ba <_tu_fifo_read_n+0x48>
100062b6:	f000 fa3f 	bl	10006738 <__mutex_exit_veneer>
100062ba:	0028      	movs	r0, r5
100062bc:	b003      	add	sp, #12
100062be:	bdf0      	pop	{r4, r5, r6, r7, pc}

100062c0 <_ff_push_n>:
100062c0:	b5f8      	push	{r3, r4, r5, r6, r7, lr}
100062c2:	46ce      	mov	lr, r9
100062c4:	4647      	mov	r7, r8
100062c6:	b580      	push	{r7, lr}
100062c8:	0004      	movs	r4, r0
100062ca:	000f      	movs	r7, r1
100062cc:	0019      	movs	r1, r3
100062ce:	ab08      	add	r3, sp, #32
100062d0:	781b      	ldrb	r3, [r3, #0]
100062d2:	469c      	mov	ip, r3
100062d4:	8883      	ldrh	r3, [r0, #4]
100062d6:	1a58      	subs	r0, r3, r1
100062d8:	b280      	uxth	r0, r0
100062da:	1acb      	subs	r3, r1, r3
100062dc:	18d3      	adds	r3, r2, r3
100062de:	b29b      	uxth	r3, r3
100062e0:	88e5      	ldrh	r5, [r4, #6]
100062e2:	046d      	lsls	r5, r5, #17
100062e4:	0c6d      	lsrs	r5, r5, #17
100062e6:	0006      	movs	r6, r0
100062e8:	436e      	muls	r6, r5
100062ea:	b2b6      	uxth	r6, r6
100062ec:	46b0      	mov	r8, r6
100062ee:	436b      	muls	r3, r5
100062f0:	b29b      	uxth	r3, r3
100062f2:	4699      	mov	r9, r3
100062f4:	6823      	ldr	r3, [r4, #0]
100062f6:	4369      	muls	r1, r5
100062f8:	185b      	adds	r3, r3, r1
100062fa:	4666      	mov	r6, ip
100062fc:	2e00      	cmp	r6, #0
100062fe:	d106      	bne.n	1000630e <_ff_push_n+0x4e>
10006300:	4290      	cmp	r0, r2
10006302:	d308      	bcc.n	10006316 <_ff_push_n+0x56>
10006304:	436a      	muls	r2, r5
10006306:	0039      	movs	r1, r7
10006308:	0018      	movs	r0, r3
1000630a:	f7fc fb1f 	bl	1000294c <__wrap___aeabi_memcpy>
1000630e:	bcc0      	pop	{r6, r7}
10006310:	46b9      	mov	r9, r7
10006312:	46b0      	mov	r8, r6
10006314:	bdf8      	pop	{r3, r4, r5, r6, r7, pc}
10006316:	4646      	mov	r6, r8
10006318:	0032      	movs	r2, r6
1000631a:	0039      	movs	r1, r7
1000631c:	0018      	movs	r0, r3
1000631e:	f7fc fb15 	bl	1000294c <__wrap___aeabi_memcpy>
10006322:	6820      	ldr	r0, [r4, #0]
10006324:	0039      	movs	r1, r7
10006326:	4441      	add	r1, r8
10006328:	464a      	mov	r2, r9
1000632a:	f7fc fb0f 	bl	1000294c <__wrap___aeabi_memcpy>
1000632e:	e7ee      	b.n	1000630e <_ff_push_n+0x4e>

10006330 <_tu_fifo_write_n>:
10006330:	b5f0      	push	{r4, r5, r6, r7, lr}
10006332:	b085      	sub	sp, #20
10006334:	0004      	movs	r4, r0
10006336:	9103      	str	r1, [sp, #12]
10006338:	1e15      	subs	r5, r2, #0
1000633a:	9302      	str	r3, [sp, #8]
1000633c:	d100      	bne.n	10006340 <_tu_fifo_write_n+0x10>
1000633e:	e06d      	b.n	1000641c <_tu_fifo_write_n+0xec>
10006340:	68c0      	ldr	r0, [r0, #12]
10006342:	2800      	cmp	r0, #0
10006344:	d003      	beq.n	1000634e <_tu_fifo_write_n+0x1e>
10006346:	2101      	movs	r1, #1
10006348:	4249      	negs	r1, r1
1000634a:	f000 f9cd 	bl	100066e8 <__mutex_enter_timeout_ms_veneer>
1000634e:	8927      	ldrh	r7, [r4, #8]
10006350:	b2bf      	uxth	r7, r7
10006352:	8961      	ldrh	r1, [r4, #10]
10006354:	b289      	uxth	r1, r1
10006356:	79e3      	ldrb	r3, [r4, #7]
10006358:	09db      	lsrs	r3, r3, #7
1000635a:	d118      	bne.n	1000638e <_tu_fifo_write_n+0x5e>
1000635c:	88a3      	ldrh	r3, [r4, #4]
1000635e:	428f      	cmp	r7, r1
10006360:	d30f      	bcc.n	10006382 <_tu_fifo_write_n+0x52>
10006362:	1a79      	subs	r1, r7, r1
10006364:	b289      	uxth	r1, r1
10006366:	428b      	cmp	r3, r1
10006368:	d956      	bls.n	10006418 <_tu_fifo_write_n+0xe8>
1000636a:	1a5b      	subs	r3, r3, r1
1000636c:	b29b      	uxth	r3, r3
1000636e:	1c2e      	adds	r6, r5, #0
10006370:	429d      	cmp	r5, r3
10006372:	d900      	bls.n	10006376 <_tu_fifo_write_n+0x46>
10006374:	1c1e      	adds	r6, r3, #0
10006376:	b2b6      	uxth	r6, r6
10006378:	2e00      	cmp	r6, #0
1000637a:	d045      	beq.n	10006408 <_tu_fifo_write_n+0xd8>
1000637c:	88a2      	ldrh	r2, [r4, #4]
1000637e:	003b      	movs	r3, r7
10006380:	e033      	b.n	100063ea <_tu_fifo_write_n+0xba>
10006382:	1a79      	subs	r1, r7, r1
10006384:	b289      	uxth	r1, r1
10006386:	005a      	lsls	r2, r3, #1
10006388:	1889      	adds	r1, r1, r2
1000638a:	b289      	uxth	r1, r1
1000638c:	e7eb      	b.n	10006366 <_tu_fifo_write_n+0x36>
1000638e:	88a6      	ldrh	r6, [r4, #4]
10006390:	42ae      	cmp	r6, r5
10006392:	d80e      	bhi.n	100063b2 <_tu_fifo_write_n+0x82>
10006394:	9b02      	ldr	r3, [sp, #8]
10006396:	2b00      	cmp	r3, #0
10006398:	d121      	bne.n	100063de <_tu_fifo_write_n+0xae>
1000639a:	1bab      	subs	r3, r5, r6
1000639c:	88e5      	ldrh	r5, [r4, #6]
1000639e:	046d      	lsls	r5, r5, #17
100063a0:	0c6d      	lsrs	r5, r5, #17
100063a2:	435d      	muls	r5, r3
100063a4:	9b03      	ldr	r3, [sp, #12]
100063a6:	469c      	mov	ip, r3
100063a8:	44ac      	add	ip, r5
100063aa:	4663      	mov	r3, ip
100063ac:	9303      	str	r3, [sp, #12]
100063ae:	000f      	movs	r7, r1
100063b0:	e7e2      	b.n	10006378 <_tu_fifo_write_n+0x48>
100063b2:	428f      	cmp	r7, r1
100063b4:	d30d      	bcc.n	100063d2 <_tu_fifo_write_n+0xa2>
100063b6:	1a7b      	subs	r3, r7, r1
100063b8:	b29b      	uxth	r3, r3
100063ba:	195b      	adds	r3, r3, r5
100063bc:	0072      	lsls	r2, r6, #1
100063be:	4293      	cmp	r3, r2
100063c0:	db0f      	blt.n	100063e2 <_tu_fifo_write_n+0xb2>
100063c2:	1b72      	subs	r2, r6, r5
100063c4:	b292      	uxth	r2, r2
100063c6:	0030      	movs	r0, r6
100063c8:	f7ff fea9 	bl	1000611e <advance_index>
100063cc:	0007      	movs	r7, r0
100063ce:	002e      	movs	r6, r5
100063d0:	e7d2      	b.n	10006378 <_tu_fifo_write_n+0x48>
100063d2:	1a7b      	subs	r3, r7, r1
100063d4:	b29b      	uxth	r3, r3
100063d6:	0072      	lsls	r2, r6, #1
100063d8:	189b      	adds	r3, r3, r2
100063da:	b29b      	uxth	r3, r3
100063dc:	e7ed      	b.n	100063ba <_tu_fifo_write_n+0x8a>
100063de:	000f      	movs	r7, r1
100063e0:	e7ca      	b.n	10006378 <_tu_fifo_write_n+0x48>
100063e2:	002e      	movs	r6, r5
100063e4:	e7c8      	b.n	10006378 <_tu_fifo_write_n+0x48>
100063e6:	1a9b      	subs	r3, r3, r2
100063e8:	b29b      	uxth	r3, r3
100063ea:	429a      	cmp	r2, r3
100063ec:	d9fb      	bls.n	100063e6 <_tu_fifo_write_n+0xb6>
100063ee:	9a02      	ldr	r2, [sp, #8]
100063f0:	9200      	str	r2, [sp, #0]
100063f2:	0032      	movs	r2, r6
100063f4:	9903      	ldr	r1, [sp, #12]
100063f6:	0020      	movs	r0, r4
100063f8:	f7ff ff62 	bl	100062c0 <_ff_push_n>
100063fc:	88a0      	ldrh	r0, [r4, #4]
100063fe:	0032      	movs	r2, r6
10006400:	0039      	movs	r1, r7
10006402:	f7ff fe8c 	bl	1000611e <advance_index>
10006406:	8120      	strh	r0, [r4, #8]
10006408:	68e0      	ldr	r0, [r4, #12]
1000640a:	2800      	cmp	r0, #0
1000640c:	d001      	beq.n	10006412 <_tu_fifo_write_n+0xe2>
1000640e:	f000 f993 	bl	10006738 <__mutex_exit_veneer>
10006412:	0030      	movs	r0, r6
10006414:	b005      	add	sp, #20
10006416:	bdf0      	pop	{r4, r5, r6, r7, pc}
10006418:	2600      	movs	r6, #0
1000641a:	e7f5      	b.n	10006408 <_tu_fifo_write_n+0xd8>
1000641c:	0016      	movs	r6, r2
1000641e:	e7f8      	b.n	10006412 <_tu_fifo_write_n+0xe2>

10006420 <tu_fifo_config>:
10006420:	b5f0      	push	{r4, r5, r6, r7, lr}
10006422:	46c6      	mov	lr, r8
10006424:	b500      	push	{lr}
10006426:	0004      	movs	r4, r0
10006428:	000d      	movs	r5, r1
1000642a:	0016      	movs	r6, r2
1000642c:	001f      	movs	r7, r3
1000642e:	ab06      	add	r3, sp, #24
10006430:	781b      	ldrb	r3, [r3, #0]
10006432:	4698      	mov	r8, r3
10006434:	2380      	movs	r3, #128	@ 0x80
10006436:	021b      	lsls	r3, r3, #8
10006438:	429a      	cmp	r2, r3
1000643a:	d82e      	bhi.n	1000649a <tu_fifo_config+0x7a>
1000643c:	68c0      	ldr	r0, [r0, #12]
1000643e:	2800      	cmp	r0, #0
10006440:	d003      	beq.n	1000644a <tu_fifo_config+0x2a>
10006442:	2101      	movs	r1, #1
10006444:	4249      	negs	r1, r1
10006446:	f000 f94f 	bl	100066e8 <__mutex_enter_timeout_ms_veneer>
1000644a:	6920      	ldr	r0, [r4, #16]
1000644c:	2800      	cmp	r0, #0
1000644e:	d003      	beq.n	10006458 <tu_fifo_config+0x38>
10006450:	2101      	movs	r1, #1
10006452:	4249      	negs	r1, r1
10006454:	f000 f948 	bl	100066e8 <__mutex_enter_timeout_ms_veneer>
10006458:	6025      	str	r5, [r4, #0]
1000645a:	80a6      	strh	r6, [r4, #4]
1000645c:	047a      	lsls	r2, r7, #17
1000645e:	0c52      	lsrs	r2, r2, #17
10006460:	88e3      	ldrh	r3, [r4, #6]
10006462:	0bdb      	lsrs	r3, r3, #15
10006464:	03db      	lsls	r3, r3, #15
10006466:	4313      	orrs	r3, r2
10006468:	80e3      	strh	r3, [r4, #6]
1000646a:	4643      	mov	r3, r8
1000646c:	01da      	lsls	r2, r3, #7
1000646e:	79e1      	ldrb	r1, [r4, #7]
10006470:	237f      	movs	r3, #127	@ 0x7f
10006472:	400b      	ands	r3, r1
10006474:	4313      	orrs	r3, r2
10006476:	71e3      	strb	r3, [r4, #7]
10006478:	2300      	movs	r3, #0
1000647a:	8163      	strh	r3, [r4, #10]
1000647c:	8123      	strh	r3, [r4, #8]
1000647e:	68e0      	ldr	r0, [r4, #12]
10006480:	2800      	cmp	r0, #0
10006482:	d001      	beq.n	10006488 <tu_fifo_config+0x68>
10006484:	f000 f958 	bl	10006738 <__mutex_exit_veneer>
10006488:	6920      	ldr	r0, [r4, #16]
1000648a:	2800      	cmp	r0, #0
1000648c:	d007      	beq.n	1000649e <tu_fifo_config+0x7e>
1000648e:	f000 f953 	bl	10006738 <__mutex_exit_veneer>
10006492:	2001      	movs	r0, #1
10006494:	bc80      	pop	{r7}
10006496:	46b8      	mov	r8, r7
10006498:	bdf0      	pop	{r4, r5, r6, r7, pc}
1000649a:	2000      	movs	r0, #0
1000649c:	e7fa      	b.n	10006494 <tu_fifo_config+0x74>
1000649e:	2001      	movs	r0, #1
100064a0:	e7f8      	b.n	10006494 <tu_fifo_config+0x74>

100064a2 <tu_fifo_count>:
100064a2:	b510      	push	{r4, lr}
100064a4:	8882      	ldrh	r2, [r0, #4]
100064a6:	8901      	ldrh	r1, [r0, #8]
100064a8:	b28b      	uxth	r3, r1
100064aa:	8940      	ldrh	r0, [r0, #10]
100064ac:	b284      	uxth	r4, r0
100064ae:	4288      	cmp	r0, r1
100064b0:	d807      	bhi.n	100064c2 <tu_fifo_count+0x20>
100064b2:	1b1b      	subs	r3, r3, r4
100064b4:	b29b      	uxth	r3, r3
100064b6:	1c10      	adds	r0, r2, #0
100064b8:	429a      	cmp	r2, r3
100064ba:	d900      	bls.n	100064be <tu_fifo_count+0x1c>
100064bc:	1c18      	adds	r0, r3, #0
100064be:	b280      	uxth	r0, r0
100064c0:	bd10      	pop	{r4, pc}
100064c2:	1b1b      	subs	r3, r3, r4
100064c4:	b29b      	uxth	r3, r3
100064c6:	0051      	lsls	r1, r2, #1
100064c8:	185b      	adds	r3, r3, r1
100064ca:	b29b      	uxth	r3, r3
100064cc:	e7f3      	b.n	100064b6 <tu_fifo_count+0x14>

100064ce <tu_fifo_empty>:
100064ce:	8903      	ldrh	r3, [r0, #8]
100064d0:	8940      	ldrh	r0, [r0, #10]
100064d2:	1a18      	subs	r0, r3, r0
100064d4:	4243      	negs	r3, r0
100064d6:	4158      	adcs	r0, r3
100064d8:	b2c0      	uxtb	r0, r0
100064da:	4770      	bx	lr

100064dc <tu_fifo_full>:
100064dc:	8883      	ldrh	r3, [r0, #4]
100064de:	469c      	mov	ip, r3
100064e0:	8902      	ldrh	r2, [r0, #8]
100064e2:	b293      	uxth	r3, r2
100064e4:	8941      	ldrh	r1, [r0, #10]
100064e6:	b288      	uxth	r0, r1
100064e8:	4291      	cmp	r1, r2
100064ea:	d807      	bhi.n	100064fc <tu_fifo_full+0x20>
100064ec:	1a1b      	subs	r3, r3, r0
100064ee:	b29b      	uxth	r3, r3
100064f0:	2000      	movs	r0, #0
100064f2:	4662      	mov	r2, ip
100064f4:	4293      	cmp	r3, r2
100064f6:	4140      	adcs	r0, r0
100064f8:	b2c0      	uxtb	r0, r0
100064fa:	4770      	bx	lr
100064fc:	1a1b      	subs	r3, r3, r0
100064fe:	b29b      	uxth	r3, r3
10006500:	4662      	mov	r2, ip
10006502:	0052      	lsls	r2, r2, #1
10006504:	189b      	adds	r3, r3, r2
10006506:	b29b      	uxth	r3, r3
10006508:	e7f2      	b.n	100064f0 <tu_fifo_full+0x14>

1000650a <tu_fifo_remaining>:
1000650a:	b510      	push	{r4, lr}
1000650c:	8882      	ldrh	r2, [r0, #4]
1000650e:	8901      	ldrh	r1, [r0, #8]
10006510:	b28b      	uxth	r3, r1
10006512:	8940      	ldrh	r0, [r0, #10]
10006514:	b284      	uxth	r4, r0
10006516:	4288      	cmp	r0, r1
10006518:	d806      	bhi.n	10006528 <tu_fifo_remaining+0x1e>
1000651a:	1b1b      	subs	r3, r3, r4
1000651c:	b29b      	uxth	r3, r3
1000651e:	429a      	cmp	r2, r3
10006520:	d908      	bls.n	10006534 <tu_fifo_remaining+0x2a>
10006522:	1ad0      	subs	r0, r2, r3
10006524:	b280      	uxth	r0, r0
10006526:	bd10      	pop	{r4, pc}
10006528:	1b1b      	subs	r3, r3, r4
1000652a:	b29b      	uxth	r3, r3
1000652c:	0051      	lsls	r1, r2, #1
1000652e:	185b      	adds	r3, r3, r1
10006530:	b29b      	uxth	r3, r3
10006532:	e7f4      	b.n	1000651e <tu_fifo_remaining+0x14>
10006534:	2000      	movs	r0, #0
10006536:	e7f6      	b.n	10006526 <tu_fifo_remaining+0x1c>

10006538 <tu_fifo_read>:
10006538:	b570      	push	{r4, r5, r6, lr}
1000653a:	0004      	movs	r4, r0
1000653c:	000d      	movs	r5, r1
1000653e:	6900      	ldr	r0, [r0, #16]
10006540:	2800      	cmp	r0, #0
10006542:	d003      	beq.n	1000654c <tu_fifo_read+0x14>
10006544:	2101      	movs	r1, #1
10006546:	4249      	negs	r1, r1
10006548:	f000 f8ce 	bl	100066e8 <__mutex_enter_timeout_ms_veneer>
1000654c:	8922      	ldrh	r2, [r4, #8]
1000654e:	b292      	uxth	r2, r2
10006550:	8963      	ldrh	r3, [r4, #10]
10006552:	b29b      	uxth	r3, r3
10006554:	0029      	movs	r1, r5
10006556:	0020      	movs	r0, r4
10006558:	f7ff fdee 	bl	10006138 <_tu_fifo_peek>
1000655c:	0002      	movs	r2, r0
1000655e:	0005      	movs	r5, r0
10006560:	8961      	ldrh	r1, [r4, #10]
10006562:	b289      	uxth	r1, r1
10006564:	88a0      	ldrh	r0, [r4, #4]
10006566:	f7ff fdda 	bl	1000611e <advance_index>
1000656a:	8160      	strh	r0, [r4, #10]
1000656c:	6920      	ldr	r0, [r4, #16]
1000656e:	2800      	cmp	r0, #0
10006570:	d001      	beq.n	10006576 <tu_fifo_read+0x3e>
10006572:	f000 f8e1 	bl	10006738 <__mutex_exit_veneer>
10006576:	0028      	movs	r0, r5
10006578:	bd70      	pop	{r4, r5, r6, pc}

1000657a <tu_fifo_read_n>:
1000657a:	b510      	push	{r4, lr}
1000657c:	2300      	movs	r3, #0
1000657e:	f7ff fe78 	bl	10006272 <_tu_fifo_read_n>
10006582:	bd10      	pop	{r4, pc}

10006584 <tu_fifo_write>:
10006584:	b5f8      	push	{r3, r4, r5, r6, r7, lr}
10006586:	0004      	movs	r4, r0
10006588:	000f      	movs	r7, r1
1000658a:	68c0      	ldr	r0, [r0, #12]
1000658c:	2800      	cmp	r0, #0
1000658e:	d003      	beq.n	10006598 <tu_fifo_write+0x14>
10006590:	2101      	movs	r1, #1
10006592:	4249      	negs	r1, r1
10006594:	f000 f8a8 	bl	100066e8 <__mutex_enter_timeout_ms_veneer>
10006598:	8923      	ldrh	r3, [r4, #8]
1000659a:	b29b      	uxth	r3, r3
1000659c:	001e      	movs	r6, r3
1000659e:	0020      	movs	r0, r4
100065a0:	f7ff ff9c 	bl	100064dc <tu_fifo_full>
100065a4:	2800      	cmp	r0, #0
100065a6:	d002      	beq.n	100065ae <tu_fifo_write+0x2a>
100065a8:	79e5      	ldrb	r5, [r4, #7]
100065aa:	09ed      	lsrs	r5, r5, #7
100065ac:	d016      	beq.n	100065dc <tu_fifo_write+0x58>
100065ae:	88a2      	ldrh	r2, [r4, #4]
100065b0:	0033      	movs	r3, r6
100065b2:	e001      	b.n	100065b8 <tu_fifo_write+0x34>
100065b4:	1a9b      	subs	r3, r3, r2
100065b6:	b29b      	uxth	r3, r3
100065b8:	429a      	cmp	r2, r3
100065ba:	d9fb      	bls.n	100065b4 <tu_fifo_write+0x30>
100065bc:	6820      	ldr	r0, [r4, #0]
100065be:	88e2      	ldrh	r2, [r4, #6]
100065c0:	0452      	lsls	r2, r2, #17
100065c2:	0c52      	lsrs	r2, r2, #17
100065c4:	4353      	muls	r3, r2
100065c6:	18c0      	adds	r0, r0, r3
100065c8:	0039      	movs	r1, r7
100065ca:	f7fc f9bf 	bl	1000294c <__wrap___aeabi_memcpy>
100065ce:	88a0      	ldrh	r0, [r4, #4]
100065d0:	2201      	movs	r2, #1
100065d2:	0031      	movs	r1, r6
100065d4:	f7ff fda3 	bl	1000611e <advance_index>
100065d8:	8120      	strh	r0, [r4, #8]
100065da:	2501      	movs	r5, #1
100065dc:	68e0      	ldr	r0, [r4, #12]
100065de:	2800      	cmp	r0, #0
100065e0:	d001      	beq.n	100065e6 <tu_fifo_write+0x62>
100065e2:	f000 f8a9 	bl	10006738 <__mutex_exit_veneer>
100065e6:	0028      	movs	r0, r5
100065e8:	bdf8      	pop	{r3, r4, r5, r6, r7, pc}

100065ea <tu_fifo_write_n>:
100065ea:	b510      	push	{r4, lr}
100065ec:	2300      	movs	r3, #0
100065ee:	f7ff fe9f 	bl	10006330 <_tu_fifo_write_n>
100065f2:	bd10      	pop	{r4, pc}

100065f4 <tu_fifo_clear>:
100065f4:	b510      	push	{r4, lr}
100065f6:	0004      	movs	r4, r0
100065f8:	68c0      	ldr	r0, [r0, #12]
100065fa:	2800      	cmp	r0, #0
100065fc:	d003      	beq.n	10006606 <tu_fifo_clear+0x12>
100065fe:	2101      	movs	r1, #1
10006600:	4249      	negs	r1, r1
10006602:	f000 f871 	bl	100066e8 <__mutex_enter_timeout_ms_veneer>
10006606:	6920      	ldr	r0, [r4, #16]
10006608:	2800      	cmp	r0, #0
1000660a:	d003      	beq.n	10006614 <tu_fifo_clear+0x20>
1000660c:	2101      	movs	r1, #1
1000660e:	4249      	negs	r1, r1
10006610:	f000 f86a 	bl	100066e8 <__mutex_enter_timeout_ms_veneer>
10006614:	2300      	movs	r3, #0
10006616:	8163      	strh	r3, [r4, #10]
10006618:	8123      	strh	r3, [r4, #8]
1000661a:	68e0      	ldr	r0, [r4, #12]
1000661c:	2800      	cmp	r0, #0
1000661e:	d001      	beq.n	10006624 <tu_fifo_clear+0x30>
10006620:	f000 f88a 	bl	10006738 <__mutex_exit_veneer>
10006624:	6920      	ldr	r0, [r4, #16]
10006626:	2800      	cmp	r0, #0
10006628:	d001      	beq.n	1000662e <tu_fifo_clear+0x3a>
1000662a:	f000 f885 	bl	10006738 <__mutex_exit_veneer>
1000662e:	2001      	movs	r0, #1
10006630:	bd10      	pop	{r4, pc}

10006632 <tu_fifo_set_overwritable>:
10006632:	b570      	push	{r4, r5, r6, lr}
10006634:	0004      	movs	r4, r0
10006636:	000d      	movs	r5, r1
10006638:	68c0      	ldr	r0, [r0, #12]
1000663a:	2800      	cmp	r0, #0
1000663c:	d003      	beq.n	10006646 <tu_fifo_set_overwritable+0x14>
1000663e:	2101      	movs	r1, #1
10006640:	4249      	negs	r1, r1
10006642:	f000 f851 	bl	100066e8 <__mutex_enter_timeout_ms_veneer>
10006646:	6920      	ldr	r0, [r4, #16]
10006648:	2800      	cmp	r0, #0
1000664a:	d003      	beq.n	10006654 <tu_fifo_set_overwritable+0x22>
1000664c:	2101      	movs	r1, #1
1000664e:	4249      	negs	r1, r1
10006650:	f000 f84a 	bl	100066e8 <__mutex_enter_timeout_ms_veneer>
10006654:	01eb      	lsls	r3, r5, #7
10006656:	79e2      	ldrb	r2, [r4, #7]
10006658:	217f      	movs	r1, #127	@ 0x7f
1000665a:	4011      	ands	r1, r2
1000665c:	4319      	orrs	r1, r3
1000665e:	71e1      	strb	r1, [r4, #7]
10006660:	68e0      	ldr	r0, [r4, #12]
10006662:	2800      	cmp	r0, #0
10006664:	d001      	beq.n	1000666a <tu_fifo_set_overwritable+0x38>
10006666:	f000 f867 	bl	10006738 <__mutex_exit_veneer>
1000666a:	6920      	ldr	r0, [r4, #16]
1000666c:	2800      	cmp	r0, #0
1000666e:	d001      	beq.n	10006674 <tu_fifo_set_overwritable+0x42>
10006670:	f000 f862 	bl	10006738 <__mutex_exit_veneer>
10006674:	2001      	movs	r0, #1
10006676:	bd70      	pop	{r4, r5, r6, pc}

10006678 <strlen>:
10006678:	0003      	movs	r3, r0
1000667a:	4684      	mov	ip, r0
1000667c:	079b      	lsls	r3, r3, #30
1000667e:	d00b      	beq.n	10006698 <strlen+0x20>
10006680:	0003      	movs	r3, r0
10006682:	2103      	movs	r1, #3
10006684:	e002      	b.n	1000668c <strlen+0x14>
10006686:	3301      	adds	r3, #1
10006688:	420b      	tst	r3, r1
1000668a:	d006      	beq.n	1000669a <strlen+0x22>
1000668c:	781a      	ldrb	r2, [r3, #0]
1000668e:	2a00      	cmp	r2, #0
10006690:	d1f9      	bne.n	10006686 <strlen+0xe>
10006692:	4662      	mov	r2, ip
10006694:	1a98      	subs	r0, r3, r2
10006696:	4770      	bx	lr
10006698:	0003      	movs	r3, r0
1000669a:	6819      	ldr	r1, [r3, #0]
1000669c:	4a0c      	ldr	r2, [pc, #48]	@ (100066d0 <strlen+0x58>)
1000669e:	480d      	ldr	r0, [pc, #52]	@ (100066d4 <strlen+0x5c>)
100066a0:	188a      	adds	r2, r1, r2
100066a2:	438a      	bics	r2, r1
100066a4:	4202      	tst	r2, r0
100066a6:	d10f      	bne.n	100066c8 <strlen+0x50>
100066a8:	6859      	ldr	r1, [r3, #4]
100066aa:	4a09      	ldr	r2, [pc, #36]	@ (100066d0 <strlen+0x58>)
100066ac:	3304      	adds	r3, #4
100066ae:	188a      	adds	r2, r1, r2
100066b0:	438a      	bics	r2, r1
100066b2:	4202      	tst	r2, r0
100066b4:	d108      	bne.n	100066c8 <strlen+0x50>
100066b6:	6859      	ldr	r1, [r3, #4]
100066b8:	4a05      	ldr	r2, [pc, #20]	@ (100066d0 <strlen+0x58>)
100066ba:	3304      	adds	r3, #4
100066bc:	188a      	adds	r2, r1, r2
100066be:	438a      	bics	r2, r1
100066c0:	4202      	tst	r2, r0
100066c2:	d0f1      	beq.n	100066a8 <strlen+0x30>
100066c4:	e000      	b.n	100066c8 <strlen+0x50>
100066c6:	3301      	adds	r3, #1
100066c8:	781a      	ldrb	r2, [r3, #0]
100066ca:	2a00      	cmp	r2, #0
100066cc:	d1fb      	bne.n	100066c6 <strlen+0x4e>
100066ce:	e7e0      	b.n	10006692 <strlen+0x1a>
100066d0:	fefefeff 	.word	0xfefefeff
100066d4:	80808080 	.word	0x80808080

100066d8 <__e15_is_critical_frame_period_veneer>:
100066d8:	b401      	push	{r0}
100066da:	4802      	ldr	r0, [pc, #8]	@ (100066e4 <__e15_is_critical_frame_period_veneer+0xc>)
100066dc:	4684      	mov	ip, r0
100066de:	bc01      	pop	{r0}
100066e0:	4760      	bx	ip
100066e2:	bf00      	nop
100066e4:	20000741 	.word	0x20000741

100066e8 <__mutex_enter_timeout_ms_veneer>:
100066e8:	b401      	push	{r0}
100066ea:	4802      	ldr	r0, [pc, #8]	@ (100066f4 <__mutex_enter_timeout_ms_veneer+0xc>)
100066ec:	4684      	mov	ip, r0
100066ee:	bc01      	pop	{r0}
100066f0:	4760      	bx	ip
100066f2:	bf00      	nop
100066f4:	200001bd 	.word	0x200001bd

100066f8 <____aeabi_ldiv0_veneer>:
100066f8:	b401      	push	{r0}
100066fa:	4802      	ldr	r0, [pc, #8]	@ (10006704 <____aeabi_ldiv0_veneer+0xc>)
100066fc:	4684      	mov	ip, r0
100066fe:	bc01      	pop	{r0}
10006700:	4760      	bx	ip
10006702:	bf00      	nop
10006704:	20000b19 	.word	0x20000b19

10006708 <__reset_non_control_endpoints_veneer>:
10006708:	b401      	push	{r0}
1000670a:	4802      	ldr	r0, [pc, #8]	@ (10006714 <__reset_non_control_endpoints_veneer+0xc>)
1000670c:	4684      	mov	ip, r0
1000670e:	bc01      	pop	{r0}
10006710:	4760      	bx	ip
10006712:	bf00      	nop
10006714:	200003d1 	.word	0x200003d1

10006718 <__flash_do_cmd_cs_veneer>:
10006718:	b401      	push	{r0}
1000671a:	4802      	ldr	r0, [pc, #8]	@ (10006724 <__flash_do_cmd_cs_veneer+0xc>)
1000671c:	4684      	mov	ip, r0
1000671e:	bc01      	pop	{r0}
10006720:	4760      	bx	ip
10006722:	bf00      	nop
10006724:	200002cd 	.word	0x200002cd

10006728 <__e15_is_bulkin_ep_veneer>:
10006728:	b401      	push	{r0}
1000672a:	4802      	ldr	r0, [pc, #8]	@ (10006734 <__e15_is_bulkin_ep_veneer+0xc>)
1000672c:	4684      	mov	ip, r0
1000672e:	bc01      	pop	{r0}
10006730:	4760      	bx	ip
10006732:	bf00      	nop
10006734:	20000715 	.word	0x20000715

10006738 <__mutex_exit_veneer>:
10006738:	b401      	push	{r0}
1000673a:	4802      	ldr	r0, [pc, #8]	@ (10006744 <__mutex_exit_veneer+0xc>)
1000673c:	4684      	mov	ip, r0
1000673e:	bc01      	pop	{r0}
10006740:	4760      	bx	ip
10006742:	bf00      	nop
10006744:	200001f9 	.word	0x200001f9

10006748 <__mutex_try_enter_block_until_veneer>:
10006748:	b401      	push	{r0}
1000674a:	4802      	ldr	r0, [pc, #8]	@ (10006754 <__mutex_try_enter_block_until_veneer+0xc>)
1000674c:	4684      	mov	ip, r0
1000674e:	bc01      	pop	{r0}
10006750:	4760      	bx	ip
10006752:	bf00      	nop
10006754:	20000189 	.word	0x20000189

10006758 <__hw_endpoint_reset_transfer_veneer>:
10006758:	b401      	push	{r0}
1000675a:	4802      	ldr	r0, [pc, #8]	@ (10006764 <__hw_endpoint_reset_transfer_veneer+0xc>)
1000675c:	4684      	mov	ip, r0
1000675e:	bc01      	pop	{r0}
10006760:	4760      	bx	ip
10006762:	bf00      	nop
10006764:	20000811 	.word	0x20000811

10006768 <____aeabi_idiv0_veneer>:
10006768:	b401      	push	{r0}
1000676a:	4802      	ldr	r0, [pc, #8]	@ (10006774 <____aeabi_idiv0_veneer+0xc>)
1000676c:	4684      	mov	ip, r0
1000676e:	bc01      	pop	{r0}
10006770:	4760      	bx	ip
10006772:	bf00      	nop
10006774:	20000b19 	.word	0x20000b19

10006778 <__hw_endpoint_start_next_buffer_veneer>:
10006778:	b401      	push	{r0}
1000677a:	4802      	ldr	r0, [pc, #8]	@ (10006784 <__hw_endpoint_start_next_buffer_veneer+0xc>)
1000677c:	4684      	mov	ip, r0
1000677e:	bc01      	pop	{r0}
10006780:	4760      	bx	ip
10006782:	bf00      	nop
10006784:	20000869 	.word	0x20000869

10006788 <___hw_endpoint_buffer_control_update32_veneer>:
10006788:	b401      	push	{r0}
1000678a:	4802      	ldr	r0, [pc, #8]	@ (10006794 <___hw_endpoint_buffer_control_update32_veneer+0xc>)
1000678c:	4684      	mov	ip, r0
1000678e:	bc01      	pop	{r0}
10006790:	4760      	bx	ip
10006792:	bf00      	nop
10006794:	2000081d 	.word	0x2000081d

10006798 <__mutex_try_enter_veneer>:
10006798:	b401      	push	{r0}
1000679a:	4802      	ldr	r0, [pc, #8]	@ (100067a4 <__mutex_try_enter_veneer+0xc>)
1000679c:	4684      	mov	ip, r0
1000679e:	bc01      	pop	{r0}
100067a0:	4760      	bx	ip
100067a2:	bf00      	nop
100067a4:	200000c1 	.word	0x200000c1

100067a8 <__pre_init_runtime_init_early_resets>:
100067a8:	10001935                                5...

100067ac <__pre_init_runtime_init_usb_power_down>:
100067ac:	10001961 10001af5 10002931 10002199     a.......1)...!..
100067bc:	10002801                                .(..

100067c0 <__pre_init_runtime_init_clocks>:
100067c0:	10001a29                                )...

100067c4 <__pre_init_runtime_init_post_clock_resets>:
100067c4:	1000197d                                }...

100067c8 <__pre_init_runtime_init_rp2040_gpio_ie_disable>:
100067c8:	1000199d                                ....

100067cc <__pre_init_runtime_init_spin_locks_reset>:
100067cc:	100019b1                                ....

100067d0 <__pre_init_runtime_init_mutex>:
100067d0:	10000c55                                U...

100067d4 <__pre_init_runtime_init_install_ram_vector_table>:
100067d4:	100019b9                                ....

100067d8 <__pre_init_runtime_init_default_alarm_pool>:
100067d8:	100014b5                                ....

100067dc <__pre_init_first_per_core_initializer>:
100067dc:	10001921                                !...

100067e0 <__pre_init_runtime_init_per_core_irq_priorities>:
100067e0:	10000765                                e...

100067e4 <__init_array_start>:
100067e4:	1000432d 	.word	0x1000432d

Disassembly of section .data:

200000c0 <mutex_try_enter>:
200000c0:	0003      	movs	r3, r0
200000c2:	6802      	ldr	r2, [r0, #0]
200000c4:	4694      	mov	ip, r2
200000c6:	f3ef 8210 	mrs	r2, PRIMASK
200000ca:	b672      	cpsid	i
200000cc:	4660      	mov	r0, ip
200000ce:	6800      	ldr	r0, [r0, #0]
200000d0:	2800      	cmp	r0, #0
200000d2:	d0fb      	beq.n	200000cc <mutex_try_enter+0xc>
200000d4:	f3bf 8f5f 	dmb	sy
200000d8:	2004      	movs	r0, #4
200000da:	5618      	ldrsb	r0, [r3, r0]
200000dc:	2800      	cmp	r0, #0
200000de:	db0b      	blt.n	200000f8 <mutex_try_enter+0x38>
200000e0:	2900      	cmp	r1, #0
200000e2:	d010      	beq.n	20000106 <mutex_try_enter+0x46>
200000e4:	6008      	str	r0, [r1, #0]
200000e6:	2000      	movs	r0, #0
200000e8:	681b      	ldr	r3, [r3, #0]
200000ea:	f3bf 8f5f 	dmb	sy
200000ee:	2100      	movs	r1, #0
200000f0:	6019      	str	r1, [r3, #0]
200000f2:	f382 8810 	msr	PRIMASK, r2
200000f6:	4770      	bx	lr
200000f8:	21d0      	movs	r1, #208	@ 0xd0
200000fa:	0609      	lsls	r1, r1, #24
200000fc:	7809      	ldrb	r1, [r1, #0]
200000fe:	b249      	sxtb	r1, r1
20000100:	7119      	strb	r1, [r3, #4]
20000102:	2001      	movs	r0, #1
20000104:	e7f0      	b.n	200000e8 <mutex_try_enter+0x28>
20000106:	2000      	movs	r0, #0
20000108:	e7ee      	b.n	200000e8 <mutex_try_enter+0x28>
	...

2000010c <mutex_enter_block_until>:
2000010c:	b5f8      	push	{r3, r4, r5, r6, r7, lr}
2000010e:	0004      	movs	r4, r0
20000110:	0015      	movs	r5, r2
20000112:	001e      	movs	r6, r3
20000114:	6803      	ldr	r3, [r0, #0]
20000116:	2b00      	cmp	r3, #0
20000118:	d020      	beq.n	2000015c <mutex_enter_block_until+0x50>
2000011a:	23d0      	movs	r3, #208	@ 0xd0
2000011c:	061b      	lsls	r3, r3, #24
2000011e:	781b      	ldrb	r3, [r3, #0]
20000120:	b25b      	sxtb	r3, r3
20000122:	001f      	movs	r7, r3
20000124:	6823      	ldr	r3, [r4, #0]
20000126:	f3ef 8110 	mrs	r1, PRIMASK
2000012a:	b672      	cpsid	i
2000012c:	6818      	ldr	r0, [r3, #0]
2000012e:	2800      	cmp	r0, #0
20000130:	d0fc      	beq.n	2000012c <mutex_enter_block_until+0x20>
20000132:	f3bf 8f5f 	dmb	sy
20000136:	2304      	movs	r3, #4
20000138:	56e3      	ldrsb	r3, [r4, r3]
2000013a:	2b00      	cmp	r3, #0
2000013c:	db14      	blt.n	20000168 <mutex_enter_block_until+0x5c>
2000013e:	6823      	ldr	r3, [r4, #0]
20000140:	f3bf 8f5f 	dmb	sy
20000144:	2200      	movs	r2, #0
20000146:	601a      	str	r2, [r3, #0]
20000148:	f381 8810 	msr	PRIMASK, r1
2000014c:	0028      	movs	r0, r5
2000014e:	0031      	movs	r1, r6
20000150:	f000 fd26 	bl	20000ba0 <__best_effort_wfe_or_timeout_veneer>
20000154:	2800      	cmp	r0, #0
20000156:	d0e5      	beq.n	20000124 <mutex_enter_block_until+0x18>
20000158:	2000      	movs	r0, #0
2000015a:	e00e      	b.n	2000017a <mutex_enter_block_until+0x6e>
2000015c:	4b07      	ldr	r3, [pc, #28]	@ (2000017c <mutex_enter_block_until+0x70>)
2000015e:	4a08      	ldr	r2, [pc, #32]	@ (20000180 <mutex_enter_block_until+0x74>)
20000160:	4808      	ldr	r0, [pc, #32]	@ (20000184 <mutex_enter_block_until+0x78>)
20000162:	21a6      	movs	r1, #166	@ 0xa6
20000164:	f000 fd2c 	bl	20000bc0 <____assert_func_veneer>
20000168:	7127      	strb	r7, [r4, #4]
2000016a:	6823      	ldr	r3, [r4, #0]
2000016c:	f3bf 8f5f 	dmb	sy
20000170:	2200      	movs	r2, #0
20000172:	601a      	str	r2, [r3, #0]
20000174:	f381 8810 	msr	PRIMASK, r1
20000178:	2001      	movs	r0, #1
2000017a:	bdf8      	pop	{r3, r4, r5, r6, r7, pc}
2000017c:	10006b94 	.word	0x10006b94
20000180:	10007534 	.word	0x10007534
20000184:	10006b4c 	.word	0x10006b4c

20000188 <mutex_try_enter_block_until>:
20000188:	b570      	push	{r4, r5, r6, lr}
2000018a:	b082      	sub	sp, #8
2000018c:	0006      	movs	r6, r0
2000018e:	0015      	movs	r5, r2
20000190:	001c      	movs	r4, r3
20000192:	a901      	add	r1, sp, #4
20000194:	f7ff ff94 	bl	200000c0 <mutex_try_enter>
20000198:	2800      	cmp	r0, #0
2000019a:	d107      	bne.n	200001ac <mutex_try_enter_block_until+0x24>
2000019c:	9b01      	ldr	r3, [sp, #4]
2000019e:	b25b      	sxtb	r3, r3
200001a0:	22d0      	movs	r2, #208	@ 0xd0
200001a2:	0612      	lsls	r2, r2, #24
200001a4:	7812      	ldrb	r2, [r2, #0]
200001a6:	b252      	sxtb	r2, r2
200001a8:	4293      	cmp	r3, r2
200001aa:	d101      	bne.n	200001b0 <mutex_try_enter_block_until+0x28>
200001ac:	b002      	add	sp, #8
200001ae:	bd70      	pop	{r4, r5, r6, pc}
200001b0:	002a      	movs	r2, r5
200001b2:	0023      	movs	r3, r4
200001b4:	0030      	movs	r0, r6
200001b6:	f7ff ffa9 	bl	2000010c <mutex_enter_block_until>
200001ba:	e7f7      	b.n	200001ac <mutex_try_enter_block_until+0x24>

200001bc <mutex_enter_timeout_ms>:
200001bc:	b5f8      	push	{r3, r4, r5, r6, r7, lr}
200001be:	0007      	movs	r7, r0
200001c0:	000c      	movs	r4, r1
200001c2:	f000 fcc5 	bl	20000b50 <__time_us_64_veneer>
200001c6:	0005      	movs	r5, r0
200001c8:	000e      	movs	r6, r1
200001ca:	22fa      	movs	r2, #250	@ 0xfa
200001cc:	0092      	lsls	r2, r2, #2
200001ce:	2300      	movs	r3, #0
200001d0:	0020      	movs	r0, r4
200001d2:	2100      	movs	r1, #0
200001d4:	f000 fccc 	bl	20000b70 <____wrap___aeabi_lmul_veneer>
200001d8:	002a      	movs	r2, r5
200001da:	0033      	movs	r3, r6
200001dc:	1812      	adds	r2, r2, r0
200001de:	414b      	adcs	r3, r1
200001e0:	2b00      	cmp	r3, #0
200001e2:	db03      	blt.n	200001ec <mutex_enter_timeout_ms+0x30>
200001e4:	0038      	movs	r0, r7
200001e6:	f7ff ff91 	bl	2000010c <mutex_enter_block_until>
200001ea:	bdf8      	pop	{r3, r4, r5, r6, r7, pc}
200001ec:	2201      	movs	r2, #1
200001ee:	4252      	negs	r2, r2
200001f0:	4b00      	ldr	r3, [pc, #0]	@ (200001f4 <mutex_enter_timeout_ms+0x38>)
200001f2:	e7f7      	b.n	200001e4 <mutex_enter_timeout_ms+0x28>
200001f4:	7fffffff 	.word	0x7fffffff

200001f8 <mutex_exit>:
200001f8:	b510      	push	{r4, lr}
200001fa:	6801      	ldr	r1, [r0, #0]
200001fc:	f3ef 8310 	mrs	r3, PRIMASK
20000200:	b672      	cpsid	i
20000202:	680a      	ldr	r2, [r1, #0]
20000204:	2a00      	cmp	r2, #0
20000206:	d0fc      	beq.n	20000202 <mutex_exit+0xa>
20000208:	f3bf 8f5f 	dmb	sy
2000020c:	2204      	movs	r2, #4
2000020e:	5682      	ldrsb	r2, [r0, r2]
20000210:	2a00      	cmp	r2, #0
20000212:	db0a      	blt.n	2000022a <mutex_exit+0x32>
20000214:	22ff      	movs	r2, #255	@ 0xff
20000216:	7102      	strb	r2, [r0, #4]
20000218:	6802      	ldr	r2, [r0, #0]
2000021a:	f3bf 8f5f 	dmb	sy
2000021e:	2100      	movs	r1, #0
20000220:	6011      	str	r1, [r2, #0]
20000222:	f383 8810 	msr	PRIMASK, r3
20000226:	bf40      	sev
20000228:	bd10      	pop	{r4, pc}
2000022a:	4b03      	ldr	r3, [pc, #12]	@ (20000238 <mutex_exit+0x40>)
2000022c:	4a03      	ldr	r2, [pc, #12]	@ (2000023c <mutex_exit+0x44>)
2000022e:	4804      	ldr	r0, [pc, #16]	@ (20000240 <mutex_exit+0x48>)
20000230:	21d5      	movs	r1, #213	@ 0xd5
20000232:	f000 fcc5 	bl	20000bc0 <____assert_func_veneer>
20000236:	46c0      	nop			@ (mov r8, r8)
20000238:	10006ba8 	.word	0x10006ba8
2000023c:	10007528 	.word	0x10007528
20000240:	10006b4c 	.word	0x10006b4c

20000244 <flash_init_boot2_copyout>:
20000244:	4b09      	ldr	r3, [pc, #36]	@ (2000026c <flash_init_boot2_copyout+0x28>)
20000246:	781b      	ldrb	r3, [r3, #0]
20000248:	2b00      	cmp	r3, #0
2000024a:	d008      	beq.n	2000025e <flash_init_boot2_copyout+0x1a>
2000024c:	e00c      	b.n	20000268 <flash_init_boot2_copyout+0x24>
2000024e:	009a      	lsls	r2, r3, #2
20000250:	2180      	movs	r1, #128	@ 0x80
20000252:	0549      	lsls	r1, r1, #21
20000254:	1851      	adds	r1, r2, r1
20000256:	6808      	ldr	r0, [r1, #0]
20000258:	4905      	ldr	r1, [pc, #20]	@ (20000270 <flash_init_boot2_copyout+0x2c>)
2000025a:	5050      	str	r0, [r2, r1]
2000025c:	3301      	adds	r3, #1
2000025e:	2b3f      	cmp	r3, #63	@ 0x3f
20000260:	ddf5      	ble.n	2000024e <flash_init_boot2_copyout+0xa>
20000262:	4b02      	ldr	r3, [pc, #8]	@ (2000026c <flash_init_boot2_copyout+0x28>)
20000264:	2201      	movs	r2, #1
20000266:	701a      	strb	r2, [r3, #0]
20000268:	4770      	bx	lr
2000026a:	46c0      	nop			@ (mov r8, r8)
2000026c:	200018cc 	.word	0x200018cc
20000270:	20001114 	.word	0x20001114

20000274 <flash_enable_xip_via_boot2>:
20000274:	b510      	push	{r4, lr}
20000276:	4b01      	ldr	r3, [pc, #4]	@ (2000027c <flash_enable_xip_via_boot2+0x8>)
20000278:	4798      	blx	r3
2000027a:	bd10      	pop	{r4, pc}
2000027c:	20001115 	.word	0x20001115

20000280 <flash_save_hardware_state>:
20000280:	2200      	movs	r2, #0
20000282:	e006      	b.n	20000292 <flash_save_hardware_state+0x12>
20000284:	0093      	lsls	r3, r2, #2
20000286:	4906      	ldr	r1, [pc, #24]	@ (200002a0 <flash_save_hardware_state+0x20>)
20000288:	1859      	adds	r1, r3, r1
2000028a:	6849      	ldr	r1, [r1, #4]
2000028c:	18c3      	adds	r3, r0, r3
2000028e:	6059      	str	r1, [r3, #4]
20000290:	3201      	adds	r2, #1
20000292:	2a05      	cmp	r2, #5
20000294:	d9f6      	bls.n	20000284 <flash_save_hardware_state+0x4>
20000296:	23a0      	movs	r3, #160	@ 0xa0
20000298:	055b      	lsls	r3, r3, #21
2000029a:	681b      	ldr	r3, [r3, #0]
2000029c:	6003      	str	r3, [r0, #0]
2000029e:	4770      	bx	lr
200002a0:	40020000 	.word	0x40020000

200002a4 <flash_restore_hardware_state>:
200002a4:	b510      	push	{r4, lr}
200002a6:	2200      	movs	r2, #0
200002a8:	e007      	b.n	200002ba <flash_restore_hardware_state+0x16>
200002aa:	0093      	lsls	r3, r2, #2
200002ac:	18c1      	adds	r1, r0, r3
200002ae:	6849      	ldr	r1, [r1, #4]
200002b0:	4c05      	ldr	r4, [pc, #20]	@ (200002c8 <flash_restore_hardware_state+0x24>)
200002b2:	46a4      	mov	ip, r4
200002b4:	4463      	add	r3, ip
200002b6:	6059      	str	r1, [r3, #4]
200002b8:	3201      	adds	r2, #1
200002ba:	2a05      	cmp	r2, #5
200002bc:	d9f5      	bls.n	200002aa <flash_restore_hardware_state+0x6>
200002be:	6802      	ldr	r2, [r0, #0]
200002c0:	23a0      	movs	r3, #160	@ 0xa0
200002c2:	055b      	lsls	r3, r3, #21
200002c4:	601a      	str	r2, [r3, #0]
200002c6:	bd10      	pop	{r4, pc}
200002c8:	40020000 	.word	0x40020000

200002cc <flash_do_cmd_cs>:
200002cc:	b5f0      	push	{r4, r5, r6, r7, lr}
200002ce:	46d6      	mov	lr, sl
200002d0:	464f      	mov	r7, r9
200002d2:	4646      	mov	r6, r8
200002d4:	b5c0      	push	{r6, r7, lr}
200002d6:	b088      	sub	sp, #32
200002d8:	4682      	mov	sl, r0
200002da:	000d      	movs	r5, r1
200002dc:	0014      	movs	r4, r2
200002de:	2618      	movs	r6, #24
200002e0:	8833      	ldrh	r3, [r6, #0]
200002e2:	2714      	movs	r7, #20
200002e4:	8838      	ldrh	r0, [r7, #0]
200002e6:	4932      	ldr	r1, [pc, #200]	@ (200003b0 <flash_do_cmd_cs+0xe4>)
200002e8:	4798      	blx	r3
200002ea:	4681      	mov	r9, r0
200002ec:	8833      	ldrh	r3, [r6, #0]
200002ee:	8838      	ldrh	r0, [r7, #0]
200002f0:	4930      	ldr	r1, [pc, #192]	@ (200003b4 <flash_do_cmd_cs+0xe8>)
200002f2:	4798      	blx	r3
200002f4:	4680      	mov	r8, r0
200002f6:	8833      	ldrh	r3, [r6, #0]
200002f8:	8838      	ldrh	r0, [r7, #0]
200002fa:	492f      	ldr	r1, [pc, #188]	@ (200003b8 <flash_do_cmd_cs+0xec>)
200002fc:	4798      	blx	r3
200002fe:	0007      	movs	r7, r0
20000300:	464b      	mov	r3, r9
20000302:	2b00      	cmp	r3, #0
20000304:	d017      	beq.n	20000336 <flash_do_cmd_cs+0x6a>
20000306:	4643      	mov	r3, r8
20000308:	2b00      	cmp	r3, #0
2000030a:	d014      	beq.n	20000336 <flash_do_cmd_cs+0x6a>
2000030c:	2800      	cmp	r0, #0
2000030e:	d012      	beq.n	20000336 <flash_do_cmd_cs+0x6a>
20000310:	f7ff ff98 	bl	20000244 <flash_init_boot2_copyout>
20000314:	a801      	add	r0, sp, #4
20000316:	f7ff ffb3 	bl	20000280 <flash_save_hardware_state>
2000031a:	47c8      	blx	r9
2000031c:	47c0      	blx	r8
2000031e:	4b27      	ldr	r3, [pc, #156]	@ (200003bc <flash_do_cmd_cs+0xf0>)
20000320:	681a      	ldr	r2, [r3, #0]
20000322:	2380      	movs	r3, #128	@ 0x80
20000324:	009b      	lsls	r3, r3, #2
20000326:	4053      	eors	r3, r2
20000328:	22c0      	movs	r2, #192	@ 0xc0
2000032a:	0092      	lsls	r2, r2, #2
2000032c:	4013      	ands	r3, r2
2000032e:	4a24      	ldr	r2, [pc, #144]	@ (200003c0 <flash_do_cmd_cs+0xf4>)
20000330:	6013      	str	r3, [r2, #0]
20000332:	0021      	movs	r1, r4
20000334:	e010      	b.n	20000358 <flash_do_cmd_cs+0x8c>
20000336:	4b23      	ldr	r3, [pc, #140]	@ (200003c4 <flash_do_cmd_cs+0xf8>)
20000338:	4a23      	ldr	r2, [pc, #140]	@ (200003c8 <flash_do_cmd_cs+0xfc>)
2000033a:	212a      	movs	r1, #42	@ 0x2a
2000033c:	4823      	ldr	r0, [pc, #140]	@ (200003cc <flash_do_cmd_cs+0x100>)
2000033e:	31ff      	adds	r1, #255	@ 0xff
20000340:	f000 fc3e 	bl	20000bc0 <____assert_func_veneer>
20000344:	2b00      	cmp	r3, #0
20000346:	d007      	beq.n	20000358 <flash_do_cmd_cs+0x8c>
20000348:	2900      	cmp	r1, #0
2000034a:	d005      	beq.n	20000358 <flash_do_cmd_cs+0x8c>
2000034c:	23c0      	movs	r3, #192	@ 0xc0
2000034e:	055b      	lsls	r3, r3, #21
20000350:	6e1b      	ldr	r3, [r3, #96]	@ 0x60
20000352:	702b      	strb	r3, [r5, #0]
20000354:	3901      	subs	r1, #1
20000356:	3501      	adds	r5, #1
20000358:	0023      	movs	r3, r4
2000035a:	430b      	orrs	r3, r1
2000035c:	d014      	beq.n	20000388 <flash_do_cmd_cs+0xbc>
2000035e:	23c0      	movs	r3, #192	@ 0xc0
20000360:	055b      	lsls	r3, r3, #21
20000362:	6a9a      	ldr	r2, [r3, #40]	@ 0x28
20000364:	2308      	movs	r3, #8
20000366:	4013      	ands	r3, r2
20000368:	0792      	lsls	r2, r2, #30
2000036a:	d5eb      	bpl.n	20000344 <flash_do_cmd_cs+0x78>
2000036c:	2c00      	cmp	r4, #0
2000036e:	d0e9      	beq.n	20000344 <flash_do_cmd_cs+0x78>
20000370:	1b0a      	subs	r2, r1, r4
20000372:	2a0d      	cmp	r2, #13
20000374:	d8e6      	bhi.n	20000344 <flash_do_cmd_cs+0x78>
20000376:	4656      	mov	r6, sl
20000378:	7830      	ldrb	r0, [r6, #0]
2000037a:	22c0      	movs	r2, #192	@ 0xc0
2000037c:	0552      	lsls	r2, r2, #21
2000037e:	6610      	str	r0, [r2, #96]	@ 0x60
20000380:	3c01      	subs	r4, #1
20000382:	1c72      	adds	r2, r6, #1
20000384:	4692      	mov	sl, r2
20000386:	e7dd      	b.n	20000344 <flash_do_cmd_cs+0x78>
20000388:	4b0c      	ldr	r3, [pc, #48]	@ (200003bc <flash_do_cmd_cs+0xf0>)
2000038a:	681a      	ldr	r2, [r3, #0]
2000038c:	23c0      	movs	r3, #192	@ 0xc0
2000038e:	009b      	lsls	r3, r3, #2
20000390:	4393      	bics	r3, r2
20000392:	4a0b      	ldr	r2, [pc, #44]	@ (200003c0 <flash_do_cmd_cs+0xf4>)
20000394:	6013      	str	r3, [r2, #0]
20000396:	47b8      	blx	r7
20000398:	f7ff ff6c 	bl	20000274 <flash_enable_xip_via_boot2>
2000039c:	a801      	add	r0, sp, #4
2000039e:	f7ff ff81 	bl	200002a4 <flash_restore_hardware_state>
200003a2:	b008      	add	sp, #32
200003a4:	bce0      	pop	{r5, r6, r7}
200003a6:	46ba      	mov	sl, r7
200003a8:	46b1      	mov	r9, r6
200003aa:	46a8      	mov	r8, r5
200003ac:	bdf0      	pop	{r4, r5, r6, r7, pc}
200003ae:	46c0      	nop			@ (mov r8, r8)
200003b0:	00004649 	.word	0x00004649
200003b4:	00005845 	.word	0x00005845
200003b8:	00004346 	.word	0x00004346
200003bc:	4001800c 	.word	0x4001800c
200003c0:	4001900c 	.word	0x4001900c
200003c4:	10007264 	.word	0x10007264
200003c8:	10007738 	.word	0x10007738
200003cc:	10007118 	.word	0x10007118

200003d0 <reset_non_control_endpoints>:
200003d0:	b510      	push	{r4, lr}
200003d2:	2300      	movs	r3, #0
200003d4:	e008      	b.n	200003e8 <reset_non_control_endpoints+0x18>
200003d6:	3301      	adds	r3, #1
200003d8:	00da      	lsls	r2, r3, #3
200003da:	2100      	movs	r1, #0
200003dc:	4808      	ldr	r0, [pc, #32]	@ (20000400 <reset_non_control_endpoints+0x30>)
200003de:	5011      	str	r1, [r2, r0]
200003e0:	4684      	mov	ip, r0
200003e2:	4462      	add	r2, ip
200003e4:	6051      	str	r1, [r2, #4]
200003e6:	b2db      	uxtb	r3, r3
200003e8:	2b0e      	cmp	r3, #14
200003ea:	d9f4      	bls.n	200003d6 <reset_non_control_endpoints+0x6>
200003ec:	4805      	ldr	r0, [pc, #20]	@ (20000404 <reset_non_control_endpoints+0x34>)
200003ee:	22f0      	movs	r2, #240	@ 0xf0
200003f0:	0092      	lsls	r2, r2, #2
200003f2:	2100      	movs	r1, #0
200003f4:	f000 fbc4 	bl	20000b80 <____wrap_memset_veneer>
200003f8:	4b03      	ldr	r3, [pc, #12]	@ (20000408 <reset_non_control_endpoints+0x38>)
200003fa:	4a04      	ldr	r2, [pc, #16]	@ (2000040c <reset_non_control_endpoints+0x3c>)
200003fc:	601a      	str	r2, [r3, #0]
200003fe:	bd10      	pop	{r4, pc}
20000400:	50100000 	.word	0x50100000
20000404:	200012c0 	.word	0x200012c0
20000408:	20001684 	.word	0x20001684
2000040c:	50100180 	.word	0x50100180

20000410 <hw_handle_buff_status>:
20000410:	b5f0      	push	{r4, r5, r6, r7, lr}
20000412:	46ce      	mov	lr, r9
20000414:	4647      	mov	r7, r8
20000416:	b580      	push	{r7, lr}
20000418:	b085      	sub	sp, #20
2000041a:	4b21      	ldr	r3, [pc, #132]	@ (200004a0 <hw_handle_buff_status+0x90>)
2000041c:	6d9f      	ldr	r7, [r3, #88]	@ 0x58
2000041e:	2400      	movs	r4, #0
20000420:	2601      	movs	r6, #1
20000422:	e003      	b.n	2000042c <hw_handle_buff_status+0x1c>
20000424:	43b7      	bics	r7, r6
20000426:	0076      	lsls	r6, r6, #1
20000428:	3401      	adds	r4, #1
2000042a:	b2e4      	uxtb	r4, r4
2000042c:	2f00      	cmp	r7, #0
2000042e:	d031      	beq.n	20000494 <hw_handle_buff_status+0x84>
20000430:	2c1f      	cmp	r4, #31
20000432:	d82f      	bhi.n	20000494 <hw_handle_buff_status+0x84>
20000434:	423e      	tst	r6, r7
20000436:	d0f6      	beq.n	20000426 <hw_handle_buff_status+0x16>
20000438:	4b1a      	ldr	r3, [pc, #104]	@ (200004a4 <hw_handle_buff_status+0x94>)
2000043a:	659e      	str	r6, [r3, #88]	@ 0x58
2000043c:	0863      	lsrs	r3, r4, #1
2000043e:	4699      	mov	r9, r3
20000440:	2301      	movs	r3, #1
20000442:	4023      	ands	r3, r4
20000444:	2201      	movs	r2, #1
20000446:	4053      	eors	r3, r2
20000448:	b2db      	uxtb	r3, r3
2000044a:	4698      	mov	r8, r3
2000044c:	464b      	mov	r3, r9
2000044e:	005d      	lsls	r5, r3, #1
20000450:	4445      	add	r5, r8
20000452:	016d      	lsls	r5, r5, #5
20000454:	4b14      	ldr	r3, [pc, #80]	@ (200004a8 <hw_handle_buff_status+0x98>)
20000456:	18ed      	adds	r5, r5, r3
20000458:	0028      	movs	r0, r5
2000045a:	f000 fa43 	bl	200008e4 <hw_endpoint_xfer_continue>
2000045e:	2800      	cmp	r0, #0
20000460:	d0e0      	beq.n	20000424 <hw_handle_buff_status+0x14>
20000462:	4a11      	ldr	r2, [pc, #68]	@ (200004a8 <hw_handle_buff_status+0x98>)
20000464:	464b      	mov	r3, r9
20000466:	005b      	lsls	r3, r3, #1
20000468:	4443      	add	r3, r8
2000046a:	015b      	lsls	r3, r3, #5
2000046c:	18d3      	adds	r3, r2, r3
2000046e:	7899      	ldrb	r1, [r3, #2]
20000470:	8ada      	ldrh	r2, [r3, #22]
20000472:	a801      	add	r0, sp, #4
20000474:	2300      	movs	r3, #0
20000476:	4698      	mov	r8, r3
20000478:	7003      	strb	r3, [r0, #0]
2000047a:	3307      	adds	r3, #7
2000047c:	7043      	strb	r3, [r0, #1]
2000047e:	7101      	strb	r1, [r0, #4]
20000480:	6082      	str	r2, [r0, #8]
20000482:	4643      	mov	r3, r8
20000484:	7143      	strb	r3, [r0, #5]
20000486:	2101      	movs	r1, #1
20000488:	f000 fa4c 	bl	20000924 <dcd_event_handler>
2000048c:	0028      	movs	r0, r5
2000048e:	f000 f9bf 	bl	20000810 <hw_endpoint_reset_transfer>
20000492:	e7c7      	b.n	20000424 <hw_handle_buff_status+0x14>
20000494:	b005      	add	sp, #20
20000496:	bcc0      	pop	{r6, r7}
20000498:	46b9      	mov	r9, r7
2000049a:	46b0      	mov	r8, r6
2000049c:	bdf0      	pop	{r4, r5, r6, r7, pc}
2000049e:	46c0      	nop			@ (mov r8, r8)
200004a0:	50110000 	.word	0x50110000
200004a4:	50113000 	.word	0x50113000
200004a8:	20001280 	.word	0x20001280

200004ac <dcd_rp2040_irq>:
200004ac:	b5f0      	push	{r4, r5, r6, r7, lr}
200004ae:	46ce      	mov	lr, r9
200004b0:	4647      	mov	r7, r8
200004b2:	b580      	push	{r7, lr}
200004b4:	b085      	sub	sp, #20
200004b6:	4a73      	ldr	r2, [pc, #460]	@ (20000684 <dcd_rp2040_irq+0x1d8>)
200004b8:	2398      	movs	r3, #152	@ 0x98
200004ba:	58d5      	ldr	r5, [r2, r3]
200004bc:	2380      	movs	r3, #128	@ 0x80
200004be:	029b      	lsls	r3, r3, #10
200004c0:	002f      	movs	r7, r5
200004c2:	401f      	ands	r7, r3
200004c4:	421d      	tst	r5, r3
200004c6:	d045      	beq.n	20000554 <dcd_rp2040_irq+0xa8>
200004c8:	4b6f      	ldr	r3, [pc, #444]	@ (20000688 <dcd_rp2040_irq+0x1dc>)
200004ca:	6a9a      	ldr	r2, [r3, #40]	@ 0x28
200004cc:	4b6f      	ldr	r3, [pc, #444]	@ (2000068c <dcd_rp2040_irq+0x1e0>)
200004ce:	601a      	str	r2, [r3, #0]
200004d0:	2400      	movs	r4, #0
200004d2:	2100      	movs	r1, #0
200004d4:	e009      	b.n	200004ea <dcd_rp2040_irq+0x3e>
200004d6:	4b6e      	ldr	r3, [pc, #440]	@ (20000690 <dcd_rp2040_irq+0x1e4>)
200004d8:	185b      	adds	r3, r3, r1
200004da:	333c      	adds	r3, #60	@ 0x3c
200004dc:	2200      	movs	r2, #0
200004de:	701a      	strb	r2, [r3, #0]
200004e0:	f000 f9c2 	bl	20000868 <hw_endpoint_start_next_buffer>
200004e4:	0031      	movs	r1, r6
200004e6:	3401      	adds	r4, #1
200004e8:	b2e4      	uxtb	r4, r4
200004ea:	2c0f      	cmp	r4, #15
200004ec:	d818      	bhi.n	20000520 <dcd_rp2040_irq+0x74>
200004ee:	01a6      	lsls	r6, r4, #6
200004f0:	0030      	movs	r0, r6
200004f2:	3020      	adds	r0, #32
200004f4:	4b66      	ldr	r3, [pc, #408]	@ (20000690 <dcd_rp2040_irq+0x1e4>)
200004f6:	18c0      	adds	r0, r0, r3
200004f8:	199b      	adds	r3, r3, r6
200004fa:	333b      	adds	r3, #59	@ 0x3b
200004fc:	781b      	ldrb	r3, [r3, #0]
200004fe:	2b02      	cmp	r3, #2
20000500:	d1f1      	bne.n	200004e6 <dcd_rp2040_irq+0x3a>
20000502:	4b63      	ldr	r3, [pc, #396]	@ (20000690 <dcd_rp2040_irq+0x1e4>)
20000504:	199b      	adds	r3, r3, r6
20000506:	333a      	adds	r3, #58	@ 0x3a
20000508:	781e      	ldrb	r6, [r3, #0]
2000050a:	2e00      	cmp	r6, #0
2000050c:	d0eb      	beq.n	200004e6 <dcd_rp2040_irq+0x3a>
2000050e:	4b60      	ldr	r3, [pc, #384]	@ (20000690 <dcd_rp2040_irq+0x1e4>)
20000510:	01a1      	lsls	r1, r4, #6
20000512:	185b      	adds	r3, r3, r1
20000514:	333c      	adds	r3, #60	@ 0x3c
20000516:	781b      	ldrb	r3, [r3, #0]
20000518:	2b00      	cmp	r3, #0
2000051a:	d1dc      	bne.n	200004d6 <dcd_rp2040_irq+0x2a>
2000051c:	0031      	movs	r1, r6
2000051e:	e7e2      	b.n	200004e6 <dcd_rp2040_irq+0x3a>
20000520:	2900      	cmp	r1, #0
20000522:	d108      	bne.n	20000536 <dcd_rp2040_irq+0x8a>
20000524:	4b5b      	ldr	r3, [pc, #364]	@ (20000694 <dcd_rp2040_irq+0x1e8>)
20000526:	781b      	ldrb	r3, [r3, #0]
20000528:	2b00      	cmp	r3, #0
2000052a:	d104      	bne.n	20000536 <dcd_rp2040_irq+0x8a>
2000052c:	4a5a      	ldr	r2, [pc, #360]	@ (20000698 <dcd_rp2040_irq+0x1ec>)
2000052e:	3390      	adds	r3, #144	@ 0x90
20000530:	2180      	movs	r1, #128	@ 0x80
20000532:	0289      	lsls	r1, r1, #10
20000534:	50d1      	str	r1, [r2, r3]
20000536:	4b53      	ldr	r3, [pc, #332]	@ (20000684 <dcd_rp2040_irq+0x1d8>)
20000538:	6c9b      	ldr	r3, [r3, #72]	@ 0x48
2000053a:	055b      	lsls	r3, r3, #21
2000053c:	0d5b      	lsrs	r3, r3, #21
2000053e:	a801      	add	r0, sp, #4
20000540:	2200      	movs	r2, #0
20000542:	7002      	strb	r2, [r0, #0]
20000544:	3203      	adds	r2, #3
20000546:	7042      	strb	r2, [r0, #1]
20000548:	6043      	str	r3, [r0, #4]
2000054a:	2101      	movs	r1, #1
2000054c:	f000 f9ea 	bl	20000924 <dcd_event_handler>
20000550:	2780      	movs	r7, #128	@ 0x80
20000552:	02bf      	lsls	r7, r7, #10
20000554:	06eb      	lsls	r3, r5, #27
20000556:	d406      	bmi.n	20000566 <dcd_rp2040_irq+0xba>
20000558:	03eb      	lsls	r3, r5, #15
2000055a:	d54d      	bpl.n	200005f8 <dcd_rp2040_irq+0x14c>
2000055c:	2380      	movs	r3, #128	@ 0x80
2000055e:	025b      	lsls	r3, r3, #9
20000560:	431f      	orrs	r7, r3
20000562:	2400      	movs	r4, #0
20000564:	e016      	b.n	20000594 <dcd_rp2040_irq+0xe8>
20000566:	2310      	movs	r3, #16
20000568:	431f      	orrs	r7, r3
2000056a:	f7ff ff51 	bl	20000410 <hw_handle_buff_status>
2000056e:	e7f3      	b.n	20000558 <dcd_rp2040_irq+0xac>
20000570:	2602      	movs	r6, #2
20000572:	e01c      	b.n	200005ae <dcd_rp2040_irq+0x102>
20000574:	4b49      	ldr	r3, [pc, #292]	@ (2000069c <dcd_rp2040_irq+0x1f0>)
20000576:	661e      	str	r6, [r3, #96]	@ 0x60
20000578:	4b42      	ldr	r3, [pc, #264]	@ (20000684 <dcd_rp2040_irq+0x1d8>)
2000057a:	6e5b      	ldr	r3, [r3, #100]	@ 0x64
2000057c:	4033      	ands	r3, r6
2000057e:	429e      	cmp	r6, r3
20000580:	d1fa      	bne.n	20000578 <dcd_rp2040_irq+0xcc>
20000582:	e018      	b.n	200005b6 <dcd_rp2040_irq+0x10a>
20000584:	4b42      	ldr	r3, [pc, #264]	@ (20000690 <dcd_rp2040_irq+0x1e4>)
20000586:	464a      	mov	r2, r9
20000588:	0152      	lsls	r2, r2, #5
2000058a:	189b      	adds	r3, r3, r2
2000058c:	2201      	movs	r2, #1
2000058e:	70da      	strb	r2, [r3, #3]
20000590:	3401      	adds	r4, #1
20000592:	b2e4      	uxtb	r4, r4
20000594:	2c01      	cmp	r4, #1
20000596:	d81f      	bhi.n	200005d8 <dcd_rp2040_irq+0x12c>
20000598:	46a1      	mov	r9, r4
2000059a:	0166      	lsls	r6, r4, #5
2000059c:	4b3c      	ldr	r3, [pc, #240]	@ (20000690 <dcd_rp2040_irq+0x1e4>)
2000059e:	18f3      	adds	r3, r6, r3
200005a0:	4698      	mov	r8, r3
200005a2:	7e9b      	ldrb	r3, [r3, #26]
200005a4:	2b00      	cmp	r3, #0
200005a6:	d0ed      	beq.n	20000584 <dcd_rp2040_irq+0xd8>
200005a8:	2c00      	cmp	r4, #0
200005aa:	d0e1      	beq.n	20000570 <dcd_rp2040_irq+0xc4>
200005ac:	2601      	movs	r6, #1
200005ae:	f000 faff 	bl	20000bb0 <__rp2040_chip_version_veneer>
200005b2:	2801      	cmp	r0, #1
200005b4:	d8de      	bhi.n	20000574 <dcd_rp2040_irq+0xc8>
200005b6:	22c0      	movs	r2, #192	@ 0xc0
200005b8:	0192      	lsls	r2, r2, #6
200005ba:	2100      	movs	r1, #0
200005bc:	4640      	mov	r0, r8
200005be:	f000 f92d 	bl	2000081c <_hw_endpoint_buffer_control_update32>
200005c2:	4640      	mov	r0, r8
200005c4:	f000 f924 	bl	20000810 <hw_endpoint_reset_transfer>
200005c8:	f000 faf2 	bl	20000bb0 <__rp2040_chip_version_veneer>
200005cc:	2801      	cmp	r0, #1
200005ce:	d9d9      	bls.n	20000584 <dcd_rp2040_irq+0xd8>
200005d0:	4b31      	ldr	r3, [pc, #196]	@ (20000698 <dcd_rp2040_irq+0x1ec>)
200005d2:	665e      	str	r6, [r3, #100]	@ 0x64
200005d4:	661e      	str	r6, [r3, #96]	@ 0x60
200005d6:	e7d5      	b.n	20000584 <dcd_rp2040_irq+0xd8>
200005d8:	a801      	add	r0, sp, #4
200005da:	2300      	movs	r3, #0
200005dc:	7003      	strb	r3, [r0, #0]
200005de:	3306      	adds	r3, #6
200005e0:	7043      	strb	r3, [r0, #1]
200005e2:	4a2f      	ldr	r2, [pc, #188]	@ (200006a0 <dcd_rp2040_irq+0x1f4>)
200005e4:	ab02      	add	r3, sp, #8
200005e6:	ca12      	ldmia	r2!, {r1, r4}
200005e8:	c312      	stmia	r3!, {r1, r4}
200005ea:	2101      	movs	r1, #1
200005ec:	f000 f99a 	bl	20000924 <dcd_event_handler>
200005f0:	4b29      	ldr	r3, [pc, #164]	@ (20000698 <dcd_rp2040_irq+0x1ec>)
200005f2:	2280      	movs	r2, #128	@ 0x80
200005f4:	0292      	lsls	r2, r2, #10
200005f6:	651a      	str	r2, [r3, #80]	@ 0x50
200005f8:	04eb      	lsls	r3, r5, #19
200005fa:	d40a      	bmi.n	20000612 <dcd_rp2040_irq+0x166>
200005fc:	046b      	lsls	r3, r5, #17
200005fe:	d41d      	bmi.n	2000063c <dcd_rp2040_irq+0x190>
20000600:	042b      	lsls	r3, r5, #16
20000602:	d42a      	bmi.n	2000065a <dcd_rp2040_irq+0x1ae>
20000604:	42af      	cmp	r7, r5
20000606:	d138      	bne.n	2000067a <dcd_rp2040_irq+0x1ce>
20000608:	b005      	add	sp, #20
2000060a:	bcc0      	pop	{r6, r7}
2000060c:	46b9      	mov	r9, r7
2000060e:	46b0      	mov	r8, r6
20000610:	bdf0      	pop	{r4, r5, r6, r7, pc}
20000612:	2380      	movs	r3, #128	@ 0x80
20000614:	015b      	lsls	r3, r3, #5
20000616:	431f      	orrs	r7, r3
20000618:	2400      	movs	r4, #0
2000061a:	4b1a      	ldr	r3, [pc, #104]	@ (20000684 <dcd_rp2040_irq+0x1d8>)
2000061c:	601c      	str	r4, [r3, #0]
2000061e:	f7ff fed7 	bl	200003d0 <reset_non_control_endpoints>
20000622:	a801      	add	r0, sp, #4
20000624:	7004      	strb	r4, [r0, #0]
20000626:	2301      	movs	r3, #1
20000628:	7043      	strb	r3, [r0, #1]
2000062a:	7104      	strb	r4, [r0, #4]
2000062c:	2101      	movs	r1, #1
2000062e:	f000 f979 	bl	20000924 <dcd_event_handler>
20000632:	4b19      	ldr	r3, [pc, #100]	@ (20000698 <dcd_rp2040_irq+0x1ec>)
20000634:	2280      	movs	r2, #128	@ 0x80
20000636:	0312      	lsls	r2, r2, #12
20000638:	651a      	str	r2, [r3, #80]	@ 0x50
2000063a:	e7df      	b.n	200005fc <dcd_rp2040_irq+0x150>
2000063c:	2380      	movs	r3, #128	@ 0x80
2000063e:	01db      	lsls	r3, r3, #7
20000640:	431f      	orrs	r7, r3
20000642:	a801      	add	r0, sp, #4
20000644:	2300      	movs	r3, #0
20000646:	7003      	strb	r3, [r0, #0]
20000648:	3304      	adds	r3, #4
2000064a:	7043      	strb	r3, [r0, #1]
2000064c:	2101      	movs	r1, #1
2000064e:	f000 f969 	bl	20000924 <dcd_event_handler>
20000652:	4b11      	ldr	r3, [pc, #68]	@ (20000698 <dcd_rp2040_irq+0x1ec>)
20000654:	2210      	movs	r2, #16
20000656:	651a      	str	r2, [r3, #80]	@ 0x50
20000658:	e7d2      	b.n	20000600 <dcd_rp2040_irq+0x154>
2000065a:	2380      	movs	r3, #128	@ 0x80
2000065c:	021b      	lsls	r3, r3, #8
2000065e:	431f      	orrs	r7, r3
20000660:	a801      	add	r0, sp, #4
20000662:	2300      	movs	r3, #0
20000664:	7003      	strb	r3, [r0, #0]
20000666:	3305      	adds	r3, #5
20000668:	7043      	strb	r3, [r0, #1]
2000066a:	2101      	movs	r1, #1
2000066c:	f000 f95a 	bl	20000924 <dcd_event_handler>
20000670:	4b09      	ldr	r3, [pc, #36]	@ (20000698 <dcd_rp2040_irq+0x1ec>)
20000672:	2280      	movs	r2, #128	@ 0x80
20000674:	0112      	lsls	r2, r2, #4
20000676:	651a      	str	r2, [r3, #80]	@ 0x50
20000678:	e7c4      	b.n	20000604 <dcd_rp2040_irq+0x158>
2000067a:	0039      	movs	r1, r7
2000067c:	4069      	eors	r1, r5
2000067e:	4809      	ldr	r0, [pc, #36]	@ (200006a4 <dcd_rp2040_irq+0x1f8>)
20000680:	f000 fa5e 	bl	20000b40 <__panic_veneer>
20000684:	50110000 	.word	0x50110000
20000688:	40054000 	.word	0x40054000
2000068c:	20001278 	.word	0x20001278
20000690:	20001280 	.word	0x20001280
20000694:	200018ca 	.word	0x200018ca
20000698:	50113000 	.word	0x50113000
2000069c:	50112000 	.word	0x50112000
200006a0:	50100000 	.word	0x50100000
200006a4:	10007354 	.word	0x10007354

200006a8 <prepare_ep_buffer>:
200006a8:	b5f8      	push	{r3, r4, r5, r6, r7, lr}
200006aa:	0004      	movs	r4, r0
200006ac:	000f      	movs	r7, r1
200006ae:	8a83      	ldrh	r3, [r0, #20]
200006b0:	8b02      	ldrh	r2, [r0, #24]
200006b2:	1c1e      	adds	r6, r3, #0
200006b4:	4293      	cmp	r3, r2
200006b6:	d900      	bls.n	200006ba <prepare_ep_buffer+0x12>
200006b8:	1c16      	adds	r6, r2, #0
200006ba:	b2b6      	uxth	r6, r6
200006bc:	1b9b      	subs	r3, r3, r6
200006be:	82a3      	strh	r3, [r4, #20]
200006c0:	2280      	movs	r2, #128	@ 0x80
200006c2:	00d2      	lsls	r2, r2, #3
200006c4:	4332      	orrs	r2, r6
200006c6:	78e3      	ldrb	r3, [r4, #3]
200006c8:	2b00      	cmp	r3, #0
200006ca:	d013      	beq.n	200006f4 <prepare_ep_buffer+0x4c>
200006cc:	2580      	movs	r5, #128	@ 0x80
200006ce:	01ad      	lsls	r5, r5, #6
200006d0:	4315      	orrs	r5, r2
200006d2:	2201      	movs	r2, #1
200006d4:	4053      	eors	r3, r2
200006d6:	70e3      	strb	r3, [r4, #3]
200006d8:	7863      	ldrb	r3, [r4, #1]
200006da:	2b00      	cmp	r3, #0
200006dc:	d00c      	beq.n	200006f8 <prepare_ep_buffer+0x50>
200006de:	8aa3      	ldrh	r3, [r4, #20]
200006e0:	2b00      	cmp	r3, #0
200006e2:	d102      	bne.n	200006ea <prepare_ep_buffer+0x42>
200006e4:	2380      	movs	r3, #128	@ 0x80
200006e6:	01db      	lsls	r3, r3, #7
200006e8:	431d      	orrs	r5, r3
200006ea:	2f00      	cmp	r7, #0
200006ec:	d000      	beq.n	200006f0 <prepare_ep_buffer+0x48>
200006ee:	042d      	lsls	r5, r5, #16
200006f0:	0028      	movs	r0, r5
200006f2:	bdf8      	pop	{r3, r4, r5, r6, r7, pc}
200006f4:	2500      	movs	r5, #0
200006f6:	e7eb      	b.n	200006d0 <prepare_ep_buffer+0x28>
200006f8:	68e0      	ldr	r0, [r4, #12]
200006fa:	01bb      	lsls	r3, r7, #6
200006fc:	18c0      	adds	r0, r0, r3
200006fe:	6921      	ldr	r1, [r4, #16]
20000700:	0032      	movs	r2, r6
20000702:	f000 fa0d 	bl	20000b20 <__unaligned_memcpy_veneer>
20000706:	6923      	ldr	r3, [r4, #16]
20000708:	199b      	adds	r3, r3, r6
2000070a:	6123      	str	r3, [r4, #16]
2000070c:	2380      	movs	r3, #128	@ 0x80
2000070e:	021b      	lsls	r3, r3, #8
20000710:	431d      	orrs	r5, r3
20000712:	e7e4      	b.n	200006de <prepare_ep_buffer+0x36>

20000714 <e15_is_bulkin_ep>:
20000714:	4b09      	ldr	r3, [pc, #36]	@ (2000073c <e15_is_bulkin_ep+0x28>)
20000716:	6c1b      	ldr	r3, [r3, #64]	@ 0x40
20000718:	079b      	lsls	r3, r3, #30
2000071a:	d40c      	bmi.n	20000736 <e15_is_bulkin_ep+0x22>
2000071c:	7883      	ldrb	r3, [r0, #2]
2000071e:	09db      	lsrs	r3, r3, #7
20000720:	2b01      	cmp	r3, #1
20000722:	d001      	beq.n	20000728 <e15_is_bulkin_ep+0x14>
20000724:	2000      	movs	r0, #0
20000726:	e007      	b.n	20000738 <e15_is_bulkin_ep+0x24>
20000728:	7ec3      	ldrb	r3, [r0, #27]
2000072a:	2b02      	cmp	r3, #2
2000072c:	d001      	beq.n	20000732 <e15_is_bulkin_ep+0x1e>
2000072e:	2000      	movs	r0, #0
20000730:	e002      	b.n	20000738 <e15_is_bulkin_ep+0x24>
20000732:	2001      	movs	r0, #1
20000734:	e000      	b.n	20000738 <e15_is_bulkin_ep+0x24>
20000736:	2000      	movs	r0, #0
20000738:	4770      	bx	lr
2000073a:	46c0      	nop			@ (mov r8, r8)
2000073c:	50110000 	.word	0x50110000

20000740 <e15_is_critical_frame_period>:
20000740:	b510      	push	{r4, lr}
20000742:	f7ff ffe7 	bl	20000714 <e15_is_bulkin_ep>
20000746:	2800      	cmp	r0, #0
20000748:	d009      	beq.n	2000075e <e15_is_critical_frame_period+0x1e>
2000074a:	4b06      	ldr	r3, [pc, #24]	@ (20000764 <e15_is_critical_frame_period+0x24>)
2000074c:	6a9b      	ldr	r3, [r3, #40]	@ 0x28
2000074e:	4a06      	ldr	r2, [pc, #24]	@ (20000768 <e15_is_critical_frame_period+0x28>)
20000750:	6812      	ldr	r2, [r2, #0]
20000752:	1a9b      	subs	r3, r3, r2
20000754:	4a05      	ldr	r2, [pc, #20]	@ (2000076c <e15_is_critical_frame_period+0x2c>)
20000756:	4694      	mov	ip, r2
20000758:	4463      	add	r3, ip
2000075a:	2bc6      	cmp	r3, #198	@ 0xc6
2000075c:	d800      	bhi.n	20000760 <e15_is_critical_frame_period+0x20>
2000075e:	bd10      	pop	{r4, pc}
20000760:	2000      	movs	r0, #0
20000762:	e7fc      	b.n	2000075e <e15_is_critical_frame_period+0x1e>
20000764:	40054000 	.word	0x40054000
20000768:	20001278 	.word	0x20001278
2000076c:	fffffce0 	.word	0xfffffce0

20000770 <sync_ep_buffer>:
20000770:	b570      	push	{r4, r5, r6, lr}
20000772:	0004      	movs	r4, r0
20000774:	6883      	ldr	r3, [r0, #8]
20000776:	681b      	ldr	r3, [r3, #0]
20000778:	2900      	cmp	r1, #0
2000077a:	d000      	beq.n	2000077e <sync_ep_buffer+0xe>
2000077c:	0c1b      	lsrs	r3, r3, #16
2000077e:	059d      	lsls	r5, r3, #22
20000780:	0dad      	lsrs	r5, r5, #22
20000782:	7862      	ldrb	r2, [r4, #1]
20000784:	2a00      	cmp	r2, #0
20000786:	d111      	bne.n	200007ac <sync_ep_buffer+0x3c>
20000788:	041b      	lsls	r3, r3, #16
2000078a:	d409      	bmi.n	200007a0 <sync_ep_buffer+0x30>
2000078c:	8ae3      	ldrh	r3, [r4, #22]
2000078e:	195b      	adds	r3, r3, r5
20000790:	82e3      	strh	r3, [r4, #22]
20000792:	8b23      	ldrh	r3, [r4, #24]
20000794:	42ab      	cmp	r3, r5
20000796:	d901      	bls.n	2000079c <sync_ep_buffer+0x2c>
20000798:	2300      	movs	r3, #0
2000079a:	82a3      	strh	r3, [r4, #20]
2000079c:	0028      	movs	r0, r5
2000079e:	bd70      	pop	{r4, r5, r6, pc}
200007a0:	4b0d      	ldr	r3, [pc, #52]	@ (200007d8 <sync_ep_buffer+0x68>)
200007a2:	4a0e      	ldr	r2, [pc, #56]	@ (200007dc <sync_ep_buffer+0x6c>)
200007a4:	480e      	ldr	r0, [pc, #56]	@ (200007e0 <sync_ep_buffer+0x70>)
200007a6:	21e8      	movs	r1, #232	@ 0xe8
200007a8:	f000 fa0a 	bl	20000bc0 <____assert_func_veneer>
200007ac:	041b      	lsls	r3, r3, #16
200007ae:	d50d      	bpl.n	200007cc <sync_ep_buffer+0x5c>
200007b0:	6920      	ldr	r0, [r4, #16]
200007b2:	68e3      	ldr	r3, [r4, #12]
200007b4:	0189      	lsls	r1, r1, #6
200007b6:	1859      	adds	r1, r3, r1
200007b8:	002a      	movs	r2, r5
200007ba:	f000 f9b1 	bl	20000b20 <__unaligned_memcpy_veneer>
200007be:	8ae3      	ldrh	r3, [r4, #22]
200007c0:	195b      	adds	r3, r3, r5
200007c2:	82e3      	strh	r3, [r4, #22]
200007c4:	6923      	ldr	r3, [r4, #16]
200007c6:	195b      	adds	r3, r3, r5
200007c8:	6123      	str	r3, [r4, #16]
200007ca:	e7e2      	b.n	20000792 <sync_ep_buffer+0x22>
200007cc:	4b05      	ldr	r3, [pc, #20]	@ (200007e4 <sync_ep_buffer+0x74>)
200007ce:	4a03      	ldr	r2, [pc, #12]	@ (200007dc <sync_ep_buffer+0x6c>)
200007d0:	4803      	ldr	r0, [pc, #12]	@ (200007e0 <sync_ep_buffer+0x70>)
200007d2:	21ee      	movs	r1, #238	@ 0xee
200007d4:	f000 f9f4 	bl	20000bc0 <____assert_func_veneer>
200007d8:	10007374 	.word	0x10007374
200007dc:	10007884 	.word	0x10007884
200007e0:	10007394 	.word	0x10007394
200007e4:	100073f0 	.word	0x100073f0

200007e8 <_hw_endpoint_xfer_sync>:
200007e8:	b510      	push	{r4, lr}
200007ea:	0004      	movs	r4, r0
200007ec:	6883      	ldr	r3, [r0, #8]
200007ee:	681b      	ldr	r3, [r3, #0]
200007f0:	2100      	movs	r1, #0
200007f2:	f7ff ffbd 	bl	20000770 <sync_ep_buffer>
200007f6:	6863      	ldr	r3, [r4, #4]
200007f8:	681b      	ldr	r3, [r3, #0]
200007fa:	005b      	lsls	r3, r3, #1
200007fc:	d502      	bpl.n	20000804 <_hw_endpoint_xfer_sync+0x1c>
200007fe:	8b23      	ldrh	r3, [r4, #24]
20000800:	4283      	cmp	r3, r0
20000802:	d000      	beq.n	20000806 <_hw_endpoint_xfer_sync+0x1e>
20000804:	bd10      	pop	{r4, pc}
20000806:	2101      	movs	r1, #1
20000808:	0020      	movs	r0, r4
2000080a:	f7ff ffb1 	bl	20000770 <sync_ep_buffer>
2000080e:	e7f9      	b.n	20000804 <_hw_endpoint_xfer_sync+0x1c>

20000810 <hw_endpoint_reset_transfer>:
20000810:	2300      	movs	r3, #0
20000812:	7683      	strb	r3, [r0, #26]
20000814:	8283      	strh	r3, [r0, #20]
20000816:	82c3      	strh	r3, [r0, #22]
20000818:	6103      	str	r3, [r0, #16]
2000081a:	4770      	bx	lr

2000081c <_hw_endpoint_buffer_control_update32>:
2000081c:	b510      	push	{r4, lr}
2000081e:	2900      	cmp	r1, #0
20000820:	d002      	beq.n	20000828 <_hw_endpoint_buffer_control_update32+0xc>
20000822:	6883      	ldr	r3, [r0, #8]
20000824:	681b      	ldr	r3, [r3, #0]
20000826:	4019      	ands	r1, r3
20000828:	2a00      	cmp	r2, #0
2000082a:	d010      	beq.n	2000084e <_hw_endpoint_buffer_control_update32+0x32>
2000082c:	4311      	orrs	r1, r2
2000082e:	0552      	lsls	r2, r2, #21
20000830:	d50d      	bpl.n	2000084e <_hw_endpoint_buffer_control_update32+0x32>
20000832:	6882      	ldr	r2, [r0, #8]
20000834:	6813      	ldr	r3, [r2, #0]
20000836:	055b      	lsls	r3, r3, #21
20000838:	d40c      	bmi.n	20000854 <_hw_endpoint_buffer_control_update32+0x38>
2000083a:	4b08      	ldr	r3, [pc, #32]	@ (2000085c <_hw_endpoint_buffer_control_update32+0x40>)
2000083c:	400b      	ands	r3, r1
2000083e:	6013      	str	r3, [r2, #0]
20000840:	4b07      	ldr	r3, [pc, #28]	@ (20000860 <_hw_endpoint_buffer_control_update32+0x44>)
20000842:	6c1b      	ldr	r3, [r3, #64]	@ 0x40
20000844:	079b      	lsls	r3, r3, #30
20000846:	d402      	bmi.n	2000084e <_hw_endpoint_buffer_control_update32+0x32>
20000848:	230c      	movs	r3, #12
2000084a:	3b03      	subs	r3, #3
2000084c:	d2fd      	bcs.n	2000084a <_hw_endpoint_buffer_control_update32+0x2e>
2000084e:	6883      	ldr	r3, [r0, #8]
20000850:	6019      	str	r1, [r3, #0]
20000852:	bd10      	pop	{r4, pc}
20000854:	7881      	ldrb	r1, [r0, #2]
20000856:	4803      	ldr	r0, [pc, #12]	@ (20000864 <_hw_endpoint_buffer_control_update32+0x48>)
20000858:	f000 f972 	bl	20000b40 <__panic_veneer>
2000085c:	fffffbff 	.word	0xfffffbff
20000860:	50110000 	.word	0x50110000
20000864:	10007410 	.word	0x10007410

20000868 <hw_endpoint_start_next_buffer>:
20000868:	b570      	push	{r4, r5, r6, lr}
2000086a:	0004      	movs	r4, r0
2000086c:	6843      	ldr	r3, [r0, #4]
2000086e:	681e      	ldr	r6, [r3, #0]
20000870:	2100      	movs	r1, #0
20000872:	f7ff ff19 	bl	200006a8 <prepare_ep_buffer>
20000876:	2580      	movs	r5, #128	@ 0x80
20000878:	016d      	lsls	r5, r5, #5
2000087a:	4305      	orrs	r5, r0
2000087c:	4b16      	ldr	r3, [pc, #88]	@ (200008d8 <hw_endpoint_start_next_buffer+0x70>)
2000087e:	6c1b      	ldr	r3, [r3, #64]	@ 0x40
20000880:	079b      	lsls	r3, r3, #30
20000882:	d515      	bpl.n	200008b0 <hw_endpoint_start_next_buffer+0x48>
20000884:	78a3      	ldrb	r3, [r4, #2]
20000886:	065b      	lsls	r3, r3, #25
20000888:	d117      	bne.n	200008ba <hw_endpoint_start_next_buffer+0x52>
2000088a:	2300      	movs	r3, #0
2000088c:	8aa2      	ldrh	r2, [r4, #20]
2000088e:	2a00      	cmp	r2, #0
20000890:	d001      	beq.n	20000896 <hw_endpoint_start_next_buffer+0x2e>
20000892:	2b00      	cmp	r3, #0
20000894:	d015      	beq.n	200008c2 <hw_endpoint_start_next_buffer+0x5a>
20000896:	4b11      	ldr	r3, [pc, #68]	@ (200008dc <hw_endpoint_start_next_buffer+0x74>)
20000898:	401e      	ands	r6, r3
2000089a:	2380      	movs	r3, #128	@ 0x80
2000089c:	059b      	lsls	r3, r3, #22
2000089e:	4333      	orrs	r3, r6
200008a0:	6862      	ldr	r2, [r4, #4]
200008a2:	6013      	str	r3, [r2, #0]
200008a4:	002a      	movs	r2, r5
200008a6:	2100      	movs	r1, #0
200008a8:	0020      	movs	r0, r4
200008aa:	f7ff ffb7 	bl	2000081c <_hw_endpoint_buffer_control_update32>
200008ae:	bd70      	pop	{r4, r5, r6, pc}
200008b0:	78a3      	ldrb	r3, [r4, #2]
200008b2:	09db      	lsrs	r3, r3, #7
200008b4:	d103      	bne.n	200008be <hw_endpoint_start_next_buffer+0x56>
200008b6:	3301      	adds	r3, #1
200008b8:	e7e8      	b.n	2000088c <hw_endpoint_start_next_buffer+0x24>
200008ba:	2301      	movs	r3, #1
200008bc:	e7e6      	b.n	2000088c <hw_endpoint_start_next_buffer+0x24>
200008be:	2300      	movs	r3, #0
200008c0:	e7e4      	b.n	2000088c <hw_endpoint_start_next_buffer+0x24>
200008c2:	2101      	movs	r1, #1
200008c4:	0020      	movs	r0, r4
200008c6:	f7ff feef 	bl	200006a8 <prepare_ep_buffer>
200008ca:	4305      	orrs	r5, r0
200008cc:	4a04      	ldr	r2, [pc, #16]	@ (200008e0 <hw_endpoint_start_next_buffer+0x78>)
200008ce:	4032      	ands	r2, r6
200008d0:	23a0      	movs	r3, #160	@ 0xa0
200008d2:	05db      	lsls	r3, r3, #23
200008d4:	4313      	orrs	r3, r2
200008d6:	e7e3      	b.n	200008a0 <hw_endpoint_start_next_buffer+0x38>
200008d8:	50110000 	.word	0x50110000
200008dc:	afffffff 	.word	0xafffffff
200008e0:	dfffffff 	.word	0xdfffffff

200008e4 <hw_endpoint_xfer_continue>:
200008e4:	b570      	push	{r4, r5, r6, lr}
200008e6:	0004      	movs	r4, r0
200008e8:	7e85      	ldrb	r5, [r0, #26]
200008ea:	2d00      	cmp	r5, #0
200008ec:	d006      	beq.n	200008fc <hw_endpoint_xfer_continue+0x18>
200008ee:	f7ff ff7b 	bl	200007e8 <_hw_endpoint_xfer_sync>
200008f2:	8aa3      	ldrh	r3, [r4, #20]
200008f4:	2b00      	cmp	r3, #0
200008f6:	d105      	bne.n	20000904 <hw_endpoint_xfer_continue+0x20>
200008f8:	0028      	movs	r0, r5
200008fa:	bd70      	pop	{r4, r5, r6, pc}
200008fc:	7881      	ldrb	r1, [r0, #2]
200008fe:	4808      	ldr	r0, [pc, #32]	@ (20000920 <hw_endpoint_xfer_continue+0x3c>)
20000900:	f000 f91e 	bl	20000b40 <__panic_veneer>
20000904:	0020      	movs	r0, r4
20000906:	f7ff ff1b 	bl	20000740 <e15_is_critical_frame_period>
2000090a:	1e05      	subs	r5, r0, #0
2000090c:	d003      	beq.n	20000916 <hw_endpoint_xfer_continue+0x32>
2000090e:	2301      	movs	r3, #1
20000910:	7723      	strb	r3, [r4, #28]
20000912:	2500      	movs	r5, #0
20000914:	e7f0      	b.n	200008f8 <hw_endpoint_xfer_continue+0x14>
20000916:	0020      	movs	r0, r4
20000918:	f7ff ffa6 	bl	20000868 <hw_endpoint_start_next_buffer>
2000091c:	e7ec      	b.n	200008f8 <hw_endpoint_xfer_continue+0x14>
2000091e:	46c0      	nop			@ (mov r8, r8)
20000920:	10007430 	.word	0x10007430

20000924 <dcd_event_handler>:
20000924:	b570      	push	{r4, r5, r6, lr}
20000926:	b084      	sub	sp, #16
20000928:	0005      	movs	r5, r0
2000092a:	000e      	movs	r6, r1
2000092c:	7843      	ldrb	r3, [r0, #1]
2000092e:	2b04      	cmp	r3, #4
20000930:	d041      	beq.n	200009b6 <dcd_event_handler+0x92>
20000932:	d909      	bls.n	20000948 <dcd_event_handler+0x24>
20000934:	2b05      	cmp	r3, #5
20000936:	d048      	beq.n	200009ca <dcd_event_handler+0xa6>
20000938:	2b06      	cmp	r3, #6
2000093a:	d11a      	bne.n	20000972 <dcd_event_handler+0x4e>
2000093c:	4a6e      	ldr	r2, [pc, #440]	@ (20000af8 <dcd_event_handler+0x1d4>)
2000093e:	7813      	ldrb	r3, [r2, #0]
20000940:	3301      	adds	r3, #1
20000942:	b2db      	uxtb	r3, r3
20000944:	7013      	strb	r3, [r2, #0]
20000946:	e014      	b.n	20000972 <dcd_event_handler+0x4e>
20000948:	2b02      	cmp	r3, #2
2000094a:	d003      	beq.n	20000954 <dcd_event_handler+0x30>
2000094c:	2b03      	cmp	r3, #3
2000094e:	d110      	bne.n	20000972 <dcd_event_handler+0x4e>
20000950:	2400      	movs	r4, #0
20000952:	e050      	b.n	200009f6 <dcd_event_handler+0xd2>
20000954:	4b69      	ldr	r3, [pc, #420]	@ (20000afc <dcd_event_handler+0x1d8>)
20000956:	781a      	ldrb	r2, [r3, #0]
20000958:	2101      	movs	r1, #1
2000095a:	438a      	bics	r2, r1
2000095c:	701a      	strb	r2, [r3, #0]
2000095e:	781a      	ldrb	r2, [r3, #0]
20000960:	3101      	adds	r1, #1
20000962:	438a      	bics	r2, r1
20000964:	701a      	strb	r2, [r3, #0]
20000966:	2200      	movs	r2, #0
20000968:	705a      	strb	r2, [r3, #1]
2000096a:	781a      	ldrb	r2, [r3, #0]
2000096c:	3102      	adds	r1, #2
2000096e:	438a      	bics	r2, r1
20000970:	701a      	strb	r2, [r3, #0]
20000972:	4b63      	ldr	r3, [pc, #396]	@ (20000b00 <dcd_event_handler+0x1dc>)
20000974:	681c      	ldr	r4, [r3, #0]
20000976:	6962      	ldr	r2, [r4, #20]
20000978:	f3ef 8110 	mrs	r1, PRIMASK
2000097c:	b672      	cpsid	i
2000097e:	6813      	ldr	r3, [r2, #0]
20000980:	2b00      	cmp	r3, #0
20000982:	d0fc      	beq.n	2000097e <dcd_event_handler+0x5a>
20000984:	f3bf 8f5f 	dmb	sy
20000988:	61a1      	str	r1, [r4, #24]
2000098a:	0029      	movs	r1, r5
2000098c:	0020      	movs	r0, r4
2000098e:	f000 f8ff 	bl	20000b90 <__tu_fifo_write_veneer>
20000992:	6962      	ldr	r2, [r4, #20]
20000994:	69a3      	ldr	r3, [r4, #24]
20000996:	f3bf 8f5f 	dmb	sy
2000099a:	2100      	movs	r1, #0
2000099c:	6011      	str	r1, [r2, #0]
2000099e:	f383 8810 	msr	PRIMASK, r3
200009a2:	2800      	cmp	r0, #0
200009a4:	d100      	bne.n	200009a8 <dcd_event_handler+0x84>
200009a6:	e0a0      	b.n	20000aea <dcd_event_handler+0x1c6>
200009a8:	7828      	ldrb	r0, [r5, #0]
200009aa:	7869      	ldrb	r1, [r5, #1]
200009ac:	0032      	movs	r2, r6
200009ae:	f000 f8d7 	bl	20000b60 <__tud_event_hook_cb_veneer>
200009b2:	b004      	add	sp, #16
200009b4:	bd70      	pop	{r4, r5, r6, pc}
200009b6:	4b51      	ldr	r3, [pc, #324]	@ (20000afc <dcd_event_handler+0x1d8>)
200009b8:	781b      	ldrb	r3, [r3, #0]
200009ba:	07db      	lsls	r3, r3, #31
200009bc:	d5f9      	bpl.n	200009b2 <dcd_event_handler+0x8e>
200009be:	4a4f      	ldr	r2, [pc, #316]	@ (20000afc <dcd_event_handler+0x1d8>)
200009c0:	7813      	ldrb	r3, [r2, #0]
200009c2:	2104      	movs	r1, #4
200009c4:	430b      	orrs	r3, r1
200009c6:	7013      	strb	r3, [r2, #0]
200009c8:	e7d3      	b.n	20000972 <dcd_event_handler+0x4e>
200009ca:	4b4c      	ldr	r3, [pc, #304]	@ (20000afc <dcd_event_handler+0x1d8>)
200009cc:	781b      	ldrb	r3, [r3, #0]
200009ce:	07db      	lsls	r3, r3, #31
200009d0:	d5ef      	bpl.n	200009b2 <dcd_event_handler+0x8e>
200009d2:	4a4a      	ldr	r2, [pc, #296]	@ (20000afc <dcd_event_handler+0x1d8>)
200009d4:	7813      	ldrb	r3, [r2, #0]
200009d6:	2104      	movs	r1, #4
200009d8:	438b      	bics	r3, r1
200009da:	7013      	strb	r3, [r2, #0]
200009dc:	e7c9      	b.n	20000972 <dcd_event_handler+0x4e>
200009de:	1ae3      	subs	r3, r4, r3
200009e0:	015b      	lsls	r3, r3, #5
200009e2:	4a48      	ldr	r2, [pc, #288]	@ (20000b04 <dcd_event_handler+0x1e0>)
200009e4:	189b      	adds	r3, r3, r2
200009e6:	69db      	ldr	r3, [r3, #28]
200009e8:	2b00      	cmp	r3, #0
200009ea:	d002      	beq.n	200009f2 <dcd_event_handler+0xce>
200009ec:	7828      	ldrb	r0, [r5, #0]
200009ee:	6869      	ldr	r1, [r5, #4]
200009f0:	4798      	blx	r3
200009f2:	3401      	adds	r4, #1
200009f4:	b2e4      	uxtb	r4, r4
200009f6:	4b44      	ldr	r3, [pc, #272]	@ (20000b08 <dcd_event_handler+0x1e4>)
200009f8:	781b      	ldrb	r3, [r3, #0]
200009fa:	42a3      	cmp	r3, r4
200009fc:	d307      	bcc.n	20000a0e <dcd_event_handler+0xea>
200009fe:	d9ee      	bls.n	200009de <dcd_event_handler+0xba>
20000a00:	4b42      	ldr	r3, [pc, #264]	@ (20000b0c <dcd_event_handler+0x1e8>)
20000a02:	681b      	ldr	r3, [r3, #0]
20000a04:	0162      	lsls	r2, r4, #5
20000a06:	189b      	adds	r3, r3, r2
20000a08:	2b00      	cmp	r3, #0
20000a0a:	d1ec      	bne.n	200009e6 <dcd_event_handler+0xc2>
20000a0c:	e7f1      	b.n	200009f2 <dcd_event_handler+0xce>
20000a0e:	4b3b      	ldr	r3, [pc, #236]	@ (20000afc <dcd_event_handler+0x1d8>)
20000a10:	781b      	ldrb	r3, [r3, #0]
20000a12:	075b      	lsls	r3, r3, #29
20000a14:	d52e      	bpl.n	20000a74 <dcd_event_handler+0x150>
20000a16:	4a39      	ldr	r2, [pc, #228]	@ (20000afc <dcd_event_handler+0x1d8>)
20000a18:	7813      	ldrb	r3, [r2, #0]
20000a1a:	2104      	movs	r1, #4
20000a1c:	438b      	bics	r3, r1
20000a1e:	7013      	strb	r3, [r2, #0]
20000a20:	ac01      	add	r4, sp, #4
20000a22:	220c      	movs	r2, #12
20000a24:	2100      	movs	r1, #0
20000a26:	0020      	movs	r0, r4
20000a28:	f000 f8aa 	bl	20000b80 <____wrap_memset_veneer>
20000a2c:	782b      	ldrb	r3, [r5, #0]
20000a2e:	7023      	strb	r3, [r4, #0]
20000a30:	2305      	movs	r3, #5
20000a32:	7063      	strb	r3, [r4, #1]
20000a34:	4b32      	ldr	r3, [pc, #200]	@ (20000b00 <dcd_event_handler+0x1dc>)
20000a36:	681c      	ldr	r4, [r3, #0]
20000a38:	6962      	ldr	r2, [r4, #20]
20000a3a:	f3ef 8110 	mrs	r1, PRIMASK
20000a3e:	b672      	cpsid	i
20000a40:	6813      	ldr	r3, [r2, #0]
20000a42:	2b00      	cmp	r3, #0
20000a44:	d0fc      	beq.n	20000a40 <dcd_event_handler+0x11c>
20000a46:	f3bf 8f5f 	dmb	sy
20000a4a:	61a1      	str	r1, [r4, #24]
20000a4c:	a901      	add	r1, sp, #4
20000a4e:	0020      	movs	r0, r4
20000a50:	f000 f89e 	bl	20000b90 <__tu_fifo_write_veneer>
20000a54:	6962      	ldr	r2, [r4, #20]
20000a56:	69a3      	ldr	r3, [r4, #24]
20000a58:	f3bf 8f5f 	dmb	sy
20000a5c:	2100      	movs	r1, #0
20000a5e:	6011      	str	r1, [r2, #0]
20000a60:	f383 8810 	msr	PRIMASK, r3
20000a64:	2800      	cmp	r0, #0
20000a66:	d032      	beq.n	20000ace <dcd_event_handler+0x1aa>
20000a68:	ab01      	add	r3, sp, #4
20000a6a:	7818      	ldrb	r0, [r3, #0]
20000a6c:	7859      	ldrb	r1, [r3, #1]
20000a6e:	0032      	movs	r2, r6
20000a70:	f000 f876 	bl	20000b60 <__tud_event_hook_cb_veneer>
20000a74:	4b21      	ldr	r3, [pc, #132]	@ (20000afc <dcd_event_handler+0x1d8>)
20000a76:	78db      	ldrb	r3, [r3, #3]
20000a78:	07db      	lsls	r3, r3, #31
20000a7a:	d400      	bmi.n	20000a7e <dcd_event_handler+0x15a>
20000a7c:	e799      	b.n	200009b2 <dcd_event_handler+0x8e>
20000a7e:	782a      	ldrb	r2, [r5, #0]
20000a80:	ab01      	add	r3, sp, #4
20000a82:	701a      	strb	r2, [r3, #0]
20000a84:	2203      	movs	r2, #3
20000a86:	705a      	strb	r2, [r3, #1]
20000a88:	686a      	ldr	r2, [r5, #4]
20000a8a:	9202      	str	r2, [sp, #8]
20000a8c:	4b1c      	ldr	r3, [pc, #112]	@ (20000b00 <dcd_event_handler+0x1dc>)
20000a8e:	681c      	ldr	r4, [r3, #0]
20000a90:	6962      	ldr	r2, [r4, #20]
20000a92:	f3ef 8110 	mrs	r1, PRIMASK
20000a96:	b672      	cpsid	i
20000a98:	6813      	ldr	r3, [r2, #0]
20000a9a:	2b00      	cmp	r3, #0
20000a9c:	d0fc      	beq.n	20000a98 <dcd_event_handler+0x174>
20000a9e:	f3bf 8f5f 	dmb	sy
20000aa2:	61a1      	str	r1, [r4, #24]
20000aa4:	a901      	add	r1, sp, #4
20000aa6:	0020      	movs	r0, r4
20000aa8:	f000 f872 	bl	20000b90 <__tu_fifo_write_veneer>
20000aac:	6962      	ldr	r2, [r4, #20]
20000aae:	69a3      	ldr	r3, [r4, #24]
20000ab0:	f3bf 8f5f 	dmb	sy
20000ab4:	2100      	movs	r1, #0
20000ab6:	6011      	str	r1, [r2, #0]
20000ab8:	f383 8810 	msr	PRIMASK, r3
20000abc:	2800      	cmp	r0, #0
20000abe:	d00d      	beq.n	20000adc <dcd_event_handler+0x1b8>
20000ac0:	ab01      	add	r3, sp, #4
20000ac2:	7818      	ldrb	r0, [r3, #0]
20000ac4:	7859      	ldrb	r1, [r3, #1]
20000ac6:	0032      	movs	r2, r6
20000ac8:	f000 f84a 	bl	20000b60 <__tud_event_hook_cb_veneer>
20000acc:	e771      	b.n	200009b2 <dcd_event_handler+0x8e>
20000ace:	2266      	movs	r2, #102	@ 0x66
20000ad0:	490f      	ldr	r1, [pc, #60]	@ (20000b10 <dcd_event_handler+0x1ec>)
20000ad2:	4810      	ldr	r0, [pc, #64]	@ (20000b14 <dcd_event_handler+0x1f0>)
20000ad4:	32ff      	adds	r2, #255	@ 0xff
20000ad6:	f000 f82b 	bl	20000b30 <____wrap_printf_veneer>
20000ada:	e7cb      	b.n	20000a74 <dcd_event_handler+0x150>
20000adc:	2266      	movs	r2, #102	@ 0x66
20000ade:	490c      	ldr	r1, [pc, #48]	@ (20000b10 <dcd_event_handler+0x1ec>)
20000ae0:	480c      	ldr	r0, [pc, #48]	@ (20000b14 <dcd_event_handler+0x1f0>)
20000ae2:	32ff      	adds	r2, #255	@ 0xff
20000ae4:	f000 f824 	bl	20000b30 <____wrap_printf_veneer>
20000ae8:	e763      	b.n	200009b2 <dcd_event_handler+0x8e>
20000aea:	2266      	movs	r2, #102	@ 0x66
20000aec:	4908      	ldr	r1, [pc, #32]	@ (20000b10 <dcd_event_handler+0x1ec>)
20000aee:	4809      	ldr	r0, [pc, #36]	@ (20000b14 <dcd_event_handler+0x1f0>)
20000af0:	32ff      	adds	r2, #255	@ 0xff
20000af2:	f000 f81d 	bl	20000b30 <____wrap_printf_veneer>
20000af6:	e75c      	b.n	200009b2 <dcd_event_handler+0x8e>
20000af8:	200018cb 	.word	0x200018cb
20000afc:	20000ff8 	.word	0x20000ff8
20000b00:	20001050 	.word	0x20001050
20000b04:	1000794c 	.word	0x1000794c
20000b08:	200018c9 	.word	0x200018c9
20000b0c:	20000e48 	.word	0x20000e48
20000b10:	100078c8 	.word	0x100078c8
20000b14:	10007490 	.word	0x10007490

20000b18 <__aeabi_idiv0>:
20000b18:	4770      	bx	lr
20000b1a:	46c0      	nop			@ (mov r8, r8)
20000b1c:	0000      	movs	r0, r0
	...

20000b20 <__unaligned_memcpy_veneer>:
20000b20:	b401      	push	{r0}
20000b22:	4802      	ldr	r0, [pc, #8]	@ (20000b2c <__unaligned_memcpy_veneer+0xc>)
20000b24:	4684      	mov	ip, r0
20000b26:	bc01      	pop	{r0}
20000b28:	4760      	bx	ip
20000b2a:	bf00      	nop
20000b2c:	10004885 	.word	0x10004885

20000b30 <____wrap_printf_veneer>:
20000b30:	b401      	push	{r0}
20000b32:	4802      	ldr	r0, [pc, #8]	@ (20000b3c <____wrap_printf_veneer+0xc>)
20000b34:	4684      	mov	ip, r0
20000b36:	bc01      	pop	{r0}
20000b38:	4760      	bx	ip
20000b3a:	bf00      	nop
20000b3c:	10003e25 	.word	0x10003e25

20000b40 <__panic_veneer>:
20000b40:	b401      	push	{r0}
20000b42:	4802      	ldr	r0, [pc, #8]	@ (20000b4c <__panic_veneer+0xc>)
20000b44:	4684      	mov	ip, r0
20000b46:	bc01      	pop	{r0}
20000b48:	4760      	bx	ip
20000b4a:	bf00      	nop
20000b4c:	100005f5 	.word	0x100005f5

20000b50 <__time_us_64_veneer>:
20000b50:	b401      	push	{r0}
20000b52:	4802      	ldr	r0, [pc, #8]	@ (20000b5c <__time_us_64_veneer+0xc>)
20000b54:	4684      	mov	ip, r0
20000b56:	bc01      	pop	{r0}
20000b58:	4760      	bx	ip
20000b5a:	bf00      	nop
20000b5c:	1000152d 	.word	0x1000152d

20000b60 <__tud_event_hook_cb_veneer>:
20000b60:	b401      	push	{r0}
20000b62:	4802      	ldr	r0, [pc, #8]	@ (20000b6c <__tud_event_hook_cb_veneer+0xc>)
20000b64:	4684      	mov	ip, r0
20000b66:	bc01      	pop	{r0}
20000b68:	4760      	bx	ip
20000b6a:	bf00      	nop
20000b6c:	10004b71 	.word	0x10004b71

20000b70 <____wrap___aeabi_lmul_veneer>:
20000b70:	b401      	push	{r0}
20000b72:	4802      	ldr	r0, [pc, #8]	@ (20000b7c <____wrap___aeabi_lmul_veneer+0xc>)
20000b74:	4684      	mov	ip, r0
20000b76:	bc01      	pop	{r0}
20000b78:	4760      	bx	ip
20000b7a:	bf00      	nop
20000b7c:	100027cd 	.word	0x100027cd

20000b80 <____wrap_memset_veneer>:
20000b80:	b401      	push	{r0}
20000b82:	4802      	ldr	r0, [pc, #8]	@ (20000b8c <____wrap_memset_veneer+0xc>)
20000b84:	4684      	mov	ip, r0
20000b86:	bc01      	pop	{r0}
20000b88:	4760      	bx	ip
20000b8a:	bf00      	nop
20000b8c:	10002941 	.word	0x10002941

20000b90 <__tu_fifo_write_veneer>:
20000b90:	b401      	push	{r0}
20000b92:	4802      	ldr	r0, [pc, #8]	@ (20000b9c <__tu_fifo_write_veneer+0xc>)
20000b94:	4684      	mov	ip, r0
20000b96:	bc01      	pop	{r0}
20000b98:	4760      	bx	ip
20000b9a:	bf00      	nop
20000b9c:	10006585 	.word	0x10006585

20000ba0 <__best_effort_wfe_or_timeout_veneer>:
20000ba0:	b401      	push	{r0}
20000ba2:	4802      	ldr	r0, [pc, #8]	@ (20000bac <__best_effort_wfe_or_timeout_veneer+0xc>)
20000ba4:	4684      	mov	ip, r0
20000ba6:	bc01      	pop	{r0}
20000ba8:	4760      	bx	ip
20000baa:	bf00      	nop
20000bac:	1000136d 	.word	0x1000136d

20000bb0 <__rp2040_chip_version_veneer>:
20000bb0:	b401      	push	{r0}
20000bb2:	4802      	ldr	r0, [pc, #8]	@ (20000bbc <__rp2040_chip_version_veneer+0xc>)
20000bb4:	4684      	mov	ip, r0
20000bb6:	bc01      	pop	{r0}
20000bb8:	4760      	bx	ip
20000bba:	bf00      	nop
20000bbc:	100005a1 	.word	0x100005a1

20000bc0 <____assert_func_veneer>:
20000bc0:	b401      	push	{r0}
20000bc2:	4802      	ldr	r0, [pc, #8]	@ (20000bcc <____assert_func_veneer+0xc>)
20000bc4:	4684      	mov	ip, r0
20000bc6:	bc01      	pop	{r0}
20000bc8:	4760      	bx	ip
20000bca:	bf00      	nop
20000bcc:	10003b4d 	.word	0x10003b4d

20000bd0 <striped_spin_lock_num>:
20000bd0:	00000010                                ....

20000bd4 <irq_handler_chain_slots>:
20000bd4:	00000000 	.word	0x00000000
20000bd8:	00010000 	.word	0x00010000
	...
20000be4:	00020000 	.word	0x00020000
	...
20000bf0:	00030000 	.word	0x00030000
	...
20000bfc:	00040000 	.word	0x00040000
	...
20000c08:	00050000 	.word	0x00050000
	...
20000c14:	00ff0000 	.word	0x00ff0000
20000c18:	00000000 	.word	0x00000000

20000c1c <irq_handler_chain_first_slot>:
20000c1c:	b501      	push	{r0, lr}
20000c1e:	6848      	ldr	r0, [r1, #4]
20000c20:	3101      	adds	r1, #1
20000c22:	468e      	mov	lr, r1
20000c24:	4700      	bx	r0

20000c26 <irq_handler_chain_remove_tail>:
20000c26:	4670      	mov	r0, lr
20000c28:	3809      	subs	r0, #9
20000c2a:	4901      	ldr	r1, [pc, #4]	@ (20000c30 <irq_handler_chain_remove_tail+0xa>)
20000c2c:	4788      	blx	r1
20000c2e:	bd01      	pop	{r0, pc}
20000c30:	10000aed 	.word	0x10000aed
20000c34:	00000000 	.word	0x00000000

20000c38 <last_added.0>:
20000c38:	ffffffff 7fffffff                       ........

20000c40 <default_alarm_pool>:
	...
20000c54:	20000cc0 00000000 00000000              ... ........

20000c60 <aeabi_bits_funcs>:
20000c60:	00003350 	.word	0x00003350
20000c64:	0000334c 	.word	0x0000334c
20000c68:	00003354 	.word	0x00003354
20000c6c:	00003352 	.word	0x00003352

20000c70 <aeabi_bits_funcs_end>:
20000c70:	0000534d 	.word	0x0000534d
20000c74:	0000434d 	.word	0x0000434d
20000c78:	00003453 	.word	0x00003453
20000c7c:	00003443 	.word	0x00003443

20000c80 <stdio_usb>:
20000c80:	100041c9 10003e51 10004129 10003e3d     .A..Q>..)A..=>..
20000c90:	00000000 00000100                       ........

20000c98 <_usbd_qdef>:
20000c98:	20001054 000c0010 00000000 00000000     T.. ............
	...

20000cb4 <_usbd_rhport>:
20000cb4:	000000ff                                ....

20000cb8 <print_mutex>:
	...
